"Building ID","Address","Zip","Cohort - Sector","Cohort - Size","Verification Year","Community Area Name","Community Area Number","Ward","Latitude","Longitude","Location"
"251626","4929 N Sawyer Ave","60625","Municipal","> 50,000 Sq Ft","2025","Albany Park","14","33","41.9711","-87.70939","(41.9711, -87.70939)"
"250014","2949 E 131st St","60633","Municipal","> 50,000 Sq Ft","2025","Hegewisch","55","10","41.65732","-87.55272","(41.65732, -87.55272)"
"105044","2018 2040 W Farwell Ave","60645","Residential","> 50,000 Sq Ft","2025","West Ridge","2","50","42.0088","-87.69503","(42.0088, -87.69503)"
"254316","2544 W Montrose Ave","60618","Commercial","> 50,000 Sq Ft","2027","Lincoln Square","4","47","41.94662","-87.70269","(41.94662, -87.70269)"
"251445","4619 S Wolcott Ave","60609","Municipal","> 50,000 Sq Ft","2025","New City","61","15","41.80974","-87.6719","(41.80974, -87.6719)"
"100730","525 W Van Buren","60607","Commercial","> 250,000 Sq Ft","2024","Near West Side","28","25","41.87631","-87.64018","(41.87631, -87.64018)"
"102946","7947  S South Chicago Ave","60617","Residential","> 50,000 Sq Ft","2026","South Chicago","46","8","41.72724","-87.55514","(41.72724, -87.55514)"
"160266","469 West Huron St","60654","Residential","> 250,000 Sq F","2027","Near North Side","8","42","41.89466","-87.64077","(41.89466, -87.64077)"
"251364","1424 N Cleaver Street","60642","Municipal","> 50,000 Sq Ft","2025","West Town","24","2","41.9075","-87.66398","(41.9075, -87.66398)"
"254064","1411 N State Pkwy","60610","Residential","> 50,000 Sq Ft","2025","Near North Side","8","43","41.88425","-87.63245","(41.88425, -87.63245)"
"254226","525 W Oakdale Ave","60657","Residential","> 50,000 Sq Ft","2025","Lake View","6","44","41.88425","-87.63245","(41.88425, -87.63245)"
"250090","3700 W Congress Pkwy","60624","Residential","> 50,000 Sq Ft","2027","East Garfield Park","27","28","41.87474","-87.71838","(41.87474, -87.71838)"
"140247","3443  W Addison St","60618","Commercial","> 50,000 Sq Ft","2027","Avondale","21","35","41.94672","-87.7032","(41.94672, -87.7032)"
"255947","27 N Aberdeen St","60607","Residential","> 50,000 Sq Ft","2025","Near West Side","28","25","41.88","-87.65484","(41.88, -87.65484)"
"172296","412  S Wells St","60607","Residential","> 50,000 Sq Ft","2025","Loop","32","25","41.87399","-87.65168","(41.87399, -87.65168)"
"172719","3940  W Bryn Mawr Ave","60659","Residential","> 50,000 Sq Ft","2025","North Park","13","39","41.99046","-87.70621","(41.99046, -87.70621)"
"256776","900 E Grand Ave","60611","Residential","> 50,000 Sq Ft","2026","Near North Side","8","42","41.89535","-87.62278","(41.89535, -87.62278)"
"241405","501 N Clinton St","60654","Residential","> 250,000 Sq F","2027","West Town","24","42","41.89102","-87.64219","(41.89102, -87.64219)"
"100417","4200 W 115th St","60655","Commercial","> 250,000 Sq Ft","2025","Mount Greenwood","74","19","41.6854","-87.72369","(41.6854, -87.72369)"
"158402","172 W Adams St","60603","Residential","> 50,000 Sq Ft","2026","Loop","32","42","41.87991","-87.63323","(41.87991, -87.63323)"
"250042","2245 W Jackson Blvd","60612","Municipal","> 250,000 Sq Ft","2025","Near West Side","28","27","41.87688","-87.68324","(41.87688, -87.68324)"
"252322","4938 W Quincy St","60644","Residential","> 50,000 Sq Ft","2025","Austin","25","28","41.87768","-87.74813","(41.87768, -87.74813)"
"251749","4055 W Arthington St","60624","Municipal","> 50,000 Sq Ft","2025","West Garfield Park","26","24","41.86972","-87.72684","(41.86972, -87.72684)"
"251867","1840 W Ohio St","60622","Municipal","> 50,000 Sq Ft","2027","West Town","24","1","41.8926","-87.67396","(41.8926, -87.67396)"
"251796","5050 S East End Ave","60615","Residential","> 50,000 Sq Ft","2025","Kenwood","39","5","41.80323","-87.58573","(41.80323, -87.58573)"
"254157","5114 N Christiana Ave","60625","Commercial","> 50,000 Sq Ft","2025","North Park","13","39","41.88425","-87.63245","(41.88425, -87.63245)"
"159893","6424 6444 S Stonyisland Ave","60637","Residential","> 50,000 Sq Ft","2026","Woodlawn","42","5","41.77785","-87.58641","(41.77785, -87.58641)"
"172608","1737 - 1829 W Fullerton Ave","60614","Commercial","> 50,000 Sq Ft","2027","Lincoln Park","7","32","41.92477","-87.67194","(41.92477, -87.67194)"
"251325","2311 N Racine Ave","60614","Commercial","> 50,000 Sq Ft","2027","Lincoln Park","7","43","41.9239","-87.65818","(41.9239, -87.65818)"
"242279","1100 N Lakeshore Dr","60611","Residential","> 50,000 Sq Ft","2027","Near North Side","8","2","41.9026","-87.62511","(41.9026, -87.62511)"
"158407","226 W Jackson Blvd","60606","Residential","> 50,000 Sq Ft","2025","Loop","32","42","41.87843","-87.63488","(41.87843, -87.63488)"
"100733","840 S Canal St","60607","Commercial","> 250,000 Sq Ft","2025","Near West Side","28","25","41.87094","-87.64013","(41.87094, -87.64013)"
"251732","3400 W 65th Place","60629","Municipal","> 50,000 Sq Ft","2025","Chicago Lawn","66","23","41.77475","-87.70858","(41.77475, -87.70858)"
"251627","6220 N Olcott Ave","60631","Municipal","> 50,000 Sq Ft","2025","Norwood Park","10","41","41.99398","-87.81421","(41.99398, -87.81421)"
"256729","6018 S Karlov Avenue","60629","Commercial","> 50,000 Sq Ft","2027","West Lawn","65","13","41.78269","-87.69868","(41.78269, -87.69868)"
"255022","505 N Green St","60642","Residential","> 50,000 Sq Ft","2024","West Town","24","27","41.89133","-87.64871","(41.89133, -87.64871)"
"255977","3905-29 N. Western Ave.","60618","Residential","> 50,000 Sq Ft","2025","North Center","5","47","41.88425","-87.63245","(41.88425, -87.63245)"
"251610","5120 N Winthrop Ave","60640","Municipal","> 50,000 Sq Ft","2025","Uptown","3","48","41.97579","-87.65807","(41.97579, -87.65807)"
"251379","2722 S King Dr","60616","Commercial","> 50,000 Sq Ft","2027","Douglas","35","4","41.8438","-87.61827","(41.8438, -87.61827)"
"251714","2103 N Lamon Ave","60639","Municipal","> 50,000 Sq Ft","2025","Belmont Cragin","19","36","41.91902","-87.74788","(41.91902, -87.74788)"
"254978","1101 W Waveland Ave","60613","Commercial","> 50,000 Sq Ft","2024","Lake View","6","44","41.94895","-87.65701","(41.94895, -87.65701)"
"137642","800 N Kedzie Ave","60651","Commercial","> 50,000 Sq Ft","2025","Humboldt Park","23","27","41.89704","-87.70774","(41.89704, -87.70774)"
"200849","2850 N Sheridan Rd","60657","Residential","> 50,000 Sq Ft","2025","Lake View","6","44","41.93394","-87.63964","(41.93394, -87.63964)"
"256673","4845-4859 N Harding","60625","Residential","> 50,000 Sq Ft","2026","Albany Park","14","39","41.88425","-87.63245","(41.88425, -87.63245)"
"252328","5630 N Sheridan Ave","60660","Residential","> 250,000 Sq F","2025","Edgewater","77","48","41.98475","-87.65522","(41.98475, -87.65522)"
"175581","360 N State St","60654","Commercial","> 50,000 Sq Ft","2027","Near North Side","8","42","41.88898","-87.62804","(41.88898, -87.62804)"
"105484","5220 5224 N Kenmore Ave","60640","Residential","> 50,000 Sq Ft","2025","Edgewater","77","48","41.97223","-87.6646","(41.97223, -87.6646)"
"252310","917 W Eastwood Ave","60640","Residential","> 50,000 Sq Ft","2025","Uptown","3","46","41.96636","-87.65328","(41.96636, -87.65328)"
"101868","300 S Wacker Dr","60606","Commercial","> 250,000 Sq Ft","2027","Loop","32","42","41.87767","-87.63713","(41.87767, -87.63713)"
"239042","400 N Lasalle St","60654","Residential","> 250,000 Sq F","2027","Near North Side","8","42","41.88963","-87.63339","(41.88963, -87.63339)"
"251285","6300 N Ridge Ave","60660","Commercial","> 250,000 Sq Ft","2027","West Ridge","2","40","41.99564","-87.67579","(41.99564, -87.67579)"
"174167","660 676 W Irving Park Rd","60613","Residential","> 50,000 Sq Ft","2025","Uptown","3","46","41.95402","-87.66203","(41.95402, -87.66203)"
"251563","2524 S Central Ave","60623","Municipal","> 50,000 Sq Ft","2025","Austin","25","29","41.86989","-87.76432","(41.86989, -87.76432)"
"257115","633 S La Salle St","60605","Municipal","> 50,000 Sq Ft","2025","Loop","32","34","41.86926","-87.62626","(41.86926, -87.62626)"
"160419","6400 N Sherdian Rd","60626","Residential","> 250,000 Sq F","2027","Rogers Park","1","49","41.99842","-87.66123","(41.99842, -87.66123)"
"175733","540 N Lasalle St","60654","Commercial","> 50,000 Sq Ft","2025","Near North Side","8","42","41.89187","-87.63264","(41.89187, -87.63264)"
"175477","1617 1633 W Belmont Ave","60657","Residential","> 50,000 Sq Ft","2025","Lake View","6","32","41.93985","-87.65845","(41.93985, -87.65845)"
"103656","222 Merchandise Mart Plz","60654","Commercial","> 250,000 Sq Ft","2023","Near North Side","8","42","41.88799","-87.63534","(41.88799, -87.63534)"
"256553","2335 N Lincoln Ave","60614","Residential","> 250,000 Sq F","2027","Lincoln Park","7","43","41.9222","-87.64961","(41.9222, -87.64961)"
"160451","50 E Chestnut St","60611","Residential","> 50,000 Sq Ft","2027","Near North Side","8","42","41.8986","-87.62618","(41.8986, -87.62618)"
"158405","250 S Wacker Dr","60606","Commercial","> 250,000 Sq Ft","2024","Loop","32","42","41.87844","-87.63728","(41.87844, -87.63728)"
"159594","451 W Wrightwood Ave","60614","Residential","> 50,000 Sq Ft","2025","Lincoln Park","7","43","41.93048","-87.64109","(41.93048, -87.64109)"
"252124","2666 E 73rd St","60649","Residential","> 50,000 Sq Ft","2025","South Shore","43","7","41.76453","-87.55975","(41.76453, -87.55975)"
"105938","5235 S Harper Ct","60615","Commercial","> 250,000 Sq Ft","2025","Hyde Park","41","4","41.80012","-87.58905","(41.80012, -87.58905)"
"152408","735 745 W Garfield Blvd","60621","Residential","> 50,000 Sq Ft","2025","Englewood","68","20","41.77613","-87.64069","(41.77613, -87.64069)"
"260083","6930 6950 S South Shore Dr","60649","Residential","> 50,000 Sq Ft","2025","South Shore","43","5","41.76259","-87.57232","(41.76259, -87.57232)"
"101815","4845 4859 N Magnolia Ave","60640","Residential","> 50,000 Sq Ft","2025","Uptown","3","46","41.97223","-87.6646","(41.97223, -87.6646)"
"114008","4950 N Marine Dr","60640","Residential","> 250,000 Sq F","2027","Uptown","3","48","41.97276","-87.65158","(41.97276, -87.65158)"
"147871","4418 4424 N Clark St","60640","Residential","> 50,000 Sq Ft","2025","Uptown","3","47","41.97223","-87.6646","(41.97223, -87.6646)"
"250054","4747 S Union Ave","60609","Municipal","> 250,000 Sq Ft","2025","New City","61","11","41.80752","-87.6421","(41.80752, -87.6421)"
"251536","1340 W 71st St","60636","Municipal","> 50,000 Sq Ft","2025","West Englewood","67","6","41.76532","-87.65837","(41.76532, -87.65837)"
"159651","352 360 W Wellington Ave","60657","Residential","> 50,000 Sq Ft","2025","Lake View","6","44","41.93692","-87.63911","(41.93692, -87.63911)"
"173708","2756 2760 N Pine Grove Ave","60614","Residential","> 50,000 Sq Ft","2025","Lincoln Park","7","43","41.92201","-87.65462","(41.92201, -87.65462)"
"103640","1 N Lasalle St","60602","Commercial","> 250,000 Sq Ft","2027","Loop","32","42","41.88232","-87.632","(41.88232, -87.632)"
"174323","410  S Morgan St","60607","Residential","> 50,000 Sq Ft","2025","Near West Side","28","25","41.87399","-87.65168","(41.87399, -87.65168)"
"128007","7248 7256 N Western Ave","60645","Residential","> 50,000 Sq Ft","2025","West Ridge","2","50","42.0088","-87.69503","(42.0088, -87.69503)"
"254077","3021 S Michigan Ave","60616","Residential","> 50,000 Sq Ft","2025","Douglas","35","3","41.84586","-87.62921","(41.84586, -87.62921)"
"101871","123 N Wacker","60606","Commercial","> 250,000 Sq Ft","2024","Loop","32","42","41.88412","-87.6365","(41.88412, -87.6365)"
"160414","32 W Randolph St","60601","Residential","> 50,000 Sq Ft","2026","Loop","32","42","41.88504","-87.629","(41.88504, -87.629)"
"175371","1783 1791 W Howard St","60626","Residential","> 50,000 Sq Ft","2025","Rogers Park","1","49","42.01036","-87.6683","(42.01036, -87.6683)"
"175357","610 N Fairbanks Ct","60611","Commercial","> 50,000 Sq Ft","2025","Near North Side","8","42","41.89279","-87.62029","(41.89279, -87.62029)"
"256797","1135 W Sheridan Rd","60660","Residential","> 50,000 Sq Ft","2025","Edgewater","77","48","41.88425","-87.63245","(41.88425, -87.63245)"
"250120","1401 S California Ave","60608","Commercial","> 50,000 Sq Ft","2027","North Lawndale","29","28","41.86251","-87.69576","(41.86251, -87.69576)"
"101804","401 N Michigan Ave","60611","Commercial","> 250,000 Sq Ft","2025","Near North Side","8","42","41.88961","-87.62298","(41.88961, -87.62298)"
"254225","1250 W 119th St","60643","Commercial","> 50,000 Sq Ft","2026","West Pullman","53","34","41.67769","-87.65285","(41.67769, -87.65285)"
"104261","500  W Belmont Ave","60657","Residential","> 50,000 Sq Ft","2025","Lake View","6","44","41.93985","-87.65845","(41.93985, -87.65845)"
"121038","163 W 87th St","60620","Commercial","> 50,000 Sq Ft","2025","Chatham","44","21","41.73499","-87.62901","(41.73499, -87.62901)"
"260116","3812  S Michigan Ave","60653","Residential","> 50,000 Sq Ft","2025","Douglas","35","3","41.82021","-87.61247","(41.82021, -87.61247)"
"253984","311 W Superior St","60654","Commercial","> 50,000 Sq Ft","2025","Near North Side","8","42","41.89158","-87.63784","(41.89158, -87.63784)"
"257113","210 N Aberdeen St","60607","Residential","> 250,000 Sq F","2025","Near West Side","28","27","41.88321","-87.65877","(41.88321, -87.65877)"
"172541","1631  S Michigan Ave","60616","Residential","> 50,000 Sq Ft","2025","Near South Side","33","3","41.8455","-87.63056","(41.8455, -87.63056)"
"113745","360 W Illinois St","60654","Residential","> 250,000 Sq F","2024","Near North Side","8","42","41.89076","-87.63753","(41.89076, -87.63753)"
"254012","4721 4729 S Ellis St","60615","Residential","> 50,000 Sq Ft","2025","Kenwood","39","4","41.80224","-87.60352","(41.80224, -87.60352)"
"254065","1345 S Wabash Ave","60605","Residential","> 50,000 Sq Ft","2025","Near South Side","33","3","41.86842","-87.62414","(41.86842, -87.62414)"
"175479","5856 5860 N Broadway","60660","Residential","> 50,000 Sq Ft","2025","Edgewater","77","48","41.9909","-87.66661","(41.9909, -87.66661)"
"257195","2128 S Tan Ct","60616","Residential","> 50,000 Sq Ft",,"Armour Square","34","11","41.84665","-87.62703","(41.84665, -87.62703)"
"101675","5615 N Cumberland Ave","60631","Commercial","> 250,000 Sq Ft","2025","Norwood Park","10","41","41.98187","-87.83561","(41.98187, -87.83561)"
"251394","6140 S Melvina Ave","60638","Municipal","> 50,000 Sq Ft","2025","Clearing","64","13","41.77825","-87.77899","(41.77825, -87.77899)"
"255004","3137 S Federal St","60616","Commercial","> 50,000 Sq Ft","2025","Douglas","35","3","41.83749","-87.62889","(41.83749, -87.62889)"
"252024","9535 S Loomis St","60643","Commercial","> 50,000 Sq Ft","2027","Washington Heights","73","21","41.72019","-87.65672","(41.72019, -87.65672)"
"251524","3630 S Wells St","60609","Municipal","> 50,000 Sq Ft","2025","Armour Square","34","11","41.82818","-87.63325","(41.82818, -87.63325)"
"102587","13100 S Carver Dr","60827","Municipal","> 250,000 Sq Ft","2025","Riverdale","54","9","41.65756","-87.59212","(41.65756, -87.59212)"
"156609","1360 N Ashland Ave","60622","Commercial","> 50,000 Sq Ft","2026","West Town","24","1","41.90656","-87.66882","(41.90656, -87.66882)"
"100448","198 E Delaware Pl","60611","Residential","> 250,000 Sq F","2026","Near North Side","8","2","41.89956","-87.62215","(41.89956, -87.62215)"
"159123","1516 N State Pkwy","60610","Residential","> 50,000 Sq Ft","2025","Near North Side","8","2","41.90998","-87.62926","(41.90998, -87.62926)"
"256831","2111 S Wabash Ave","60654","Residential","> 250,000 Sq F","2025","Near South Side","33","3","41.89238","-87.63491","(41.89238, -87.63491)"
"117311","6130  N Sheridan Rd","60660","Commercial","> 50,000 Sq Ft","2027","Edgewater","77","48","41.9909","-87.66661","(41.9909, -87.66661)"
"254387","707 N Wells St","60654","Residential","> 50,000 Sq Ft","2027","Near North Side","8","42","41.89217","-87.63414","(41.89217, -87.63414)"
"251561","1707 W Morse Ave","60626","Municipal","> 50,000 Sq Ft","2025","Rogers Park","1","49","42.00736","-87.67273","(42.00736, -87.67273)"
"160262","2960 S Federal St","60616","Residential","> 250,000 Sq F","2027","Douglas","35","3","41.84018","-87.62932","(41.84018, -87.62932)"
"172114","59 W North Blvd","60610","Commercial","> 50,000 Sq Ft","2025","Near North Side","8","2","41.91076","-87.63124","(41.91076, -87.63124)"
"254357","2012 W 17th St","60608","Residential","> 50,000 Sq Ft","2027","Near West Side","28","25","41.85935","-87.65347","(41.85935, -87.65347)"
"168367","600 S Federal St","60605","Commercial","> 250,000 Sq Ft","2027","Loop","32","4","41.8743","-87.62995","(41.8743, -87.62995)"
"257135","948 W Sunnyside Ave","60640","Residential","> 50,000 Sq Ft","2025","Uptown","3","46","41.96953","-87.65617","(41.96953, -87.65617)"
"175973","1940 1960 W Hood Ave","60660","Residential","> 50,000 Sq Ft","2025","West Ridge","2","40","41.9909","-87.66661","(41.9909, -87.66661)"
"251649","8716 S Wallace St","60620","Municipal","> 50,000 Sq Ft","2025","Auburn Gresham","71","21","41.73526","-87.63951","(41.73526, -87.63951)"
"251893","6525 N Hiawatha Ave","60646","Municipal","> 50,000 Sq Ft","2025","Forest Glen","12","41","41.99945","-87.76118","(41.99945, -87.76118)"
"252078","5025 S St Louis","60632","Commercial","> 50,000 Sq Ft","2025","Gage Park","63","14","41.80806","-87.71098","(41.80806, -87.71098)"
"114252","607  W Wrightwood Ave","60614","Residential","> 50,000 Sq Ft","2026","Lincoln Park","7","43","41.92201","-87.65462","(41.92201, -87.65462)"
"100395","7500 S Pulaski Ave","60652","Commercial","> 250,000 Sq Ft","2025","West Lawn","65","18","41.75629","-87.72224","(41.75629, -87.72224)"
"175334","51  N Central Ave","60644","Residential","> 50,000 Sq Ft","2025","Austin","25","29","41.88039","-87.75827","(41.88039, -87.75827)"
"251286","101 W Grand Ave","60654","Commercial","> 50,000 Sq Ft","2027","Near North Side","8","42","41.8916","-87.63123","(41.8916, -87.63123)"
"254513","625 W Division St","60610","Residential","> 250,000 Sq F","2027","Near North Side","8","27","41.90412","-87.63142","(41.90412, -87.63142)"
"160157","2545 W Diversey Ave","60647","Commercial","> 250,000 Sq Ft","2024","Logan Square","22","32","41.93163","-87.69189","(41.93163, -87.69189)"
"250138","500 E 51st St","60615","Commercial","> 250,000 Sq Ft","2025","Grand Boulevard","38","3","41.80217","-87.61399","(41.80217, -87.61399)"
"251943","1825 W Lawrence Ave","60640","Commercial","> 50,000 Sq Ft","2025","Lincoln Square","4","47","41.96854","-87.67576","(41.96854, -87.67576)"
"103628","1000 W Fulton St","60607","Commercial","> 250,000 Sq Ft","2027","Near West Side","28","27","41.88678","-87.65228","(41.88678, -87.65228)"
"113335","2024 2030 S Wabash Ave","60616","Residential","> 50,000 Sq Ft","2027","Near South Side","33","3","41.8455","-87.63056","(41.8455, -87.63056)"
"244102","800 S Wells St","60607","Commercial","> 250,000 Sq Ft","2025","Loop","32","25","41.87142","-87.63422","(41.87142, -87.63422)"
"255010","949 N Elston Ave","60642","Commercial","> 250,000 Sq Ft","2025","West Town","24","27","41.89963","-87.65662","(41.89963, -87.65662)"
"250002","2800 S Western Ave","60608","Commercial","> 250,000 Sq Ft","2025","Lower West Side","31","25","41.841","-87.68628","(41.841, -87.68628)"
"251555","4520 S Kedzie Ave","60632","Municipal","> 50,000 Sq Ft","2025","Brighton Park","58","14","41.81093","-87.70442","(41.81093, -87.70442)"
"113933","6927 6939 S Crandon Ave","60649","Residential","> 50,000 Sq Ft","2025","South Shore","43","5","41.76259","-87.57232","(41.76259, -87.57232)"
"251525","223 N Keeler Ave","60624","Municipal","> 50,000 Sq Ft","2025","West Garfield Park","26","28","41.88386","-87.73026","(41.88386, -87.73026)"
"121774","1232 W North Ave","60642","Commercial","> 50,000 Sq Ft","2025","West Town","24","2","41.91163","-87.65851","(41.91163, -87.65851)"
"255938","822 N Clark St","60610","Commercial","> 50,000 Sq Ft","2025","Near North Side","8","2","41.90563","-87.63224","(41.90563, -87.63224)"
"251677","3116 W Belden Ave","60647","Municipal","> 50,000 Sq Ft","2027","Logan Square","22","32","41.92353","-87.7053","(41.92353, -87.7053)"
"111633","2130  N Lincoln Park West","60614","Residential","> 50,000 Sq Ft","2025","Lincoln Park","7","43","41.92201","-87.65462","(41.92201, -87.65462)"
"251515","2801 W Adams","60612","Municipal","> 50,000 Sq Ft","2025","East Garfield Park","27","27","41.87832","-87.69631","(41.87832, -87.69631)"
"251373","2233 W Ohio St","60612","Municipal","> 50,000 Sq Ft","2025","West Town","24","26","41.89197","-87.68318","(41.89197, -87.68318)"
"175837","220  E Garfield Blvd","60615","Residential","> 50,000 Sq Ft","2025","Washington Heights","73","3","41.80224","-87.60333","(41.80224, -87.60333)"
"254015","5801 N Pulaski Rd - Bldg G","60646","Commercial","> 50,000 Sq Ft","2025","North Park","13","39","41.99959","-87.77148","(41.99959, -87.77148)"
"250109","4227 S Oakenwald Ave","60653","Residential","> 50,000 Sq Ft","2027","Oakland","36","4","41.81752","-87.59735","(41.81752, -87.59735)"
"157955","720 S Michigan Ave","60605","Residential","> 250,000 Sq F","2026","Loop","32","4","41.87251","-87.62511","(41.87251, -87.62511)"
"172145","6410 - 6428 S Dante Ave","60637","Commercial","> 50,000 Sq Ft","2027","Woodlawn","42","20","41.7778","-87.59018","(41.7778, -87.59018)"
"112622","5918  N Kenmore Ave","60660","Residential","> 50,000 Sq Ft","2025","Edgewater","77","48","41.9909","-87.66661","(41.9909, -87.66661)"
"252048","5801 S Ellis Ave","60637","Commercial","> 50,000 Sq Ft","2027","Hyde Park","41","5","41.78958","-87.60093","(41.78958, -87.60093)"
"159494","7262 W Peterson Ave","60631","Residential","> 250,000 Sq F","2025","Norwood Park","10","41","41.99091","-87.81067","(41.99091, -87.81067)"
"256528","710 W 14th St","60607","Residential","> 50,000 Sq Ft","2025","Near West Side","28","11","41.86387","-87.64682","(41.86387, -87.64682)"
"118872","2630 N Narragansett Ave","60639","Commercial","> 250,000 Sq Ft","2026","Belmont Cragin","19","36","41.92792","-87.78565","(41.92792, -87.78565)"
"134895","1357 1367 N Dearborn St","60610","Commercial","> 50,000 Sq Ft","2025","Near North Side","8","2","41.90754","-87.63005","(41.90754, -87.63005)"
"251289","1164 W Madison","60607","Residential","> 250,000 Sq F","2025","Near West Side","28","25","41.88195","-87.65691","(41.88195, -87.65691)"
"254570","7347 7365 Sheridan Rd","60626","Residential","> 50,000 Sq Ft","2025","Rogers Park","1","49","42.0066","-87.66729","(42.0066, -87.66729)"
"251686","8914 S Buffalo Ave","60617","Municipal","> 50,000 Sq Ft","2025","South Chicago","46","10","41.733","-87.54483","(41.733, -87.54483)"
"101551","301 E Cermak Rd","60616","Commercial","> 250,000 Sq Ft","2025","Armour Square","34","25","41.8526","-87.62055","(41.8526, -87.62055)"
"156772","401 S Lasalle St","60605","Commercial","> 50,000 Sq Ft","2025","Loop","32","4","41.87574","-87.63135","(41.87574, -87.63135)"
"256489","640 N Wells","60654","Residential","> 250,000 Sq F","2025","Near North Side","8","42","41.8915","-87.63469","(41.8915, -87.63469)"
"256574","7134 W 65th St","60638","Commercial","> 50,000 Sq Ft","2027","Clearing","64","23","41.78638","-87.77058","(41.78638, -87.77058)"
"172065","8101 8141 S Cicero Ave","60652","Commercial","> 50,000 Sq Ft","2027","Ashburn","70","18","41.74476","-87.74025","(41.74476, -87.74025)"
"239016","160 E Illinois St","60611","Residential","> 250,000 Sq F","2025","Near North Side","8","42","41.891","-87.62278","(41.891, -87.62278)"
"152378","4901 4913 S Drexel Blvd","60615","Residential","> 50,000 Sq Ft","2027","Kenwood","39","4","41.80224","-87.60333","(41.80224, -87.60333)"
"251560","3434 W 77th St","60652","Municipal","> 50,000 Sq Ft","2025","Ashburn","70","18","41.75376","-87.70893","(41.75376, -87.70893)"
"251502","5650 N Mozart St","60659","Municipal","> 50,000 Sq Ft","2025","West Ridge","2","40","41.98455","-87.70129","(41.98455, -87.70129)"
"114291","2912 2914 N Commonwealth Ave","60657","Residential","> 50,000 Sq Ft","2025","Lake View","6","44","41.93985","-87.65845","(41.93985, -87.65845)"
"100485","1900 1910 W Farwell Ave","60626","Residential","> 50,000 Sq Ft","2025","Rogers Park","1","49","42.01036","-87.6683","(42.01036, -87.6683)"
"160270","520 N Kingsbury St","60654","Residential","> 250,000 Sq F","2027","Near North Side","8","42","41.89102","-87.64009","(41.89102, -87.64009)"
"256676","560-648 W 16th Street","60616","Residential","> 50,000 Sq Ft","2026","Near West Side","28","25","41.88425","-87.63245","(41.88425, -87.63245)"
"255014","228 E Ontario St","60611","Residential","> 50,000 Sq Ft","2025","Near North Side","8","42","41.8934","-87.62146","(41.8934, -87.62146)"
"159419","2801 S King Dr","60616","Residential","> 250,000 Sq F","2027","Douglas","35","4","41.84364","-87.61673","(41.84364, -87.61673)"
"254043","4040 N Oakley St","60618","Residential","> 50,000 Sq Ft","2025","North Center","5","47","41.94662","-87.70269","(41.94662, -87.70269)"
"172055","6727 S California Ave","60629","Commercial","> 50,000 Sq Ft","2027","Chicago Lawn","66","17","41.77105","-87.69248","(41.77105, -87.69248)"
"158307","720 N Larrabee St","60654","Residential","> 250,000 Sq F","2024","Near North Side","8","42","41.89517","-87.64336","(41.89517, -87.64336)"
"251319","4660 W Irving Park Rd","60641","Commercial","> 50,000 Sq Ft","2027","Portage Park","15","45","41.95551","-87.74485","(41.95551, -87.74485)"
"251797","3534 W Van Buren","60624","Commercial","> 50,000 Sq Ft","2024","East Garfield Park","27","28","41.87544","-87.7142","(41.87544, -87.7142)"
"160355","1133 N Dearborn St","60610","Residential","> 250,000 Sq F","2027","Near North Side","8","2","41.90284","-87.62951","(41.90284, -87.62951)"
"251417","2745 W Roosevelt Rd","60608","Municipal","> 50,000 Sq Ft","2025","North Lawndale","29","28","41.86604","-87.69547","(41.86604, -87.69547)"
"252250","840 850 W Argyle St","60640","Residential","> 50,000 Sq Ft","2025","Uptown","3","48","41.97339","-87.65198","(41.97339, -87.65198)"
"102270","2700 2714 N Spaulding Ave","60647","Residential","> 50,000 Sq Ft","2027","Logan Square","22","35","41.92075","-87.70153","(41.92075, -87.70153)"
"235739","1000 N Lake Shore Plz","60611","Residential","> 250,000 Sq F","2027","Near North Side","8","42","41.90098","-87.62428","(41.90098, -87.62428)"
"110854","845  N Kingsbury","60610","Residential","> 50,000 Sq Ft","2025","Near North Side","8","27","41.90375","-87.63559","(41.90375, -87.63559)"
"173915","5500  S Shore Dr","60637","Residential","> 50,000 Sq Ft","2025","Hyde Park","41","5","41.78046","-87.60531","(41.78046, -87.60531)"
"243071","1620 S Michigan Ave","60616","Residential","> 250,000 Sq F","2026","Near South Side","33","3","41.85946","-87.6243","(41.85946, -87.6243)"
"254069","5924 N Lincoln Ave","60659","Residential","> 50,000 Sq Ft","2024","West Ridge","2","40","41.99047","-87.70487","(41.99047, -87.70487)"
"251316","1763 W Howard St","60626","Commercial","> 50,000 Sq Ft","2026","Rogers Park","1","49","42.01937","-87.67528","(42.01937, -87.67528)"
"117014","6045  W Grand Ave","60639","Commercial","> 50,000 Sq Ft","2025","Belmont Cragin","19","36","41.92039","-87.75617","(41.92039, -87.75617)"
"254114","3600 N Halsted St","60613","Residential","> 50,000 Sq Ft","2025","Lake View","6","44","41.9474","-87.64964","(41.9474, -87.64964)"
"250071","900 N Hudson","60610","Residential","> 50,000 Sq Ft","2027","Near North Side","8","27","41.89868","-87.64022","(41.89868, -87.64022)"
"256809","633 W North Ave","60610","Residential","> 250,000 Sq F","2027","Near North Side","8","2","41.90423","-87.63823","(41.90423, -87.63823)"
"156999","8101 S Lasalle St","60620","Municipal","> 50,000 Sq Ft","2025","Chatham","44","21","41.74666","-87.6276","(41.74666, -87.6276)"
"254362","2501 N Elston Ave","60647","Commercial","> 50,000 Sq Ft","2027","Logan Square","22","32","41.91724","-87.6849","(41.91724, -87.6849)"
"256430","3100 S Michigan Avenue","60616","Residential","> 50,000 Sq Ft","2025","Douglas","35","3","41.84233","-87.62715","(41.84233, -87.62715)"
"130949","1337 W 15th St","60608","Commercial","> 50,000 Sq Ft","2025","Near West Side","28","25","41.86126","-87.66083","(41.86126, -87.66083)"
"101226","1200  E 78th St","60619","Residential","> 50,000 Sq Ft","2025","Avalon Park","45","8","41.74401","-87.6055","(41.74401, -87.6055)"
"254034","1609 W Warren Blvd","60612","Residential","> 50,000 Sq Ft","2027","Near West Side","28","27","41.8812","-87.68664","(41.8812, -87.68664)"
"102238","444 W Fullerton Pkwy","60614","Residential","> 50,000 Sq Ft","2025","Lincoln Park","7","43","41.92555","-87.64131","(41.92555, -87.64131)"
"117024","1830  N Winchester Ave","60622","Residential","> 50,000 Sq Ft","2025","Logan Square","22","32","41.90225","-87.68448","(41.90225, -87.68448)"
"257200","6114 S Drexel Ave","60637","Commercial","> 50,000 Sq Ft",,"Woodlawn","42","20","41.78227","-87.60428","(41.78227, -87.60428)"
"158396","180 N Jefferson St","60661","Residential","> 250,000 Sq F","2027","Near West Side","28","42","41.88541","-87.64306","(41.88541, -87.64306)"
"256500","933 E 56th Street","60637","Commercial","> 50,000 Sq Ft","2027","Hyde Park","41","5","41.7805","-87.59849","(41.7805, -87.59849)"
"101263","900  W Argyle St","60640","Residential","> 50,000 Sq Ft","2025","Uptown","3","48","41.97223","-87.6646","(41.97223, -87.6646)"
"101929","200 S Michigan Ave","60604","Commercial","> 250,000 Sq Ft","2027","Loop","32","42","41.87931","-87.62492","(41.87931, -87.62492)"
"158365","600 N State St","60654","Residential","> 250,000 Sq F","2025","Near North Side","8","42","41.89287","-87.62858","(41.89287, -87.62858)"
"257192","918 W School Street","60657","Residential","> 50,000 Sq Ft","2025","Lake View","6","44","41.88323","-87.6324","(41.88323, -87.6324)"
"119071","1154 S Clark St","60605","Commercial","> 250,000 Sq Ft","2027","Loop","32","4","41.86826","-87.6311","(41.86826, -87.6311)"
"256080","3744-54 S Ellis Ave","60653","Residential","> 50,000 Sq Ft","2025","Oakland","36","4","41.88425","-87.63245","(41.88425, -87.63245)"
"251426","11411 S Eggleston Ave","60628","Municipal","> 50,000 Sq Ft","2025","Roseland","49","34","41.68639","-87.63336","(41.68639, -87.63336)"
"175120","984 N Milwaukee Ave","60642","Commercial","> 50,000 Sq Ft","2025","West Town","24","27","41.8994","-87.66143","(41.8994, -87.66143)"
"159739","4645 N Sherdian Rd","60640","Residential","> 50,000 Sq Ft","2027","Uptown","3","46","41.96665","-87.65417","(41.96665, -87.65417)"
"117390","220  S Damen Ave","60612","Residential","> 50,000 Sq Ft","2025","Near West Side","28","27","41.88112","-87.68649","(41.88112, -87.68649)"
"101090","4554  S Drexel Blvd","60653","Residential","> 50,000 Sq Ft","2025","Kenwood","39","4","41.82021","-87.61247","(41.82021, -87.61247)"
"132904","4801 W Peterson Ave","60646","Commercial","> 50,000 Sq Ft","2025","Forest Glen","12","39","41.98985","-87.74879","(41.98985, -87.74879)"
"166134","1200 S Lake Shore Dr","60605","Commercial","> 250,000 Sq Ft","2025","Near South Side","33","4","41.86762","-87.61363","(41.86762, -87.61363)"
"160070","777 N Michigan Ave","60611","Residential","> 250,000 Sq F","2024","Near North Side","8","2","41.89641","-87.62385","(41.89641, -87.62385)"
"139602","4541  N Sheridan Rd","60640","Residential","> 50,000 Sq Ft","2025","Uptown","3","46","41.97223","-87.6646","(41.97223, -87.6646)"
"160325","300 E 26th St","60616","Residential","> 50,000 Sq Ft","2025","Near South Side","33","4","41.84603","-87.62036","(41.84603, -87.62036)"
"107850","300 W Adams","60606","Commercial","> 250,000 Sq Ft","2025","Loop","32","42","41.87969","-87.63568","(41.87969, -87.63568)"
"250122","5145 N California Ave","60625","Commercial","> 250,000 Sq Ft","2027","Lincoln Square","4","40","41.97489","-87.69887","(41.97489, -87.69887)"
"257047","160 N Elizabeth St","60607","Residential","> 50,000 Sq Ft","2025","Near West Side","28","27","41.88321","-87.65877","(41.88321, -87.65877)"
"251513","3810 W 81st Place","60652","Municipal","> 50,000 Sq Ft","2025","Ashburn","70","18","41.74503","-87.71722","(41.74503, -87.71722)"
"102705","65  E Goethe St","60610","Residential","> 50,000 Sq Ft","2025","Near North Side","8","43","41.90375","-87.63559","(41.90375, -87.63559)"
"256567","1554 N Talman Ave","60622","Residential","> 50,000 Sq Ft","2027","West Town","24","1","41.90485","-87.68738","(41.90485, -87.68738)"
"251255","1235 S Prairie Ave","60605","Residential","> 250,000 Sq F","2024","Near South Side","33","3","41.86619","-87.62122","(41.86619, -87.62122)"
"243916","2930 N Sheridan Rd","60657","Residential","> 50,000 Sq Ft","2025","Lake View","6","44","41.93524","-87.63972","(41.93524, -87.63972)"
"256904","2344 S State St","60616","Residential","> 50,000 Sq Ft","2027","Near South Side","33","3","41.85284","-87.62862","(41.85284, -87.62862)"
"174294","351 W Hubbard St","60654","Commercial","> 50,000 Sq Ft","2025","Near North Side","8","42","41.88989","-87.63757","(41.88989, -87.63757)"
"160454","320 W Illinois St","60654","Residential","> 250,000 Sq F","2027","Near North Side","8","42","41.89078","-87.63643","(41.89078, -87.63643)"
"255757","1118 N State Street","60610","Residential","> 50,000 Sq Ft","2025","Near North Side","8","2","41.90563","-87.63224","(41.90563, -87.63224)"
"159892","5530 S Shore Dr","60637","Residential","> 50,000 Sq Ft","2025","Hyde Park","41","5","41.79469","-87.58046","(41.79469, -87.58046)"
"251360","950 W 33rd Pl","60608","Municipal","> 50,000 Sq Ft","2025","Bridgeport","60","11","41.83409","-87.65006","(41.83409, -87.65006)"
"256124","1515 W Webster Avenue","60614","Commercial","> 250,000 Sq Ft","2026","Lincoln Park","7","2","41.9222","-87.64961","(41.9222, -87.64961)"
"251406","11513 S Ada St","60643","Municipal","> 50,000 Sq Ft","2025","West Pullman","53","34","41.68468","-87.65547","(41.68468, -87.65547)"
"175551","11730 S Marshfield Ave","60643","Commercial","> 50,000 Sq Ft","2026","Morgan Park","75","34","41.68051","-87.66246","(41.68051, -87.66246)"
"251618","7529 S Constance Ave","60649","Municipal","> 50,000 Sq Ft","2025","South Shore","43","8","41.75771","-87.57931","(41.75771, -87.57931)"
"175276","7650  N Paulina St","60626","Residential","> 50,000 Sq Ft","2025","Rogers Park","1","49","42.01036","-87.6683","(42.01036, -87.6683)"
"242172","2 E Oak St","60611","Residential","> 250,000 Sq F","2027","Near North Side","8","42","41.90074","-87.6282","(41.90074, -87.6282)"
"101547","2525 S Michigan Ave","60616","Commercial","> 250,000 Sq Ft","2025","Near South Side","33","4","41.84675","-87.62134","(41.84675, -87.62134)"
"256538","2340 N California Ave","60647","Residential","> 50,000 Sq Ft","2027","Logan Square","22","1","41.92085","-87.70162","(41.92085, -87.70162)"
"175845","2451  W Howard St","60645","Residential","> 50,000 Sq Ft","2027","West Ridge","2","50","42.0088","-87.69503","(42.0088, -87.69503)"
"257205","9212 S Burley Ave","60617","Residential","> 50,000 Sq Ft",,"South Chicago","46","10","41.72634","-87.55785","(41.72634, -87.55785)"
"251583","1104 W 31st St","60608","Municipal","> 50,000 Sq Ft","2025","Bridgeport","60","11","41.83831","-87.65432","(41.83831, -87.65432)"
"238367","1300 N Lake Shore Dr","60610","Residential","> 250,000 Sq F","2027","Near North Side","8","43","41.90617","-87.62586","(41.90617, -87.62586)"
"256847","2071 N Southport Avenue","60614","Commercial","> 50,000 Sq Ft","2024","Lincoln Park","7","2","41.92194","-87.65474","(41.92194, -87.65474)"
"165659","2032 N Clybourn","60614","Commercial","> 50,000 Sq Ft","2025","Lincoln Park","7","2","41.91841","-87.66048","(41.91841, -87.66048)"
"126141","839 W 79th St","60620","Commercial","> 50,000 Sq Ft","2027","Auburn Gresham","71","17","41.75038","-87.64569","(41.75038, -87.64569)"
"124019","4734 N Cumberland Ave","60656","Commercial","> 50,000 Sq Ft","2026","Ohare","76","38","41.96565","-87.83682","(41.96565, -87.83682)"
"172685","4821 - 4951 W North Ave","60639","Commercial","> 50,000 Sq Ft","2027","Austin","25","37","41.90833","-87.74766","(41.90833, -87.74766)"
"255970","1109 W Washington","60607","Residential","> 50,000 Sq Ft","2027","Near West Side","28","27","41.88","-87.65484","(41.88, -87.65484)"
"173671","565 W Randolph St","60661","Commercial","> 50,000 Sq Ft","2027","Near West Side","28","42","41.88402","-87.64267","(41.88402, -87.64267)"
"111000","2740  W Armitage Ave","60647","Residential","> 50,000 Sq Ft","2027","Logan Square","22","1","41.92075","-87.70153","(41.92075, -87.70153)"
"175572","3525 W Peterson Ave","60659","Commercial","> 50,000 Sq Ft","2024","North Park","13","39","41.99027","-87.71702","(41.99027, -87.71702)"
"175995","11 W Quincy Ct","60604","Commercial","> 50,000 Sq Ft","2025","Loop","32","42","41.87874","-87.63099","(41.87874, -87.63099)"
"132533","1737-1747 N Elston Ave","60642","Commercial","> 50,000 Sq Ft","2025","West Town","24","2","41.91443","-87.66381","(41.91443, -87.66381)"
"251485","5500 W Madison St","60644","Municipal","> 50,000 Sq Ft",,"Austin","25","29","41.8809","-87.76377","(41.8809, -87.76377)"
"251221","211 W Wacker Dr","60606","Commercial","> 50,000 Sq Ft","2027","Loop","32","42","41.88651","-87.63456","(41.88651, -87.63456)"
"103733","8550 W Bryn Mawr Ave","60631","Commercial","> 250,000 Sq Ft","2024","Ohare","76","41","41.98108","-87.84029","(41.98108, -87.84029)"
"251278","1645 W Ogden","60612","Residential","> 250,000 Sq F","2027","Near West Side","28","28","41.87962","-87.66728","(41.87962, -87.66728)"
"250049","730 N Pulaski Rd","60624","Municipal","> 250,000 Sq Ft","2027","Humboldt Park","23","37","41.89388","-87.72666","(41.89388, -87.72666)"
"138730","5401 S Wentworth Ave","60609","Commercial","> 50,000 Sq Ft","2025","Fuller Park","37","3","41.79622","-87.6303","(41.79622, -87.6303)"
"118850","11045  S Wentworth","60628","Residential","> 50,000 Sq Ft","2025","Roseland","49","34","41.69755","-87.61478","(41.69755, -87.61478)"
"255946","171 N Aberdeen St","60607","Commercial","> 50,000 Sq Ft","2025","Near West Side","28","27","41.88","-87.65484","(41.88, -87.65484)"
"119689","303 W Erie St","60654","Commercial","> 50,000 Sq Ft","2027","Near North Side","8","42","41.89392","-87.63581","(41.89392, -87.63581)"
"251905","2010 N Central Park Ave","60647","Municipal","> 50,000 Sq Ft","2025","Logan Square","22","26","41.91775","-87.71713","(41.91775, -87.71713)"
"111959","2100  N Racine Ave","60614","Residential","> 50,000 Sq Ft","2025","Lincoln Park","7","2","41.92201","-87.65462","(41.92201, -87.65462)"
"129459","2430 N Halsted St","60614","Commercial","> 50,000 Sq Ft","2025","Lincoln Park","7","43","41.92651","-87.64916","(41.92651, -87.64916)"
"253966","1501 W Melrose St","60657","Commercial","> 50,000 Sq Ft","2025","Lake View","6","44","41.93986","-87.65846","(41.93986, -87.65846)"
"260051","3710  N Pine Grove Ave","60613","Residential","> 50,000 Sq Ft","2027","Lake View","6","46","41.95402","-87.66203","(41.95402, -87.66203)"
"131375","2828 N Clark St","60657","Commercial","> 50,000 Sq Ft","2027","Lake View","6","44","41.93377","-87.64632","(41.93377, -87.64632)"
"235970","5100 N Marine Dr","60640","Residential","> 250,000 Sq F","2027","Uptown","3","48","41.97565","-87.65245","(41.97565, -87.65245)"
"157997","407 415 S Dearborn St","60605","Residential","> 50,000 Sq Ft","2027","Loop","32","4","41.88981","-87.62933","(41.88981, -87.62933)"
"251683","1624 W 19th St","60608","Municipal","> 50,000 Sq Ft","2025","Lower West Side","31","25","41.85622","-87.66713","(41.85622, -87.66713)"
"240429","360 E Randolph St","60601","Residential","> 250,000 Sq F","2027","Loop","32","42","41.88482","-87.61796","(41.88482, -87.61796)"
"175474","300 S Ashland Ave","60607","Commercial","> 50,000 Sq Ft","2027","Near West Side","28","27","41.87759","-87.66767","(41.87759, -87.66767)"
"163266","4611 S Ellis Ave","60653","Residential","> 50,000 Sq Ft","2027","Kenwood","39","4","41.81118","-87.60082","(41.81118, -87.60082)"
"111157","3963  W Belmont Ave","60618","Residential","> 50,000 Sq Ft","2027","Avondale","21","30","41.94672","-87.7032","(41.94672, -87.7032)"
"113146","4101 4115 S Michigan Ave","60653","Residential","> 50,000 Sq Ft","2025","Grand Boulevard","38","3","41.82021","-87.61247","(41.82021, -87.61247)"
"256730","3930 E 105th Street","60617","Commercial","> 50,000 Sq Ft","2027","East Side","52","10","41.74246","-87.58007","(41.74246, -87.58007)"
"103677","150 N Riverside Plaza","60606","Commercial","> 250,000 Sq Ft","2027","Near West Side","28","42","41.88384","-87.63851","(41.88384, -87.63851)"
"128170","1301 1311 W Fletcher St","60657","Residential","> 50,000 Sq Ft","2025","Lake View","6","32","41.93885","-87.66172","(41.93885, -87.66172)"
"257059","741 N Wells St","60654","Residential","> 50,000 Sq Ft","2025","Near North Side","8","2","41.8924","-87.6338","(41.8924, -87.6338)"
"250052","3030 N Mobile Ave","60634","Municipal","> 250,000 Sq Ft","2025","Belmont Cragin","19","36","41.9356","-87.78434","(41.9356, -87.78434)"
"159983","7251 S South Shore Dr","60649","Residential","> 50,000 Sq Ft","2027","South Shore","43","7","41.76487","-87.56085","(41.76487, -87.56085)"
"160440","55 E Washington St","60602","Residential","> 250,000 Sq F","2025","Loop","32","42","41.88267","-87.6302","(41.88267, -87.6302)"
"254317","1740 N Maplewood","60647","Residential","> 50,000 Sq Ft","2025","Logan Square","22","1","41.92144","-87.7018","(41.92144, -87.7018)"
"254059","3210 W Arthington St","60624","Commercial","> 50,000 Sq Ft","2025","East Garfield Park","27","24","41.88082","-87.72347","(41.88082, -87.72347)"
"251723","2611 W 48th St","60632","Municipal","> 50,000 Sq Ft","2025","Brighton Park","58","14","41.80655","-87.68979","(41.80655, -87.68979)"
"158316","230 N Michigan Ave","60601","Residential","> 250,000 Sq F","2027","Loop","32","42","41.8866","-87.62501","(41.8866, -87.62501)"
"256806","3435 W Montrose Ave","60618","Residential","> 50,000 Sq Ft","2025","Irving Park","16","35","41.88425","-87.63245","(41.88425, -87.63245)"
"160392","1120 N Lasalle St","60610","Residential","> 50,000 Sq Ft","2025","Near North Side","8","27","41.90234","-87.63291","(41.90234, -87.63291)"
"156350","10 S Wabash Ave","60603","Residential","> 50,000 Sq Ft","2024","Loop","32","42","41.88148","-87.6262","(41.88148, -87.6262)"
"114861","1640  E 50th St","60615","Residential","> 50,000 Sq Ft","2025","Kenwood","39","5","41.80224","-87.60333","(41.80224, -87.60333)"
"254345","255 W 69th St","60621","Commercial","> 50,000 Sq Ft","2027","Greater Grand Crossing","69","6","41.77391","-87.63872","(41.77391, -87.63872)"
"102335","4302 4312 N Sheridan Rd","60613","Residential","> 50,000 Sq Ft","2025","Uptown","3","46","41.95402","-87.66203","(41.95402, -87.66203)"
"173907","1715 1733 E 53rd St","60615","Residential","> 50,000 Sq Ft","2027","Hyde Park","41","5","41.80224","-87.60333","(41.80224, -87.60333)"
"251790","5115 N Mont Clare Ave","60656","Commercial","> 50,000 Sq Ft","2026","Norwood Park","10","41","41.97393","-87.8043","(41.97393, -87.8043)"
"103605","515 N State St","60654","Commercial","> 250,000 Sq Ft","2026","Near North Side","8","42","41.89145","-87.62733","(41.89145, -87.62733)"
"257109","853 W Blackhawk St","60642","Residential","> 250,000 Sq F","2025","Near North Side","8","27","41.89441","-87.65955","(41.89441, -87.65955)"
"101891","224 S Michigan Ave","60604","Commercial","> 250,000 Sq Ft","2024","Loop","32","42","41.87862","-87.62489","(41.87862, -87.62489)"
"156549","601 S Lasalle St","60605","Commercial","> 50,000 Sq Ft","2025","Loop","32","4","41.87422","-87.63142","(41.87422, -87.63142)"
"105709","103 109 E Delaware Pl","60611","Residential","> 50,000 Sq Ft","2025","Near North Side","8","42","41.89579","-87.62248","(41.89579, -87.62248)"
"104789","2322 2326 N Commonwealth Ave","60614","Residential","> 50,000 Sq Ft","2026","Lincoln Park","7","43","41.92201","-87.65462","(41.92201, -87.65462)"
"103970","424  W Oakdale Ave","60657","Residential","> 50,000 Sq Ft","2025","Lake View","6","44","41.93985","-87.65845","(41.93985, -87.65845)"
"260077","901 905 W Argyle St","60640","Residential","> 50,000 Sq Ft","2025","Uptown","3","48","41.97223","-87.6646","(41.97223, -87.6646)"
"250056","211 S Laflin St","60607","Municipal","> 250,000 Sq Ft","2025","Near West Side","28","27","41.87826","-87.66366","(41.87826, -87.66366)"
"256802","4555 N Sheridan Rd","60640","Residential","> 50,000 Sq Ft","2024","Uptown","3","46","41.97596","-87.66962","(41.97596, -87.66962)"
"256835","1744 N Western Ave","60645","Residential","> 50,000 Sq Ft","2025","West Town","24","1","42.01223","-87.69301","(42.01223, -87.69301)"
"237384","1035 N Dearborn St","60610","Residential","> 50,000 Sq Ft","2025","Near North Side","8","2","41.90164","-87.62949","(41.90164, -87.62949)"
"251256","845 N State St","60610","Residential","> 250,000 Sq F","2024","Near North Side","8","2","41.89814","-87.62821","(41.89814, -87.62821)"
"101756","118 N Clark St","60602","Commercial","> 250,000 Sq Ft","2025","Loop","32","42","41.88385","-87.63168","(41.88385, -87.63168)"
"117115","1733 1735 W Irving Park Rd","60613","Residential","> 50,000 Sq Ft","2025","Lake View","6","47","41.95402","-87.66203","(41.95402, -87.66203)"
"159245","150 W Maple St","60610","Residential","> 250,000 Sq F","2027","Near North Side","8","27","41.90205","-87.63398","(41.90205, -87.63398)"
"159652","3500 N Lake Shore Dr","60657","Residential","> 50,000 Sq Ft","2027","Lake View","6","46","41.94699","-87.64247","(41.94699, -87.64247)"
"257029","808 N Wells St","60610","Residential","> 50,000 Sq Ft","2026","Near North Side","8","27","41.88425","-87.63245","(41.88425, -87.63245)"
"256081","650 E 38th Place","60653","Residential","> 50,000 Sq Ft","2024","Oakland","36","4","41.81823","-87.61081","(41.81823, -87.61081)"
"256424","10 W 31st Street","60616","Commercial","> 50,000 Sq Ft","2025","Douglas","35","3","41.84233","-87.62715","(41.84233, -87.62715)"
"102590","4627 4637 S Drexel Blvd","60653","Residential","> 50,000 Sq Ft","2025","Kenwood","39","4","41.82021","-87.61247","(41.82021, -87.61247)"
"236345","10 E Ontario St","60611","Residential","> 250,000 Sq F","2027","Near North Side","8","42","41.89332","-87.62772","(41.89332, -87.62772)"
"252021","1816 W Garfield Blvd","60609","Commercial","> 50,000 Sq Ft","2027","New City","61","16","41.79416","-87.67007","(41.79416, -87.67007)"
"256411","303 E Chicago Ave","60611","Commercial","> 250,000 Sq Ft","2027","Near North Side","8","2","41.89837","-87.62282","(41.89837, -87.62282)"
"130758","651  S Wells St","60607","Residential","> 50,000 Sq Ft","2025","Loop","32","25","41.87399","-87.65168","(41.87399, -87.65168)"
"251925","2219 N Kenmore Ave","60614","Commercial","> 50,000 Sq Ft","2027","Lincoln Park","7","43","41.92207","-87.65467","(41.92207, -87.65467)"
"175516","2617 2625 W Gunnison St","60625","Residential","> 50,000 Sq Ft","2025","Lincoln Square","4","40","41.97208","-87.70235","(41.97208, -87.70235)"
"252053","1020 - 1024 E 58th St","60637","Commercial","> 50,000 Sq Ft","2027","Hyde Park","41","5","41.78962","-87.59778","(41.78962, -87.59778)"
"174221","1617 - 1754 E 95th St","60617","Commercial","> 250,000 Sq Ft","2025","South Deering","51","7","41.72124","-87.58427","(41.72124, -87.58427)"
"173723","1260  N Astor St","60610","Residential","> 50,000 Sq Ft","2025","Near North Side","8","43","41.90375","-87.63559","(41.90375, -87.63559)"
"175431","5123 5135 S University Ave","60615","Residential","> 50,000 Sq Ft","2025","Hyde Park","41","5","41.80224","-87.60333","(41.80224, -87.60333)"
"102552","3127 3139 W Palmer St","60647","Residential","> 50,000 Sq Ft","2025","Logan Square","22","32","41.92075","-87.70153","(41.92075, -87.70153)"
"243690","400 E Randolph St","60601","Residential","> 250,000 Sq F","2027","Loop","32","42","41.88485","-87.6165","(41.88485, -87.6165)"
"256962","30 E Balbo Ave","60605","Residential","> 50,000 Sq Ft","2025","Loop","32","4","41.88425","-87.63245","(41.88425, -87.63245)"
"101828","6000  S Indiana Ave","60637","Residential","> 50,000 Sq Ft","2025","Washington Heights","73","20","41.78046","-87.60531","(41.78046, -87.60531)"
"255933","9 W Walton St","60610","Residential","> 250,000 Sq F","2026","Near North Side","8","2","41.90563","-87.63224","(41.90563, -87.63224)"
"160347","642 S Clark St","60605","Residential","> 50,000 Sq Ft","2027","Loop","32","4","41.87384","-87.6307","(41.87384, -87.6307)"
"117702","5400 S State St","60609","Municipal","> 50,000 Sq Ft","2025","Washington Park","40","3","41.79636","-87.62578","(41.79636, -87.62578)"
"101013","7320 7332 N Damen Ave","60645","Residential","> 50,000 Sq Ft","2027","Rogers Park","1","49","42.0088","-87.69503","(42.0088, -87.69503)"
"251222","2229 S Halsted St","60608","Commercial","> 50,000 Sq Ft","2025","Lower West Side","31","11","41.85176","-87.64626","(41.85176, -87.64626)"
"109413","550 558 W Surf St","60657","Residential","> 50,000 Sq Ft","2025","Lake View","6","44","41.93985","-87.65845","(41.93985, -87.65845)"
"251755","7345 N Washtenaw Ave","60645","Municipal","> 50,000 Sq Ft","2025","West Ridge","2","50","42.01509","-87.69645","(42.01509, -87.69645)"
"111893","120 N Racine Ave","60607","Municipal","> 50,000 Sq Ft","2026","Near West Side","28","27","41.88355","-87.65676","(41.88355, -87.65676)"
"105288","9000 S Exchange Ave","60617","Municipal","> 50,000 Sq Ft","2025","South Chicago","46","10","41.73179","-87.55268","(41.73179, -87.55268)"
"134735","5735 S Ellis Ave","60637","Commercial","> 50,000 Sq Ft","2027","Hyde Park","41","5","41.79059","-87.60102","(41.79059, -87.60102)"
"172797","888  S Michigan Ave","60605","Residential","> 50,000 Sq Ft","2025","Loop","32","4","41.86863","-87.62731","(41.86863, -87.62731)"
"175085","1310 1316 E Hyde Park Blvd","60615","Residential","> 50,000 Sq Ft","2025","Kenwood","39","4","41.80224","-87.60333","(41.80224, -87.60333)"
"157458","6 N Hamlin Blvd","60624","Residential","> 50,000 Sq Ft","2027","West Garfield Park","26","28","41.88114","-87.72104","(41.88114, -87.72104)"
"103641","33 N Lasalle St","60602","Commercial","> 250,000 Sq Ft","2027","Loop","32","42","41.88286","-87.63205","(41.88286, -87.63205)"
"172177","1551 W 95th St","60643","Commercial","> 50,000 Sq Ft","2025","Washington Heights","73","21","41.72084","-87.66216","(41.72084, -87.66216)"
"173625","600 W Jackson Blvd","60661","Commercial","> 50,000 Sq Ft","2025","Near West Side","28","42","41.87802","-87.64319","(41.87802, -87.64319)"
"156373","225 W Ohio St","60654","Commercial","> 50,000 Sq Ft","2027","Near North Side","8","42","41.89234","-87.63534","(41.89234, -87.63534)"
"101980","30 E Lake St","60601","Commercial","> 250,000 Sq Ft","2025","Loop","32","42","41.88607","-87.62686","(41.88607, -87.62686)"
"256799","51 E 14th St","60605","Residential","> 50,000 Sq Ft","2027","Near South Side","33","3","41.86926","-87.62626","(41.86926, -87.62626)"
"254080","521 N Rush St","60611","Residential","> 250,000 Sq F","2024","Near North Side","8","42","41.89579","-87.62247","(41.89579, -87.62247)"
"103409","7733  S South Shore Dr","60649","Residential","> 50,000 Sq Ft","2025","South Shore","43","7","41.76259","-87.57232","(41.76259, -87.57232)"
"158361","30 E Hubbard St","60611","Residential","> 50,000 Sq Ft","2027","Near North Side","8","42","41.89032","-87.62762","(41.89032, -87.62762)"
"103711","2 N Lasalle St","60602","Commercial","> 250,000 Sq Ft","2027","Loop","32","42","41.88231","-87.6328","(41.88231, -87.6328)"
"251642","1420 W Grace St","60613","Municipal","> 50,000 Sq Ft","2025","Lake View","6","44","41.95097","-87.66505","(41.95097, -87.66505)"
"241820","222 N Columbus Dr","60601","Residential","> 250,000 Sq F","2027","Loop","32","42","41.88658","-87.62153","(41.88658, -87.62153)"
"242605","850 N Dewitt Pl","60611","Residential","> 250,000 Sq F","2027","Near North Side","8","2","41.89826","-87.62073","(41.89826, -87.62073)"
"251719","3020 N Lamon Ave","60641","Municipal","> 50,000 Sq Ft","2025","Belmont Cragin","19","31","41.9356","-87.74995","(41.9356, -87.74995)"
"251260","3170 N Sheridan Rd","60657","Residential","> 250,000 Sq F","2024","Lake View","6","44","41.93973","-87.64","(41.93973, -87.64)"
"251384","2910 W Washington Blvd","60612","Municipal","> 50,000 Sq Ft","2025","East Garfield Park","27","27","41.88329","-87.69946","(41.88329, -87.69946)"
"240752","200 N Dearborn St","60601","Residential","> 250,000 Sq F","2027","Loop","32","42","41.88604","-87.62982","(41.88604, -87.62982)"
"146962","1440  S Wabash Ave","60605","Residential","> 50,000 Sq Ft","2027","Near South Side","33","3","41.86863","-87.62731","(41.86863, -87.62731)"
"118700","4555 S Western Blvd","60609","Commercial","> 50,000 Sq Ft","2025","New City","61","12","41.811","-87.6839","(41.811, -87.6839)"
"135103","6 W Hubbard St","60654","Commercial","> 50,000 Sq Ft","2027","Near North Side","8","42","41.8901","-87.62836","(41.8901, -87.62836)"
"252320","1353 & 1357 S Blue Island Ave","60608","Residential","> 50,000 Sq Ft","2025","Near West Side","28","25","41.86418","-87.65573","(41.86418, -87.65573)"
"142710","6200 6248 N Clark St","60660","Residential","> 50,000 Sq Ft","2027","Edgewater","77","40","41.9909","-87.66661","(41.9909, -87.66661)"
"101724","435 N Michigan Ave","60611","Residential","> 250,000 Sq F","2025","Near North Side","8","42","41.89029","-87.62406","(41.89029, -87.62406)"
"101691","2701 2711 N Mildred Ave","60614","Residential","> 50,000 Sq Ft","2025","Lincoln Park","7","43","41.92201","-87.65462","(41.92201, -87.65462)"
"158095","8755 W Higgins Rd","60631","Commercial","> 250,000 Sq Ft","2025","Ohare","76","41","41.98655","-87.8455","(41.98655, -87.8455)"
"172592","4628 - 4650 W Diversey Ave","60639","Commercial","> 50,000 Sq Ft","2025","Hermosa","20","31","41.93162","-87.7426","(41.93162, -87.7426)"
"111452","1301 1309 W Washington Blvd","60607","Residential","> 50,000 Sq Ft","2025","Near West Side","28","27","41.87399","-87.65168","(41.87399, -87.65168)"
"254023","831 43 W Adams St","60607","Residential","> 50,000 Sq Ft","2025","Near West Side","28","25","41.8743","-87.65018","(41.8743, -87.65018)"
"136487","800 E 55th St","60615","Commercial","> 50,000 Sq Ft","2026","Hyde Park","41","5","41.79554","-87.60569","(41.79554, -87.60569)"
"101735","101 N State St E","60602","Commercial","> 250,000 Sq Ft","2027","Loop","32","42","41.88334","-87.62785","(41.88334, -87.62785)"
"257096","5753 N Broadway","60660","Residential","> 50,000 Sq Ft",,"Edgewater","77","48","41.99106","-87.6676","(41.99106, -87.6676)"
"173766","3314  N Lake Shore Dr","60657","Residential","> 50,000 Sq Ft","2025","Lake View","6","44","41.93985","-87.65845","(41.93985, -87.65845)"
"251741","3010 S Parnell Ave","60616","Municipal","> 50,000 Sq Ft","2025","Bridgeport","60","11","41.83942","-87.64076","(41.83942, -87.64076)"
"256639","619 S Lasalle","60605","Residential","> 50,000 Sq Ft","2026","Loop","32","34","41.86949","-87.62586","(41.86949, -87.62586)"
"250102","2111 N Halsted St","60614","Residential","> 50,000 Sq Ft","2027","Lincoln Park","7","43","41.92027","-87.64782","(41.92027, -87.64782)"
"244931","130 S Canal St","60606","Residential","> 250,000 Sq F","2027","Near West Side","28","42","41.87963","-87.64039","(41.87963, -87.64039)"
"254356","161 W 9th St","60605","Commercial","> 50,000 Sq Ft","2025","Loop","32","25","41.86821","-87.62733","(41.86821, -87.62733)"
"251771","1333 N Kingsbury","60642","Commercial","> 50,000 Sq Ft","2026","Near North Side","8","27","41.90602","-87.64946","(41.90602, -87.64946)"
"256775","10355 S Woodlawn Ave","60628","Municipal","> 50,000 Sq Ft","2025","Pullman","50","9","41.68176","-87.636","(41.68176, -87.636)"
"103312","199  E Lake Shore Dr","60611","Residential","> 50,000 Sq Ft","2025","Near North Side","8","2","41.89579","-87.62248","(41.89579, -87.62248)"
"175219","7834 7844  S Ellis Ave","60619","Residential","> 50,000 Sq Ft","2025","Greater Grand Crossing","69","8","41.74401","-87.6055","(41.74401, -87.6055)"
"160323","1 E 8th St","60605","Residential","> 250,000 Sq F","2027","Loop","32","4","41.87137","-87.62709","(41.87137, -87.62709)"
"159534","420 E Ohio St","60611","Residential","> 250,000 Sq F","2025","Near North Side","8","42","41.89286","-87.61664","(41.89286, -87.61664)"
"257219","205 W Superior St","60654","Commercial","> 50,000 Sq Ft",,"Near North Side","8","42","41.89241","-87.63461","(41.89241, -87.63461)"
"252069","11 W 26th St","60616","Residential","> 50,000 Sq Ft","2025","Douglas","35","3","41.84555","-87.62732","(41.84555, -87.62732)"
"101978","42 46 N Waller Ave","60644","Residential","> 50,000 Sq Ft","2025","Austin","25","29","41.88039","-87.75827","(41.88039, -87.75827)"
"101549","400 S Lasalle St","60605","Commercial","> 250,000 Sq Ft","2024","Loop","32","4","41.87646","-87.63221","(41.87646, -87.63221)"
"251582","4214 S St Lawrence Ave","60653","Municipal","> 50,000 Sq Ft","2025","Grand Boulevard","38","4","41.81807","-87.61229","(41.81807, -87.61229)"
"172788","3440  S Cottage Grove Ave","60616","Residential","> 50,000 Sq Ft","2025","Douglas","35","4","41.8455","-87.63056","(41.8455, -87.63056)"
"120218","4650 W North Ave","60639","Commercial","> 50,000 Sq Ft","2027","Austin","25","37","41.90971","-87.74266","(41.90971, -87.74266)"
"252037","5530 S Ellis Ave","60637","Commercial","> 50,000 Sq Ft","2027","Hyde Park","41","5","41.79446","-87.60138","(41.79446, -87.60138)"
"244426","125 S Jefferson St","60661","Residential","> 250,000 Sq F","2025","Near West Side","28","42","41.87993","-87.64207","(41.87993, -87.64207)"
"175891","6730   South Shore Dr","60649","Residential","> 50,000 Sq Ft","2025","South Shore","43","5","41.76259","-87.57232","(41.76259, -87.57232)"
"250057","641 W 63rd St","60621","Municipal","> 50,000 Sq Ft","2027","Englewood","68","20","41.77978","-87.64125","(41.77978, -87.64125)"
"256407","340 E Superior Street","60611","Commercial","> 50,000 Sq Ft","2027","Near North Side","8","2","41.89837","-87.62282","(41.89837, -87.62282)"
"103317","27 39 E Cedar St","60611","Residential","> 50,000 Sq Ft","2025","Near North Side","8","42","41.89579","-87.62248","(41.89579, -87.62248)"
"175365","2247 N Halstead Ave","60614","Commercial","> 50,000 Sq Ft","2027","Lincoln Park","7","43","41.92266","-87.64864","(41.92266, -87.64864)"
"242586","250 270 E Pearson St","60611","Residential","> 250,000 Sq F","2026","Near North Side","8","2","41.89789","-87.61881","(41.89789, -87.61881)"
"158236","1 W Wacker Dr","60601","Residential","> 250,000 Sq F","2027","Loop","32","42","41.88631","-87.62835","(41.88631, -87.62835)"
"175258","2900 2914 N Mildred Ave","60657","Residential","> 50,000 Sq Ft","2026","Lake View","6","44","41.93985","-87.65845","(41.93985, -87.65845)"
"157614","50 E 16th St","60616","Residential","> 250,000 Sq F","2027","Near South Side","33","3","41.86024","-87.62517","(41.86024, -87.62517)"
"245071","1440 N Lakeshore Dr","60610","Residential","> 250,000 Sq F","2025","Near North Side","8","43","41.909","-87.62664","(41.909, -87.62664)"
"175978","6700  S Keating Ave","60629","Commercial","> 50,000 Sq Ft","2025","West Lawn","65","13","41.77517","-87.7139","(41.77517, -87.7139)"
"104285","528 534 W Aldine Ave","60657","Residential","> 50,000 Sq Ft","2025","Lake View","6","44","41.93985","-87.65845","(41.93985, -87.65845)"
"254329","901 S Plymouth Ct","60605","Residential","> 50,000 Sq Ft","2027","Loop","32","4","41.86821","-87.62733","(41.86821, -87.62733)"
"252067","3311 S Michigan Ave","60616","Commercial","> 50,000 Sq Ft","2027","Douglas","35","3","41.83417","-87.62294","(41.83417, -87.62294)"
"251910","2021 N Point St","60647","Municipal","> 50,000 Sq Ft","2027","Logan Square","22","1","41.91821","-87.69423","(41.91821, -87.69423)"
"105340","531 535 W Deming Pl","60614","Residential","> 50,000 Sq Ft","2025","Lincoln Park","7","43","41.92201","-87.65462","(41.92201, -87.65462)"
"106819","5015 S Blackstone Ave","60615","Municipal","> 250,000 Sq Ft","2025","Kenwood","39","4","41.80365","-87.59047","(41.80365, -87.59047)"
"251450","8540 S Cregier Ave","60617","Municipal","> 50,000 Sq Ft","2025","Avalon Park","45","8","41.73952","-87.58065","(41.73952, -87.58065)"
"251235","110 E Delaware","60611","Residential","> 50,000 Sq Ft","2026","Near North Side","8","42","41.89921","-87.62541","(41.89921, -87.62541)"
"116122","4520  N Clarendon Ave","60640","Residential","> 50,000 Sq Ft","2027","Uptown","3","46","41.97223","-87.6646","(41.97223, -87.6646)"
"251687","1423 W Bryn Mawr Ave","60660","Municipal","> 50,000 Sq Ft","2025","Edgewater","77","48","41.98305","-87.66613","(41.98305, -87.66613)"
"102809","5101 5111 N Winchester Ave","60640","Residential","> 50,000 Sq Ft","2025","Lincoln Square","4","40","41.97223","-87.6646","(41.97223, -87.6646)"
"121102","1333 W Belmont Ave","60657","Commercial","> 50,000 Sq Ft","2027","Lake View","6","32","41.93972","-87.66227","(41.93972, -87.66227)"
"255191","1027 East 57th Street","60637","Commercial","> 50,000 Sq Ft","2027","Hyde Park","41","5","41.78399","-87.61554","(41.78399, -87.61554)"
"244791","450 E Waterside Dr","60601","Residential","> 250,000 Sq F","2027","Loop","32","42","41.88716","-87.61537","(41.88716, -87.61537)"
"162325","860 N Lasalle St","60610","Commercial","> 50,000 Sq Ft","2027","Near North Side","8","2","41.89853","-87.63353","(41.89853, -87.63353)"
"103804","190 N State St","60601","Commercial","> 50,000 Sq Ft","2025","Loop","32","42","41.88541","-87.62844","(41.88541, -87.62844)"
"106618","215 W Washington St","60606","Residential","> 250,000 Sq F","2027","Loop","32","42","41.88322","-87.63452","(41.88322, -87.63452)"
"159537","300 E Ohio St","60611","Residential","> 250,000 Sq F","2026","Near North Side","8","42","41.8928","-87.61981","(41.8928, -87.61981)"
"257074","4713 N Western Ave","60625","Residential","> 50,000 Sq Ft",,"Lincoln Square","4","47","41.97178","-87.6906","(41.97178, -87.6906)"
"113158","2001  S Calumet Ave","60616","Residential","> 50,000 Sq Ft","2025","Near South Side","33","3","41.8455","-87.63056","(41.8455, -87.63056)"
"104710","4645  W Belmont Ave","60641","Residential","> 50,000 Sq Ft","2027","Belmont Cragin","19","31","41.94615","-87.74708","(41.94615, -87.74708)"
"251210","10450 S Michigan Ave","60628","Commercial","> 50,000 Sq Ft","2024","Roseland","49","9","41.70391","-87.62123","(41.70391, -87.62123)"
"160241","500 E 33rd St","60616","Residential","> 250,000 Sq F","2027","Douglas","35","4","41.83492","-87.61418","(41.83492, -87.61418)"
"256548","202 W Hill Street","60610","Residential","> 250,000 Sq F","2026","Near North Side","8","27","41.90494","-87.63595","(41.90494, -87.63595)"
"130726","766 778 W Jackson Blvd","60661","Residential","> 50,000 Sq Ft","2025","Near West Side","28","27","41.87826","-87.64675","(41.87826, -87.64675)"
"157988","65 W Jackson Blvd","60604","Residential","> 250,000 Sq F","2026","Loop","32","4","41.87787","-87.63002","(41.87787, -87.63002)"
"101867","125 S Wacker Dr","60606","Commercial","> 250,000 Sq Ft","2027","Loop","32","42","41.87973","-87.63641","(41.87973, -87.63641)"
"113026","1909 1935 S State St","60616","Residential","> 50,000 Sq Ft","2027","Near South Side","33","3","41.8455","-87.63056","(41.8455, -87.63056)"
"255921","2535 S Dr Martin Luther King Jr Dr","60616","Commercial","> 50,000 Sq Ft","2024","Near South Side","33","4","41.85569","-87.62849","(41.85569, -87.62849)"
"257220","1880 N Milwaukee Ave","60647","Commercial","> 50,000 Sq Ft",,"Logan Square","22","32","41.91955","-87.70069","(41.91955, -87.70069)"
"101799","200 S Wacker Dr","60606","Commercial","> 250,000 Sq Ft","2025","Loop","32","42","41.87902","-87.63734","(41.87902, -87.63734)"
"256532","1025 W Addison St","60613","Residential","> 250,000 Sq F","2026","Lake View","6","44","41.95163","-87.65928","(41.95163, -87.65928)"
"253962","621 S Plymouth Ct","60605","Residential","> 50,000 Sq Ft","2025","Loop","32","4","41.86842","-87.62414","(41.86842, -87.62414)"
"101795","541 N Fairbanks","60611","Commercial","> 250,000 Sq Ft","2027","Near North Side","8","42","41.89222","-87.61972","(41.89222, -87.61972)"
"156871","850 858 N Lakeshore Dr","60611","Residential","> 250,000 Sq F","2025","Near North Side","8","2","41.89818","-87.61803","(41.89818, -87.61803)"
"109550","1217 1227 W Lunt Ave","60626","Residential","> 50,000 Sq Ft","2025","Rogers Park","1","49","42.01036","-87.6683","(42.01036, -87.6683)"
"257072","21 N May St","60607","Residential","> 50,000 Sq Ft","2025","Near West Side","28","25","41.88321","-87.65877","(41.88321, -87.65877)"
"254046","840 846 W Ainslie St","60640","Residential","> 50,000 Sq Ft","2025","Uptown","3","48","41.97265","-87.66491","(41.97265, -87.66491)"
"172385","212 S Francisco Ave","60612","Commercial","> 50,000 Sq Ft","2025","East Garfield Park","27","27","41.87772","-87.69919","(41.87772, -87.69919)"
"160436","747 N Wabash Ave","60611","Residential","> 250,000 Sq F","2027","Near North Side","8","42","41.89639","-87.62646","(41.89639, -87.62646)"
"238480","5455 N Sheridan Rd","60640","Residential","> 250,000 Sq F","2027","Edgewater","77","48","41.98163","-87.6545","(41.98163, -87.6545)"
"257131","1357 W Roosevelt Rd","60608","Residential","> 50,000 Sq Ft",,"Near West Side","28","25","41.85936","-87.65646","(41.85936, -87.65646)"
"251279","2727 W Roscoe St","60618","Commercial","> 50,000 Sq Ft","2025","Avondale","21","33","41.94235","-87.69689","(41.94235, -87.69689)"
"158099","5530 W Homer St","60639","Commercial","> 50,000 Sq Ft","2026","Austin","25","37","41.91589","-87.76459","(41.91589, -87.76459)"
"256646","51 E 14th Street","60605","Residential","> 50,000 Sq Ft","2025","Near South Side","33","3","41.88425","-87.63245","(41.88425, -87.63245)"
"172379","200 210 S Halsted St","60661","Commercial","> 50,000 Sq Ft","2027","Near West Side","28","27","41.8788","-87.6473","(41.8788, -87.6473)"
"158867","1642 E 56th St","60637","Residential","> 250,000 Sq F","2027","Hyde Park","41","5","41.79382","-87.58493","(41.79382, -87.58493)"
"101682","8750 W Bryn Mawr Ave","60631","Commercial","> 250,000 Sq Ft","2026","Ohare","76","41","41.98305","-87.84428","(41.98305, -87.84428)"
"251911","2345 S Millard Ave","60623","Municipal","> 50,000 Sq Ft","2026","South Lawndale","30","22","41.84838","-87.71571","(41.84838, -87.71571)"
"101910","160 N Lasalle St","60601","Commercial","> 250,000 Sq Ft","2024","Loop","32","42","41.88474","-87.6325","(41.88474, -87.6325)"
"257209","1010 S Wells St","60607","Residential","> 250,000 Sq F",,"Loop","32","34","41.87657","-87.65471","(41.87657, -87.65471)"
"157599","1530 S State St","60605","Residential","> 250,000 Sq F","2027","Near South Side","33","3","41.86096","-87.62808","(41.86096, -87.62808)"
"116715","1801  S Wabash Ave","60616","Residential","> 50,000 Sq Ft","2025","Near South Side","33","3","41.8455","-87.63056","(41.8455, -87.63056)"
"251490","6311 S Calumet Ave","60637","Municipal","> 50,000 Sq Ft","2025","Greater Grand Crossing","69","20","41.77997","-87.61674","(41.77997, -87.61674)"
"173615","1 5 N Wabash Ave","60602","Residential","> 50,000 Sq Ft","2025","Loop","32","42","41.88319","-87.62869","(41.88319, -87.62869)"
"255002","3857 S Dr Martin L King Jr Dr","60653","Commercial","> 50,000 Sq Ft","2027","Douglas","35","4","41.81493","-87.61847","(41.81493, -87.61847)"
"161103","618 S Michigan Ave","60605","Commercial","> 50,000 Sq Ft","2027","Loop","32","42","41.87381","-87.6248","(41.87381, -87.6248)"
"251581","8045 S Kenwood Ave","60619","Municipal","> 50,000 Sq Ft","2025","Avalon Park","45","8","41.74849","-87.59133","(41.74849, -87.59133)"
"160321","345 E Wacker Dr","60601","Residential","> 250,000 Sq F","2027","Loop","32","42","41.88725","-87.61855","(41.88725, -87.61855)"
"257154","4144 N Sheridan","60613","Residential","> 50,000 Sq Ft","2027","Uptown","3","46","41.88323","-87.6324","(41.88323, -87.6324)"
"251315","2550 N Clybourn St","60614","Commercial","> 50,000 Sq Ft","2026","Lincoln Park","7","32","41.92778","-87.67299","(41.92778, -87.67299)"
"235845","1122 N Clark St","60610","Residential","> 250,000 Sq F","2027","Near North Side","8","2","41.90238","-87.63184","(41.90238, -87.63184)"
"160450","840 W Blackhawk St","60642","Residential","> 250,000 Sq F","2025","Near North Side","8","2","41.90856","-87.64974","(41.90856, -87.64974)"
"160198","636 S Michigan Ave","60605","Residential","> 250,000 Sq F","2025","Loop","32","42","41.87333","-87.62423","(41.87333, -87.62423)"
"101901","151 171 W Randolph St","60601","Residential","> 250,000 Sq F","2025","Loop","32","42","41.88411","-87.63305","(41.88411, -87.63305)"
"156076","1340 S Damen Ave","60608","Commercial","> 50,000 Sq Ft","2025","Near West Side","28","28","41.86395","-87.6762","(41.86395, -87.6762)"
"252047","5757 S University Ave","60637","Commercial","> 50,000 Sq Ft","2027","Hyde Park","41","5","41.79035","-87.598","(41.79035, -87.598)"
"160394","1020 W Lawrence Ave","60640","Residential","> 50,000 Sq Ft","2027","Uptown","3","46","41.96911","-87.65595","(41.96911, -87.65595)"
"172800","5110  S Kenwood Ave","60615","Residential","> 50,000 Sq Ft","2025","Hyde Park","41","4","41.80224","-87.60333","(41.80224, -87.60333)"
"101709","20 N Wacker Dr","60606","Commercial","> 250,000 Sq Ft","2027","Loop","32","42","41.88253","-87.63747","(41.88253, -87.63747)"
"103815","328 S Jefferson","60661","Commercial","> 250,000 Sq Ft","2027","Near West Side","28","42","41.87715","-87.64291","(41.87715, -87.64291)"
"158224","400 E South Water St","60601","Residential","> 250,000 Sq F","2027","Loop","32","42","41.88674","-87.61677","(41.88674, -87.61677)"
"160296","5441 N East River Rd","60656","Residential","> 250,000 Sq F","2026","Ohare","76","41","41.9783","-87.84316","(41.9783, -87.84316)"
"101934","321 N Clark St","60654","Commercial","> 250,000 Sq Ft","2027","Near North Side","8","42","41.88827","-87.6306","(41.88827, -87.6306)"
"232841","222 E Pearson St","60611","Residential","> 50,000 Sq Ft","2025","Near North Side","8","2","41.89788","-87.62063","(41.89788, -87.62063)"
"256710","7131 S Bennett","60649","Residential","> 50,000 Sq Ft","2025","South Shore","43","5","41.76381","-87.58054","(41.76381, -87.58054)"
"251762","2727 N Long Ave","60639","Municipal","> 50,000 Sq Ft","2025","Belmont Cragin","19","31","41.93001","-87.76055","(41.93001, -87.76055)"
"254346","11505 S Western Ave","60643","Municipal","> 50,000 Sq Ft","2025","Morgan Park","75","19","41.68975","-87.67415","(41.68975, -87.67415)"
"256827","6950 N Hiawatha Avenue","60646","Commercial","> 50,000 Sq Ft","2027","Forest Glen","12","45","41.99103","-87.74164","(41.99103, -87.74164)"
"256630","8 E Huron St","60611","Residential","> 50,000 Sq Ft","2026","Near North Side","8","2","41.88425","-87.63245","(41.88425, -87.63245)"
"236913","3930 N Pine Grove Ave","60613","Residential","> 250,000 Sq F","2027","Lake View","6","46","41.95405","-87.64853","(41.95405, -87.64853)"
"251393","4540 N Campbell Ave","60625","Municipal","> 50,000 Sq Ft","2025","Lincoln Square","4","47","41.96423","-87.69196","(41.96423, -87.69196)"
"243247","1313 N Ritchie Ct","60610","Residential","> 50,000 Sq Ft","2025","Near North Side","8","43","41.9062","-87.62628","(41.9062, -87.62628)"
"128978","2242 N Kedzie Blvd","60647","Commercial","> 50,000 Sq Ft","2025","Logan Square","22","32","41.92197","-87.70751","(41.92197, -87.70751)"
"244613","240 E Illinois St","60611","Residential","> 250,000 Sq F","2027","Near North Side","8","42","41.8914","-87.6208","(41.8914, -87.6208)"
"257058","218 E Grand Ave","60611","Residential","> 50,000 Sq Ft","2025","Near North Side","8","42","41.89535","-87.62278","(41.89535, -87.62278)"
"251794","3814 W Iowa St","60651","Commercial","> 50,000 Sq Ft","2026","Humboldt Park","23","27","41.89754","-87.72214","(41.89754, -87.72214)"
"173914","2101 E 71st St","60649","Commercial","> 50,000 Sq Ft","2027","South Shore","43","5","41.7651","-87.57551","(41.7651, -87.57551)"
"251556","1119 N Cleveland Ave","60610","Municipal","> 50,000 Sq Ft","2027","Near North Side","8","27","41.90217","-87.64082","(41.90217, -87.64082)"
"251228","444 N Wells St","60654","Commercial","> 50,000 Sq Ft","2027","Near North Side","8","42","41.89054","-87.63407","(41.89054, -87.63407)"
"239704","1000 E 53rd St","60615","Residential","> 50,000 Sq Ft","2025","Hyde Park","41","5","41.79966","-87.60103","(41.79966, -87.60103)"
"157971","910 S Michigan Ave","60605","Residential","> 250,000 Sq F","2025","Loop","32","4","41.87031","-87.62482","(41.87031, -87.62482)"
"140991","1529  S State St","60605","Residential","> 50,000 Sq Ft","2025","Near South Side","33","3","41.86863","-87.62731","(41.86863, -87.62731)"
"251958","2301 2315 E 93rd St","60617","Commercial","> 50,000 Sq Ft","2027","Calumet Heights","48","7","41.72603","-87.5674","(41.72603, -87.5674)"
"102854","5325  S Cottage Grove Ave","60615","Residential","> 50,000 Sq Ft","2026","Hyde Park","41","5","41.80224","-87.60333","(41.80224, -87.60333)"
"159659","3130 N Lake Shore Dr","60657","Residential","> 250,000 Sq F","2025","Lake View","6","44","41.93859","-87.63855","(41.93859, -87.63855)"
"121059","3656 N Halsted St","60613","Commercial","> 50,000 Sq Ft","2025","Lake View","6","44","41.94861","-87.64991","(41.94861, -87.64991)"
"251209","9230 S Burley Ave","60617","Commercial","> 50,000 Sq Ft","2024","South Chicago","46","10","41.72738","-87.54561","(41.72738, -87.54561)"
"251668","4332 N Paulina St","60613","Municipal","> 50,000 Sq Ft","2025","Lake View","6","47","41.96093","-87.67128","(41.96093, -87.67128)"
"251706","1631 W Jonquil Ter","60626","Municipal","> 50,000 Sq Ft","2025","Rogers Park","1","49","42.02113","-87.67175","(42.02113, -87.67175)"
"116428","900  W 63rd Pkwy","60621","Residential","> 50,000 Sq Ft","2026","Englewood","68","16","41.77613","-87.64069","(41.77613, -87.64069)"
"244447","758 N Larrabee St","60654","Residential","> 250,000 Sq F","2027","Near North Side","8","42","41.89622","-87.64303","(41.89622, -87.64303)"
"103759","547 W Jackson Blvd","60661","Commercial","> 250,000 Sq Ft","2027","Near West Side","28","42","41.878","-87.64147","(41.878, -87.64147)"
"160026","940 W Glenlake Ave","60660","Residential","> 250,000 Sq F","2027","Edgewater","77","48","41.99269","-87.65446","(41.99269, -87.65446)"
"126411","25 E Oak St","60611","Commercial","> 50,000 Sq Ft","2025","Near North Side","8","42","41.90071","-87.62729","(41.90071, -87.62729)"
"101826","8136 8142 S Drexel Ave","60619","Residential","> 50,000 Sq Ft","2025","Chatham","44","8","41.74401","-87.6055","(41.74401, -87.6055)"
"255020","311 N Morgan St","60607","Residential","> 50,000 Sq Ft","2027","Near West Side","28","27","41.88717","-87.65213","(41.88717, -87.65213)"
"251709","4950 N Avers Ave","60625","Municipal","> 50,000 Sq Ft","2025","Albany Park","14","39","41.9713","-87.72627","(41.9713, -87.72627)"
"116552","4001 4013 S Ellis Ave","60653","Residential","> 50,000 Sq Ft","2025","Oakland","36","4","41.82021","-87.61247","(41.82021, -87.61247)"
"256768","355 E Wacker Dr","60601","Commercial","> 50,000 Sq Ft","2025","Loop","32","42","41.88626","-87.62231","(41.88626, -87.62231)"
"256428","3201 S State Street","60616","Commercial","> 50,000 Sq Ft","2025","Douglas","35","3","41.84233","-87.62715","(41.84233, -87.62715)"
"134126","1111 N Clark St","60610","Commercial","> 50,000 Sq Ft","2027","Near North Side","8","2","41.90248","-87.631","(41.90248, -87.631)"
"164512","506  N Desplaines St","60654","Commercial","> 50,000 Sq Ft","2025","West Town","24","27","41.89198","-87.637","(41.89198, -87.637)"
"119055","6525 W Diversey Ave","60707","Commercial","> 250,000 Sq Ft","2027","Belmont Cragin","19","36","41.93005","-87.78976","(41.93005, -87.78976)"
"106118","3410 3412 N Lake Shore Dr","60657","Residential","> 50,000 Sq Ft","2025","Lake View","6","44","41.93985","-87.65845","(41.93985, -87.65845)"
"133957","625 631 W Jackson Blvd","60661","Residential","> 50,000 Sq Ft","2025","Near West Side","28","42","41.88321","-87.64337","(41.88321, -87.64337)"
"255148","810 W. Grace St.","60613","Residential","> 250,000 Sq F","2024","Lake View","6","46","41.95449","-87.65029","(41.95449, -87.65029)"
"105673","506  W Harrison St","60607","Residential","> 50,000 Sq Ft","2026","Near West Side","28","25","41.87399","-87.65168","(41.87399, -87.65168)"
"242633","530 N Lake Shore Dr","60611","Residential","> 250,000 Sq F","2027","Near North Side","8","42","41.89212","-87.61495","(41.89212, -87.61495)"
"256892","343 W Schiller St","60610","Residential","> 50,000 Sq Ft","2025","Near North Side","8","2","41.90423","-87.63823","(41.90423, -87.63823)"
"173817","820 W Lawrence Ave","60640","Commercial","> 50,000 Sq Ft","2027","Uptown","3","46","41.96939","-87.65096","(41.96939, -87.65096)"
"255026","3218 N Clark St","60657","Residential","> 50,000 Sq Ft","2027","Lake View","6","44","41.94044","-87.65116","(41.94044, -87.65116)"
"100332","6130 S Wolcott Ave","60636","Municipal","> 250,000 Sq Ft","2025","West Englewood","67","15","41.78207","-87.67221","(41.78207, -87.67221)"
"250105","4930 S Langley Ave","60615","Residential","> 50,000 Sq Ft","2027","Grand Boulevard","38","4","41.8052","-87.60925","(41.8052, -87.60925)"
"256668","900-10 W Winona Street","60640","Residential","> 50,000 Sq Ft","2026","Uptown","3","48","41.88425","-87.63245","(41.88425, -87.63245)"
"173930","5709  S Ellis Ave","60637","Residential","> 50,000 Sq Ft","2027","Hyde Park","41","5","41.78046","-87.60531","(41.78046, -87.60531)"
"253946","7736 7772 N Sheridan Rd","60626","Residential","> 50,000 Sq Ft","2025","Rogers Park","1","49","42.01036","-87.6683","(42.01036, -87.6683)"
"239994","1500 W Monroe St","60607","Residential","> 250,000 Sq F","2025","Near West Side","28","28","41.88047","-87.66495","(41.88047, -87.66495)"
"159302","6640 50 W Belden Ave","60707","Commercial","> 50,000 Sq Ft","2025","Montclare","18","29","41.92089","-87.79111","(41.92089, -87.79111)"
"254365","326 N Orleans St","60654","Residential","> 250,000 Sq F","2025","Near North Side","8","42","41.89217","-87.63414","(41.89217, -87.63414)"
"251334","2325 N Sheffield Ave","60614","Commercial","> 50,000 Sq Ft","2027","Lincoln Park","7","43","41.92481","-87.65324","(41.92481, -87.65324)"
"101671","6101 6115 N Seeley Ave","60659","Residential","> 50,000 Sq Ft","2025","West Ridge","2","40","41.99046","-87.70621","(41.99046, -87.70621)"
"252265","421 S Central Ave","60644","Residential","> 50,000 Sq Ft","2025","Austin","25","29","41.88764","-87.76515","(41.88764, -87.76515)"
"158453","59 E Van Buren St","60605","Residential","> 50,000 Sq Ft","2025","Loop","32","42","41.87678","-87.62541","(41.87678, -87.62541)"
"250139","555 W Harrison St","60607","Commercial","> 50,000 Sq Ft","2025","Near West Side","28","25","41.87435","-87.64166","(41.87435, -87.64166)"
"252294","510-24 W Wellington","60657","Residential","> 50,000 Sq Ft","2024","Lake View","6","44","41.93654","-87.6422","(41.93654, -87.6422)"
"175346","4700  S Cottage Grove Ave","60615","Residential","> 50,000 Sq Ft","2025","Grand Boulevard","38","4","41.80224","-87.60333","(41.80224, -87.60333)"
"260073","920  W Wilson Ave","60640","Residential","> 50,000 Sq Ft","2025","Uptown","3","46","41.97223","-87.6646","(41.97223, -87.6646)"
"256663","630 N Franklin St","60654","Residential","> 250,000 Sq F","2026","Near North Side","8","42","41.89237","-87.63635","(41.89237, -87.63635)"
"161305","8344 S Commercial Ave","60617","Municipal","> 50,000 Sq Ft","2027","South Chicago","46","7","41.74417","-87.55304","(41.74417, -87.55304)"
"161204","3241 S Michigan Ave","60616","Commercial","> 250,000 Sq Ft","2025","Douglas","35","3","41.8355","-87.62255","(41.8355, -87.62255)"
"132408","5838 N Sheridan Rd","60660","Residential","> 50,000 Sq Ft","2025","Edgewater","77","48","41.9884","-87.65567","(41.9884, -87.65567)"
"110223","6520 S Wood St","60636","Municipal","> 50,000 Sq Ft","2024","West Englewood","67","15","41.77518","-87.66985","(41.77518, -87.66985)"
"175892","4526  N Sheridan Rd","60640","Residential","> 50,000 Sq Ft","2025","Uptown","3","46","41.97223","-87.6646","(41.97223, -87.6646)"
"254158","5141 N Christiana Ave","60625","Commercial","> 50,000 Sq Ft","2025","North Park","13","39","41.88425","-87.63245","(41.88425, -87.63245)"
"159655","3000 N Sheridan Rd","60657","Residential","> 50,000 Sq Ft","2025","Lake View","6","44","41.93679","-87.63983","(41.93679, -87.63983)"
"251641","139 S Parkside Ave","60644","Municipal","> 50,000 Sq Ft","2025","Austin","25","29","41.87815","-87.76599","(41.87815, -87.76599)"
"252092","10808 - 10830 S Doty Ave W","60628","Commercial","> 50,000 Sq Ft","2025","Pullman","50","9","41.69296","-87.60058","(41.69296, -87.60058)"
"257178","4533 W Roscoe Street","60641","Commercial","> 50,000 Sq Ft","2025","Irving Park","16","30","41.88323","-87.6324","(41.88323, -87.6324)"
"240842","200 E Delaware Pl","60611","Residential","> 250,000 Sq F","2027","Near North Side","8","2","41.89953","-87.6213","(41.89953, -87.6213)"
"137657","1327  W Washington Blvd","60607","Residential","> 50,000 Sq Ft","2025","Near West Side","28","27","41.87399","-87.65168","(41.87399, -87.65168)"
"255927","4447 N Kedzie Ave","60625","Residential","> 50,000 Sq Ft","2027","Albany Park","14","33","41.9757","-87.69428","(41.9757, -87.69428)"
"106121","2828  N Pine Grove Ave","60657","Residential","> 50,000 Sq Ft","2025","Lake View","6","44","41.93985","-87.65845","(41.93985, -87.65845)"
"113652","233 E Walton Place","60611","Residential","> 50,000 Sq Ft","2025","Near North Side","8","2","41.89579","-87.62248","(41.89579, -87.62248)"
"102055","740 750 W Addison St","60613","Residential","> 50,000 Sq Ft","2025","Lake View","6","46","41.95402","-87.66203","(41.95402, -87.66203)"
"256564","3527 W North Avenue","60647","Residential","> 50,000 Sq Ft","2025","Humboldt Park","23","26","41.92085","-87.70162","(41.92085, -87.70162)"
"105725","7000 7008 S South Shore Dr","60649","Residential","> 50,000 Sq Ft","2025","South Shore","43","5","41.76259","-87.57232","(41.76259, -87.57232)"
"251432","54 N Hermitage Ave","60612","Municipal","> 50,000 Sq Ft","2025","Near West Side","28","27","41.88299","-87.67118","(41.88299, -87.67118)"
"151257","2758 2768 N Milwaukee Ave","60647","Residential","> 50,000 Sq Ft","2027","Logan Square","22","35","41.92075","-87.70153","(41.92075, -87.70153)"
"103601","120 S Lasalle St","60603","Commercial","> 250,000 Sq Ft","2027","Loop","32","42","41.88035","-87.63281","(41.88035, -87.63281)"
"113452","1115  S Plymouth Ct","60605","Residential","> 50,000 Sq Ft","2027","Loop","32","4","41.86863","-87.62731","(41.86863, -87.62731)"
"159800","5320 N Sheridan Rd","60640","Residential","> 250,000 Sq F","2024","Edgewater","77","48","41.97927","-87.65551","(41.97927, -87.65551)"
"250019","9801 S Avenue G","60617","Municipal","> 50,000 Sq Ft","2025","East Side","52","10","41.71338","-87.52791","(41.71338, -87.52791)"
"175236","4633 4645 N Kedzie Ave","60625","Residential","> 50,000 Sq Ft","2025","Albany Park","14","33","41.97208","-87.70235","(41.97208, -87.70235)"
"104300","434 436 W Roscoe St","60657","Residential","> 50,000 Sq Ft","2025","Lake View","6","44","41.93985","-87.65845","(41.93985, -87.65845)"
"254096","350 W Belden Ave","60614","Residential","> 50,000 Sq Ft","2027","Lincoln Park","7","43","41.92174","-87.65392","(41.92174, -87.65392)"
"158134","170 N Dearborn Ave","60601","Commercial","> 50,000 Sq Ft","2026","Loop","32","42","41.8852","-87.62986","(41.8852, -87.62986)"
"159326","2030 S State St","60616","Residential","> 50,000 Sq Ft","2027","Near South Side","33","3","41.8546","-87.62807","(41.8546, -87.62807)"
"231205","5201 S Cornell Ave","60615","Residential","> 250,000 Sq F","2027","Hyde Park","41","5","41.80087","-87.58563","(41.80087, -87.58563)"
"140794","1546  N Orleans St","60610","Residential","> 50,000 Sq Ft","2025","Near North Side","8","27","41.90375","-87.63559","(41.90375, -87.63559)"
"251751","2150 S Laflin St","60608","Municipal","> 250,000 Sq Ft","2025","Lower West Side","31","25","41.85288","-87.66454","(41.85288, -87.66454)"
"251896","4655 S Dearborn St","60609","Municipal","> 50,000 Sq Ft","2025","Grand Boulevard","38","3","41.81014","-87.6269","(41.81014, -87.6269)"
"255028","1001 S State St","60605","Residential","> 250,000 Sq F","2027","Loop","32","4","41.86986","-87.62737","(41.86986, -87.62737)"
"119419","3729 W Leland Ave","60625","Commercial","> 50,000 Sq Ft","2025","Albany Park","14","35","41.96623","-87.72181","(41.96623, -87.72181)"
"257174","725 S Wells St","60607","Commercial","> 50,000 Sq Ft","2027","Loop","32","34","41.88323","-87.6324","(41.88323, -87.6324)"
"101989","330 S Wells St","60606","Residential","> 50,000 Sq Ft","2027","Loop","32","42","41.87706","-87.63403","(41.87706, -87.63403)"
"257215","1440 W Fillmore St","60607","Residential","> 50,000 Sq Ft",,"Near West Side","28","28","41.87657","-87.65471","(41.87657, -87.65471)"
"165819","5000 5016 S Indiana Ave","60615","Residential","> 50,000 Sq Ft","2025","Grand Boulevard","38","3","41.80364","-87.62178","(41.80364, -87.62178)"
"101179","2211 N Oak Park Ave","60707","Commercial","> 250,000 Sq Ft","2025","Montclare","18","29","41.91969","-87.79508","(41.91969, -87.79508)"
"241410","1440 N State Pkwy","60610","Residential","> 50,000 Sq Ft","2025","Near North Side","8","2","41.909","-87.62923","(41.909, -87.62923)"
"106102","190  E Walton Pl","60611","Residential","> 50,000 Sq Ft","2025","Near North Side","8","2","41.89579","-87.62248","(41.89579, -87.62248)"
"256542","5525 W Diversey Ave","60639","Residential","> 50,000 Sq Ft","2026","Belmont Cragin","19","30","41.91864","-87.75535","(41.91864, -87.75535)"
"159103","121 W Chestnut St","60610","Residential","> 250,000 Sq F","2027","Near North Side","8","2","41.89759","-87.63239","(41.89759, -87.63239)"
"243636","7061 N Kedzie Ave","60645","Residential","> 250,000 Sq F","2025","West Ridge","2","50","42.00895","-87.70638","(42.00895, -87.70638)"
"105785","5528 5530 S Hyde Park Blvd","60637","Residential","> 50,000 Sq Ft","2025","Hyde Park","41","5","41.78046","-87.60531","(41.78046, -87.60531)"
"103632","251 E Huron St","60611","Commercial","> 250,000 Sq Ft","2027","Near North Side","8","42","41.89459","-87.62153","(41.89459, -87.62153)"
"101765","77 W Wacker Dr","60601","Commercial","> 250,000 Sq Ft","2025","Loop","32","42","41.88652","-87.63054","(41.88652, -87.63054)"
"250142","850 W Jackson Blvd","60607","Commercial","> 50,000 Sq Ft","2027","Near West Side","28","25","41.87816","-87.64925","(41.87816, -87.64925)"
"257103","145 N Damen Ave","60612","Residential","> 50,000 Sq Ft",,"Near West Side","28","27","41.88078","-87.68395","(41.88078, -87.68395)"
"114817","5471  S Hyde Park Blvd","60615","Residential","> 50,000 Sq Ft","2027","Hyde Park","41","5","41.80224","-87.60333","(41.80224, -87.60333)"
"252262","1816 N St Louis Ave","60647","Residential","> 50,000 Sq Ft","2025","Logan Square","22","1","41.91418","-87.71345","(41.91418, -87.71345)"
"173861","5411 N Winthrop Ave","60640","Residential","> 50,000 Sq Ft","2027","Edgewater","77","48","41.97223","-87.6646","(41.97223, -87.6646)"
"251698","7726 S Burnham","60649","Municipal","> 50,000 Sq Ft","2025","South Shore","43","7","41.75448","-87.55738","(41.75448, -87.55738)"
"251380","739 N Ada St","60642","Residential","> 50,000 Sq Ft","2025","West Town","24","27","41.89549","-87.66111","(41.89549, -87.66111)"
"256900","320 N Sangamon St","60607","Commercial","> 250,000 Sq Ft","2026","Near West Side","28","27","41.88321","-87.65877","(41.88321, -87.65877)"
"250104","3920 - 3940 N Clark St","60613","Residential","> 50,000 Sq Ft","2027","Lake View","6","47","41.95314","-87.66202","(41.95314, -87.66202)"
"251538","8407 S Kerfoot Ave","60620","Municipal","> 50,000 Sq Ft","2025","Auburn Gresham","71","21","41.74127","-87.6396","(41.74127, -87.6396)"
"254051","1500 N Clybourn Ave","60610","Commercial","> 50,000 Sq Ft","2027","Near North Side","8","27","41.90384","-87.63668","(41.90384, -87.63668)"
"175492","3158 3184 N Clark St","60657","Residential","> 50,000 Sq Ft","2025","Lake View","6","44","41.93985","-87.65845","(41.93985, -87.65845)"
"255091","900 N North Branch St","60642","Commercial","> 50,000 Sq Ft","2025","Near North Side","8","27","41.89598","-87.66056","(41.89598, -87.66056)"
"260118","440 442 W Barry Ave","60657","Residential","> 50,000 Sq Ft","2027","Lake View","6","44","41.93985","-87.65845","(41.93985, -87.65845)"
"103604","525 W Monroe St","60661","Commercial","> 250,000 Sq Ft","2026","Near West Side","28","42","41.88054","-87.64054","(41.88054, -87.64054)"
"176018","915  W Wilson Ave","60640","Residential","> 50,000 Sq Ft","2025","Uptown","3","46","41.97223","-87.6646","(41.97223, -87.6646)"
"103626","151 N Franklin St","60606","Commercial","> 250,000 Sq Ft","2026","Loop","32","42","41.88455","-87.63534","(41.88455, -87.63534)"
"159156","1 E Delaware Pl","60611","Residential","> 250,000 Sq F","2025","Near North Side","8","2","41.89878","-87.62785","(41.89878, -87.62785)"
"175433","1130 S Wabash Ave","60605","Commercial","> 50,000 Sq Ft","2025","Loop","32","4","41.86843","-87.62634","(41.86843, -87.62634)"
"105067","1025 1035 W Loyola Ave","60626","Residential","> 50,000 Sq Ft","2025","Rogers Park","1","49","42.01036","-87.6683","(42.01036, -87.6683)"
"104226","606 620 W Cornelia Ave","60657","Residential","> 50,000 Sq Ft","2025","Lake View","6","46","41.93985","-87.65845","(41.93985, -87.65845)"
"260060","2300 2320 N Commonwealth Ave","60614","Residential","> 50,000 Sq Ft","2025","Lincoln Park","7","43","41.92201","-87.65462","(41.92201, -87.65462)"
"251769","8410 W Bryn Mawr Ave","60631","Commercial","> 50,000 Sq Ft","2027","Ohare","76","41","41.98113","-87.83823","(41.98113, -87.83823)"
"252050","5747 S Ellis Ave","60637","Commercial","> 50,000 Sq Ft","2027","Hyde Park","41","5","41.79018","-87.6008","(41.79018, -87.6008)"
"242638","411 W Ontario St","60654","Residential","> 250,000 Sq F","2027","Near North Side","8","42","41.89308","-87.63969","(41.89308, -87.63969)"
"134516","321 339 S Desplaines St","60661","Residential","> 50,000 Sq Ft","2025","Near West Side","28","42","41.88321","-87.64337","(41.88321, -87.64337)"
"158842","1068 W Sheridan Rd","60660","Commercial","> 50,000 Sq Ft","2027","Rogers Park","1","49","41.99828","-87.65807","(41.99828, -87.65807)"
"157348","1531 N Clybourn Ave","60610","Residential","> 50,000 Sq Ft","2027","Near North Side","8","27","41.90965","-87.64659","(41.90965, -87.64659)"
"175910","4432 4444 W West End Ave","60624","Residential","> 50,000 Sq Ft","2024","West Garfield Park","26","28","41.88082","-87.72328","(41.88082, -87.72328)"
"175232","1401  E Hyde Park Blvd","60615","Residential","> 50,000 Sq Ft","2025","Hyde Park","41","4","41.80224","-87.60333","(41.80224, -87.60333)"
"157287","1611 W Harrison St","60612","Commercial","> 50,000 Sq Ft","2027","Near West Side","28","27","41.87351","-87.66704","(41.87351, -87.66704)"
"159954","1606 E Hyde Park Blvd","60615","Residential","> 50,000 Sq Ft","2025","Kenwood","39","5","41.80273","-87.58614","(41.80273, -87.58614)"
"251702","2250 N Latrobe Ave","60639","Municipal","> 50,000 Sq Ft","2025","Belmont Cragin","19","36","41.92185","-87.75795","(41.92185, -87.75795)"
"132823","8001 S Western Ave","60620","Commercial","> 50,000 Sq Ft","2025","Ashburn","70","18","41.74785","-87.68245","(41.74785, -87.68245)"
"101760","35 W Wacker Dr","60601","Commercial","> 250,000 Sq Ft","2027","Loop","32","42","41.88642","-87.62903","(41.88642, -87.62903)"
"172789","3445  S Rhodes Ave","60616","Residential","> 50,000 Sq Ft","2025","Douglas","35","4","41.8455","-87.63056","(41.8455, -87.63056)"
"260132","2401 W Grace St","60618","Commercial","> 50,000 Sq Ft","2027","North Center","5","47","41.95004","-87.68878","(41.95004, -87.68878)"
"242563","212 W Washington St","60606","Residential","> 250,000 Sq F","2025","Loop","32","42","41.88327","-87.63512","(41.88327, -87.63512)"
"251633","4650 N Menard Ave","60630","Municipal","> 50,000 Sq Ft","2025","Portage Park","15","45","41.96562","-87.77267","(41.96562, -87.77267)"
"101987","20 S Clark St","60603","Commercial","> 250,000 Sq Ft","2027","Loop","32","42","41.8813","-87.63118","(41.8813, -87.63118)"
"100878","1521 1523 W Sherwin Ave","60626","Residential","> 50,000 Sq Ft","2027","Rogers Park","1","49","42.01036","-87.6683","(42.01036, -87.6683)"
"251540","6200 S Racine","60636","Municipal","> 50,000 Sq Ft",,"West Englewood","67","16","41.78133","-87.65457","(41.78133, -87.65457)"
"112607","6118  N Sheridan Rd","60660","Residential","> 50,000 Sq Ft","2025","Edgewater","77","48","41.9909","-87.66661","(41.9909, -87.66661)"
"175745","1340  S Michigan Ave","60605","Residential","> 50,000 Sq Ft","2025","Near South Side","33","3","41.86863","-87.62731","(41.86863, -87.62731)"
"103314","1333  N Cleveland Ave","60610","Residential","> 50,000 Sq Ft","2026","Near North Side","8","27","41.90375","-87.63559","(41.90375, -87.63559)"
"159905","7022 S South Shore Dr","60649","Residential","> 50,000 Sq Ft","2025","South Shore","43","5","41.76739","-87.56693","(41.76739, -87.56693)"
"251343","3180 N Lake Shore Dr","60657","Residential","> 250,000 Sq F","2025","Lake View","6","44","41.93904","-87.63916","(41.93904, -87.63916)"
"235008","1400 N Lake Shore Dr","60610","Residential","> 250,000 Sq F","2027","Near North Side","8","43","41.908","-87.62633","(41.908, -87.62633)"
"233890","1464 S Michigan Ave","60605","Residential","> 250,000 Sq F","2027","Near South Side","33","3","41.86221","-87.62452","(41.86221, -87.62452)"
"254165","6551 N Sheridan Rd","60626","Residential","> 50,000 Sq Ft","2027","Rogers Park","1","49","42.00163","-87.6606","(42.00163, -87.6606)"
"103716","17 E Monroe St","60603","Residential","> 250,000 Sq F","2027","Loop","32","42","41.88032","-87.62695","(41.88032, -87.62695)"
"255932","33 S Ashland Ave","60607","Residential","> 50,000 Sq Ft","2026","Near West Side","28","28","41.88","-87.65484","(41.88, -87.65484)"
"175400","740  N Milwaukee Ave","60642","Residential","> 50,000 Sq Ft","2025","West Town","24","27","41.89992","-87.65739","(41.89992, -87.65739)"
"100375","3600 3612 W Franklin Blvd","60624","Residential","> 50,000 Sq Ft","2027","Humboldt Park","23","27","41.88082","-87.72328","(41.88082, -87.72328)"
"251424","10841 S Homan Ave","60655","Municipal","> 50,000 Sq Ft","2025","Mount Greenwood","74","19","41.69598","-87.70538","(41.69598, -87.70538)"
"256894","228 W Hill St","60610","Residential","> 250,000 Sq F","2025","Near North Side","8","27","41.90423","-87.63823","(41.90423, -87.63823)"
"128243","4909 W Division St","60651","Commercial","> 50,000 Sq Ft","2025","Austin","25","37","41.90231","-87.7492","(41.90231, -87.7492)"
"256537","3833 N Broadway","60613","Residential","> 50,000 Sq Ft","2025","Lake View","6","46","41.95163","-87.65928","(41.95163, -87.65928)"
"130453","833 W Jackson Blvd","60607","Commercial","> 50,000 Sq Ft","2025","Near West Side","28","27","41.87774","-87.64874","(41.87774, -87.64874)"
"160179","39 S Lasalle St","60603","Residential","> 50,000 Sq Ft","2027","Loop","32","42","41.88104","-87.63208","(41.88104, -87.63208)"
"111038","600 N Lake Shore Dr","60611","Residential","> 250,000 Sq F","2027","Near North Side","8","42","41.89281","-87.61458","(41.89281, -87.61458)"
"244318","210 S Des Plaines St","60661","Residential","> 250,000 Sq F","2025","Near West Side","28","42","41.87895","-87.64446","(41.87895, -87.64446)"
"257224","7905 S Exchange Ave","60617","Commercial","> 50,000 Sq Ft",,"South Chicago","46","7","41.72634","-87.55785","(41.72634, -87.55785)"
"105315","468  W Melrose St","60657","Residential","> 50,000 Sq Ft","2025","Lake View","6","44","41.93985","-87.65845","(41.93985, -87.65845)"
"172106","55  W Chestnut St","60610","Residential","> 50,000 Sq Ft","2025","Near North Side","8","2","41.90375","-87.63559","(41.90375, -87.63559)"
"242537","1560 N Sandburg Ter","60610","Residential","> 250,000 Sq F","2025","Near North Side","8","2","41.91042","-87.6327","(41.91042, -87.6327)"
"157767","3436 W Wilson Ave","60625","Municipal","> 250,000 Sq Ft","2025","Albany Park","14","33","41.96501","-87.71451","(41.96501, -87.71451)"
"251754","5335 S Kenwood Ave","60615","Municipal","> 50,000 Sq Ft","2025","Hyde Park","41","4","41.79868","-87.5928","(41.79868, -87.5928)"
"101827","111 W Washington","60602","Commercial","> 250,000 Sq Ft","2026","Loop","32","42","41.88322","-87.63144","(41.88322, -87.63144)"
"105070","1548 1558 W Juneway Ter","60626","Residential","> 50,000 Sq Ft","2027","Rogers Park","1","49","42.01036","-87.6683","(42.01036, -87.6683)"
"252292","5700 N Sheridan Rd","60660","Residential","> 50,000 Sq Ft","2025","Edgewater","77","48","41.98585","-87.65525","(41.98585, -87.65525)"
"251576","4250 N St Louis Ave","60618","Municipal","> 50,000 Sq Ft","2025","Irving Park","16","35","41.95872","-87.71584","(41.95872, -87.71584)"
"172500","5600 5608 W Washington Blvd","60644","Commercial","> 50,000 Sq Ft","2026","Austin","25","29","41.88253","-87.76612","(41.88253, -87.76612)"
"257080","4443 W Chicago Ave","60651","Commercial","> 50,000 Sq Ft","2025","Humboldt Park","23","37","41.90126","-87.76192","(41.90126, -87.76192)"
"109278","8509 8525 W Catherine Ave","60656","Residential","> 50,000 Sq Ft","2025","Ohare","76","41","41.97087","-87.79893","(41.97087, -87.79893)"
"252041","970 E 58th St","60637","Commercial","> 50,000 Sq Ft","2027","Hyde Park","41","5","41.78959","-87.60233","(41.78959, -87.60233)"
"251766","1062 W Bryn Mawr Ave","60660","Residential","> 50,000 Sq Ft","2025","Edgewater","77","48","41.98384","-87.65763","(41.98384, -87.65763)"
"252279","1122-40 W Lunt Ave","60626","Residential","> 50,000 Sq Ft","2025","Rogers Park","1","49","42.00924","-87.66063","(42.00924, -87.66063)"
"257083","42 W 37th St","60609","Residential","> 50,000 Sq Ft","2025","Douglas","35","3","41.80679","-87.66648","(41.80679, -87.66648)"
"159649","510 W Belmont Ave","60657","Residential","> 250,000 Sq F","2027","Lake View","6","44","41.94031","-87.64276","(41.94031, -87.64276)"
"251528","7646 S Green St","60620","Municipal","> 50,000 Sq Ft","2027","Auburn Gresham","71","17","41.7548","-87.646","(41.7548, -87.646)"
"111687","2120  N Lincoln Park West","60614","Residential","> 50,000 Sq Ft","2027","Lincoln Park","7","43","41.92201","-87.65462","(41.92201, -87.65462)"
"244758","1636 N Wells St","60614","Residential","> 250,000 Sq F","2027","Lincoln Park","7","2","41.91227","-87.63549","(41.91227, -87.63549)"
"251223","564 W Randolph St","60661","Commercial","> 50,000 Sq Ft","2024","Near West Side","28","42","41.88464","-87.64232","(41.88464, -87.64232)"
"256438","3440 S Dearborn Street","60616","Commercial","> 50,000 Sq Ft","2025","Douglas","35","3","41.84233","-87.62715","(41.84233, -87.62715)"
"158227","540 N State St","60654","Residential","> 250,000 Sq F","2027","Near North Side","8","42","41.89193","-87.62862","(41.89193, -87.62862)"
"244387","420 E Waterside Dr","60601","Residential","> 250,000 Sq F","2025","Loop","32","42","41.88719","-87.61627","(41.88719, -87.61627)"
"251682","2941 N Mcvicker Ave","60634","Municipal","> 50,000 Sq Ft","2025","Belmont Cragin","19","30","41.9342","-87.77689","(41.9342, -87.77689)"
"238787","840 N Lake Shore Dr","60611","Residential","> 250,000 Sq F","2027","Near North Side","8","2","41.8979","-87.61828","(41.8979, -87.61828)"
"250073","2000 W Diversey Pkwy","60647","Residential","> 250,000 Sq F","2025","North Center","5","1","41.93236","-87.67893","(41.93236, -87.67893)"
"159637","3450 N Lake Shore Dr","60657","Residential","> 250,000 Sq F","2027","Lake View","6","44","41.94513","-87.64221","(41.94513, -87.64221)"
"254342","3110 N Sheridan Rd","60657","Residential","> 50,000 Sq Ft","2025","Lake View","6","44","41.93917","-87.64565","(41.93917, -87.64565)"
"165722","140 E Walton Pl","60611","Residential","> 250,000 Sq F","2025","Near North Side","8","2","41.90042","-87.62339","(41.90042, -87.62339)"
"172393","3021 W Carroll Ave","60612","Commercial","> 50,000 Sq Ft","2027","East Garfield Park","27","27","41.88727","-87.70248","(41.88727, -87.70248)"
"242635","659 W Randolph St","60661","Residential","> 250,000 Sq F","2027","Near West Side","28","42","41.88402","-87.6447","(41.88402, -87.6447)"
"166543","4501 W North Ave","60639","Commercial","> 250,000 Sq Ft","2027","Humboldt Park","23","37","41.90969","-87.73946","(41.90969, -87.73946)"
"256671","1061 W 16th Street","60608","Residential","> 50,000 Sq Ft","2026","Lower West Side","31","25","41.88425","-87.63245","(41.88425, -87.63245)"
"106125","5631 5635 N Kenmore Ave","60660","Residential","> 50,000 Sq Ft","2025","Edgewater","77","48","41.9909","-87.66661","(41.9909, -87.66661)"
"251602","6550 S Seeley Ave","60636","Municipal","> 50,000 Sq Ft","2025","West Englewood","67","16","41.77451","-87.67581","(41.77451, -87.67581)"
"134533","645 N Michigan Ave","60611","Commercial","> 50,000 Sq Ft","2024","Near North Side","8","42","41.89392","-87.62417","(41.89392, -87.62417)"
"256877","167 N Green St","60607","Commercial","> 250,000 Sq Ft","2026","Near West Side","28","27","41.88321","-87.65877","(41.88321, -87.65877)"
"113754","1530 1534 N State Pkwy","60610","Residential","> 50,000 Sq Ft","2025","Near North Side","8","2","41.90375","-87.63559","(41.90375, -87.63559)"
"159573","401 411 W Fullerton Pkwy","60614","Residential","> 50,000 Sq Ft","2025","Lincoln Park","7","43","41.92527","-87.63936","(41.92527, -87.63936)"
"240299","21 E Huron St","60611","Residential","> 250,000 Sq F","2025","Near North Side","8","42","41.8945","-87.62714","(41.8945, -87.62714)"
"250118","1044 N Francisco Ave","60622","Commercial","> 250,000 Sq Ft","2027","West Town","24","26","41.89982","-87.6993","(41.89982, -87.6993)"
"238049","740 W Fulton St","60661","Residential","> 50,000 Sq Ft","2025","Near West Side","28","42","41.88719","-87.64722","(41.88719, -87.64722)"
"251695","1711 N California Ave","60647","Municipal","> 50,000 Sq Ft","2025","West Town","24","1","41.91348","-87.69643","(41.91348, -87.69643)"
"162321","1529 N Dearborn Pkwy","60610","Commercial","> 50,000 Sq Ft","2025","Near North Side","8","2","41.91019","-87.63012","(41.91019, -87.63012)"
"251330","2325 N Clifton Ave","60614","Commercial","> 50,000 Sq Ft","2027","Lincoln Park","7","43","41.92422","-87.65659","(41.92422, -87.65659)"
"172641","10935 S Halsted St","60628","Commercial","> 50,000 Sq Ft","2027","Roseland","49","34","41.69618","-87.64217","(41.69618, -87.64217)"
"173715","2738  N Pine Grove Ave","60614","Residential","> 50,000 Sq Ft","2025","Lincoln Park","7","43","41.92201","-87.65462","(41.92201, -87.65462)"
"113414","6430  W Belle Plaine Ave","60634","Residential","> 50,000 Sq Ft","2025","Dunning","17","38","41.9453","-87.80187","(41.9453, -87.80187)"
"101924","550 W Van Buren","60607","Commercial","> 250,000 Sq Ft","2026","Near West Side","28","42","41.87679","-87.64114","(41.87679, -87.64114)"
"173948","6211 N Lincoln Ave","60659","Commercial","> 50,000 Sq Ft","2025","North Park","13","50","41.99583","-87.71424","(41.99583, -87.71424)"
"251435","2620 S Lawndale Ave","60623","Municipal","> 50,000 Sq Ft","2025","South Lawndale","30","22","41.84299","-87.71755","(41.84299, -87.71755)"
"252094","1110 N Lake Shore Dr","60611","Residential","> 50,000 Sq Ft","2027","Near North Side","8","2","41.90282","-87.62498","(41.90282, -87.62498)"
"254047","1222 W 79th St","60620","Residential","> 50,000 Sq Ft","2025","Auburn Gresham","71","17","41.7398","-87.6535","(41.7398, -87.6535)"
"256530","1616 E 56th St","60637","Residential","> 250,000 Sq F","2026","Hyde Park","41","5","41.7805","-87.59849","(41.7805, -87.59849)"
"101744","1 N Wacker Dr","60606","Commercial","> 250,000 Sq Ft","2024","Loop","32","42","41.8823","-87.63606","(41.8823, -87.63606)"
"254349","1116 W Adams St","60607","Residential","> 50,000 Sq Ft","2025","Near West Side","28","25","41.87988","-87.65469","(41.87988, -87.65469)"
"251551","3539 W Grace St","60618","Municipal","> 50,000 Sq Ft","2025","Irving Park","16","35","41.94964","-87.71709","(41.94964, -87.71709)"
"175495","329 N Dearborn St","60654","Commercial","> 50,000 Sq Ft","2025","Near North Side","8","42","41.88833","-87.6295","(41.88833, -87.6295)"
"172540","4120  S Indiana Ave","60653","Residential","> 50,000 Sq Ft","2026","Grand Boulevard","38","3","41.82021","-87.61247","(41.82021, -87.61247)"
"250078","1815 W Monroe St","60612","Residential","> 50,000 Sq Ft","2026","Near West Side","28","27","41.88005","-87.67231","(41.88005, -87.67231)"
"133879","600 - 820 N Wabash St","60611","Commercial","> 50,000 Sq Ft","2027","Near North Side","8","42","41.89291","-87.62677","(41.89291, -87.62677)"
"250021","1419 W Blackhawk St","60642","Municipal","> 50,000 Sq Ft","2025","West Town","24","2","41.90578","-87.66365","(41.90578, -87.66365)"
"157607","2111 S Clark Ave","60616","Residential","> 250,000 Sq F","2027","Near South Side","33","3","41.85398","-87.63008","(41.85398, -87.63008)"
"105697","1030 1032 N Dearborn St","60610","Residential","> 50,000 Sq Ft","2025","Near North Side","8","2","41.90375","-87.63559","(41.90375, -87.63559)"
"101975","14 E Jackson Blvd","60604","Commercial","> 250,000 Sq Ft","2027","Loop","32","42","41.8785","-87.62725","(41.8785, -87.62725)"
"101717","55 E Monroe St","60603","Commercial","> 250,000 Sq Ft","2027","Loop","32","42","41.88018","-87.62564","(41.88018, -87.62564)"
"257067","1325 S Washtenaw Ave","60608","Residential","> 50,000 Sq Ft","2025","North Lawndale","29","28","41.85936","-87.65646","(41.85936, -87.65646)"
"173927","5401 S Cornell Ave","60615","Residential","> 50,000 Sq Ft","2025","Hyde Park","41","5","41.79809","-87.58478","(41.79809, -87.58478)"
"147673","2301 2305 S Michigan Ave","60616","Residential","> 50,000 Sq Ft","2025","Near South Side","33","3","41.8455","-87.63056","(41.8455, -87.63056)"
"127068","801- 831 W 119th St.","60643","Commercial","> 50,000 Sq Ft","2025","West Pullman","53","34","41.67777","-87.64342","(41.67777, -87.64342)"
"254102","3140 N Sheffield Ave","60657","Residential","> 50,000 Sq Ft","2024","Lake View","6","44","41.93934","-87.65423","(41.93934, -87.65423)"
"101943","303 W Madison St","60606","Commercial","> 250,000 Sq Ft","2024","Loop","32","42","41.88191","-87.63561","(41.88191, -87.63561)"
"255943","1640 W Division St","60622","Residential","> 50,000 Sq Ft","2025","West Town","24","1","41.90422","-87.67412","(41.90422, -87.67412)"
"117313","4848  N Central Ave","60630","Residential","> 50,000 Sq Ft","2025","Jefferson Park","11","45","41.972","-87.75757","(41.972, -87.75757)"
"251224","142 E Ontario St","60611","Commercial","> 50,000 Sq Ft","2027","Near North Side","8","42","41.89359","-87.62364","(41.89359, -87.62364)"
"260037","5222 5238 S Drexel Ave","60615","Residential","> 50,000 Sq Ft","2025","Hyde Park","41","5","41.80224","-87.60333","(41.80224, -87.60333)"
"176009","804 812 W Van Buren St","60607","Residential","> 50,000 Sq Ft","2025","Near West Side","28","27","41.87668","-87.64803","(41.87668, -87.64803)"
"100396","7740 S Western Ave","60620","Commercial","> 250,000 Sq Ft","2024","Ashburn","70","18","41.75293","-87.68297","(41.75293, -87.68297)"
"253980","120 E Cullerton St","60616","Residential","> 50,000 Sq Ft","2025","Near South Side","33","3","41.84586","-87.62921","(41.84586, -87.62921)"
"253992","1041 1051 W Glenlake Ave","60660","Residential","> 50,000 Sq Ft","2025","Edgewater","77","48","41.99088","-87.66777","(41.99088, -87.66777)"
"120083","1940 W 33rd St","60608","Commercial","> 250,000 Sq Ft","2027","McKinley Park","59","25","41.83444","-87.67472","(41.83444, -87.67472)"
"257037","2300 S State St","60616","Residential","> 50,000 Sq Ft","2025","Near South Side","33","3","41.88425","-87.63245","(41.88425, -87.63245)"
"175817","1450 N Cicero Ave","60651","Commercial","> 50,000 Sq Ft","2025","Austin","25","37","41.90735","-87.74609","(41.90735, -87.74609)"
"105472","5816  N Sheridan Rd","60660","Residential","> 50,000 Sq Ft","2025","Edgewater","77","48","41.9909","-87.66661","(41.9909, -87.66661)"
"251590","3330 W 71st St","60629","Municipal","> 50,000 Sq Ft","2025","Chicago Lawn","66","17","41.76437","-87.70569","(41.76437, -87.70569)"
"116171","4724  S Vincennes Ave","60615","Residential","> 50,000 Sq Ft","2026","Grand Boulevard","38","3","41.80224","-87.60333","(41.80224, -87.60333)"
"251374","410 N Monticello Ave","60624","Municipal","> 50,000 Sq Ft","2025","Humboldt Park","23","27","41.8886","-87.71777","(41.8886, -87.71777)"
"101643","1818  W Peterson","60660","Residential","> 50,000 Sq Ft","2025","West Ridge","2","40","41.9909","-87.66661","(41.9909, -87.66661)"
"175754","120 N Green St","60607","Residential","> 50,000 Sq Ft","2024","Near West Side","28","27","41.88425","-87.64873","(41.88425, -87.64873)"
"251636","8524 S Green St","60620","Municipal","> 50,000 Sq Ft","2025","Auburn Gresham","71","21","41.73865","-87.64534","(41.73865, -87.64534)"
"251735","2009 W Schiller St","60622","Municipal","> 50,000 Sq Ft","2025","West Town","24","1","41.90655","-87.67792","(41.90655, -87.67792)"
"132551","5001 - 5013 S Michigan Ave","60615","Commercial","> 50,000 Sq Ft","2027","Grand Boulevard","38","3","41.80356","-87.62229","(41.80356, -87.62229)"
"250115","121 N Lasalle St","60602","Municipal","> 250,000 Sq Ft","2027","Loop","32","42","41.88385","-87.63168","(41.88385, -87.63168)"
"172137","1000 N State St","60610","Residential","> 50,000 Sq Ft","2025","Near North Side","8","2","41.9008","-87.62909","(41.9008, -87.62909)"
"135316","11401 S Oakley Ave","60643","Commercial","> 50,000 Sq Ft","2025","Morgan Park","75","19","41.70036","-87.67928","(41.70036, -87.67928)"
"251920","189 E Lake Shore Dr","60611","Residential","> 250,000 Sq F","2025","Near North Side","8","2","41.90068","-87.62241","(41.90068, -87.62241)"
"227730","4300 N Marine Dr","60613","Residential","> 50,000 Sq Ft","2025","Uptown","3","46","41.96126","-87.64739","(41.96126, -87.64739)"
"102336","4750 N Sheridan Rd","60640","Commercial","> 50,000 Sq Ft","2024","Uptown","3","46","41.96866","-87.65525","(41.96866, -87.65525)"
"158158","61 67 E Harrison St","60605","Residential","> 50,000 Sq Ft","2025","Loop","32","42","41.86863","-87.62731","(41.86863, -87.62731)"
"173888","6628  N Sheridan Rd","60626","Residential","> 50,000 Sq Ft","2027","Rogers Park","1","49","42.01036","-87.6683","(42.01036, -87.6683)"
"254381","5500 S University Ave","60637","Residential","> 250,000 Sq F","2027","Hyde Park","41","5","41.7804","-87.6027","(41.7804, -87.6027)"
"135050","626 640 N Michigan","60611","Commercial","> 50,000 Sq Ft","2024","Near North Side","8","42","41.89579","-87.62248","(41.89579, -87.62248)"
"250107","655 W 65th St","60621","Residential","> 50,000 Sq Ft","2027","Englewood","68","20","41.7755","-87.64186","(41.7755, -87.64186)"
"134982","616  W Fulton St","60661","Residential","> 50,000 Sq Ft","2025","Near West Side","28","42","41.88321","-87.64337","(41.88321, -87.64337)"
"251616","2301 N Central Ave","60639","Municipal","> 50,000 Sq Ft","2025","Belmont Cragin","19","36","41.92225","-87.76586","(41.92225, -87.76586)"
"252267","801 S Wells St","60607","Residential","> 50,000 Sq Ft","2025","Loop","32","25","41.87175","-87.63352","(41.87175, -87.63352)"
"137063","300  S Damen Ave","60612","Residential","> 50,000 Sq Ft","2025","Near West Side","28","27","41.88112","-87.68649","(41.88112, -87.68649)"
"233760","55 W Delaware Pl","60610","Residential","> 250,000 Sq F","2027","Near North Side","8","2","41.89822","-87.63057","(41.89822, -87.63057)"
"102311","4827 4855 N Milwaukee Ave","60630","Commercial","> 50,000 Sq Ft","2025","Jefferson Park","11","45","41.96885","-87.76089","(41.96885, -87.76089)"
"251508","620 N Sawyer Ave","60624","Commercial","> 50,000 Sq Ft","2026","Humboldt Park","23","27","41.8923","-87.70807","(41.8923, -87.70807)"
"252317","4423 N Sheridan Ave","60640","Residential","> 50,000 Sq Ft","2025","Uptown","3","46","41.9626","-87.65471","(41.9626, -87.65471)"
"251314","2300 W Wabansia Ave","60647","Residential","> 50,000 Sq Ft","2025","West Town","24","32","41.91287","-87.68444","(41.91287, -87.68444)"
"105604","525 531 W Arlington Pl","60614","Residential","> 50,000 Sq Ft","2025","Lincoln Park","7","43","41.92201","-87.65462","(41.92201, -87.65462)"
"255965","5430 N. Sheridan Rd.","60640","Residential","> 50,000 Sq Ft","2025","Edgewater","77","48","41.96846","-87.65661","(41.96846, -87.65661)"
"173929","6701 S Crandon Ave","60649","Residential","> 50,000 Sq Ft","2025","South Shore","43","5","41.76259","-87.57232","(41.76259, -87.57232)"
"257075","626 S Wabash Ave","60605","Residential","> 50,000 Sq Ft","2025","Loop","32","4","41.86926","-87.62626","(41.86926, -87.62626)"
"103761","20 W Kinzie St","60654","Commercial","> 250,000 Sq Ft","2024","Near North Side","8","42","41.88927","-87.62876","(41.88927, -87.62876)"
"251711","543 N Waller Ave","60644","Municipal","> 50,000 Sq Ft","2025","Austin","25","29","41.88994","-87.7677","(41.88994, -87.7677)"
"251249","5490 S Shore Dr","60615","Residential","> 50,000 Sq Ft","2025","Hyde Park","41","5","41.79551","-87.58122","(41.79551, -87.58122)"
"251878","1212 S Plymouth Ct","60605","Municipal","> 50,000 Sq Ft","2025","Near South Side","33","3","41.86673","-87.62901","(41.86673, -87.62901)"
"255758","517 N Parkside Ave","60644","Commercial","> 50,000 Sq Ft","2025","Austin","25","29","41.88511","-87.76714","(41.88511, -87.76714)"
"160184","29 E Madison St","60602","Commercial","> 50,000 Sq Ft","2025","Loop","32","42","41.88183","-87.6267","(41.88183, -87.6267)"
"250058","4314 S Cottage Grove Ave","60653","Municipal","> 50,000 Sq Ft","2027","Grand Boulevard","38","4","41.81634","-87.60675","(41.81634, -87.60675)"
"103264","2941 S Michigan Ave","60616","Residential","> 50,000 Sq Ft","2025","Douglas","35","3","41.8455","-87.63056","(41.8455, -87.63056)"
"172786","619 645 E Woodland Park","60616","Residential","> 50,000 Sq Ft","2025","Douglas","35","4","41.8455","-87.63056","(41.8455, -87.63056)"
"160214","700 W Fullerton Ave","60614","Commercial","> 250,000 Sq Ft","2025","Lincoln Park","7","43","41.92549","-87.64644","(41.92549, -87.64644)"
"125148","5829 S Archer Ave","60638","Commercial","> 50,000 Sq Ft","2025","Garfield Ridge","56","23","41.79566","-87.75923","(41.79566, -87.75923)"
"256963","4351 S Drexel Boulevard","60653","Commercial","> 50,000 Sq Ft","2025","Kenwood","39","4","41.81851","-87.61148","(41.81851, -87.61148)"
"251570","1845 N Springfield Ave","60647","Municipal","> 50,000 Sq Ft","2025","Hermosa","20","26","41.91472","-87.72399","(41.91472, -87.72399)"
"121212","333 E Benton Pl","60601","Commercial","> 50,000 Sq Ft","2027","Loop","32","42","41.88548","-87.61846","(41.88548, -87.61846)"
"135134","500 - 510 N Dearborn St","60654","Commercial","> 50,000 Sq Ft","2027","Near North Side","8","42","41.89087","-87.62991","(41.89087, -87.62991)"
"226985","7321 S South Shore Dr","60649","Residential","> 50,000 Sq Ft","2025","South Shore","43","7","41.76368","-87.56017","(41.76368, -87.56017)"
"251757","6024 W Warwick Ave","60634","Municipal","> 50,000 Sq Ft","2027","Dunning","17","38","41.94895","-87.77785","(41.94895, -87.77785)"
"109576","7200 7216 N Ridge Blvd","60645","Residential","> 50,000 Sq Ft","2026","West Ridge","2","49","42.0088","-87.69503","(42.0088, -87.69503)"
"254101","3400 N Lake Shore Dr","60657","Residential","> 50,000 Sq Ft","2025","Lake View","6","44","41.93986","-87.65846","(41.93986, -87.65846)"
"168225","2970 N Sheridan Rd","60657","Residential","> 50,000 Sq Ft","2025","Lake View","6","44","41.93627","-87.63935","(41.93627, -87.63935)"
"120624","2641 W Harrison St","60612","Commercial","> 50,000 Sq Ft","2027","East Garfield Park","27","28","41.87341","-87.69236","(41.87341, -87.69236)"
"256570","904 W Washington Blvd","60607","Residential","> 50,000 Sq Ft","2027","Near West Side","28","27","41.86387","-87.64682","(41.86387, -87.64682)"
"251639","6700 N Greenview Ave","60626","Municipal","> 50,000 Sq Ft","2025","Rogers Park","1","49","42.00367","-87.66814","(42.00367, -87.66814)"
"150324","201 W Grand Ave","60654","Residential","> 50,000 Sq Ft","2025","Near North Side","8","42","41.89198","-87.637","(41.89198, -87.637)"
"158438","430 N Michigan Ave","60611","Commercial","> 250,000 Sq Ft","2025","Near North Side","8","42","41.89038","-87.62468","(41.89038, -87.62468)"
"172495","1601 N Harlem Ave","60707","Commercial","> 250,000 Sq Ft",,"Austin","25","29","41.90892","-87.80574","(41.90892, -87.80574)"
"250050","244 E Pershing Rd","60653","Municipal","> 250,000 Sq Ft","2025","Douglas","35","3","41.82435","-87.61981","(41.82435, -87.61981)"
"111976","2800  N Pine Grove Ave","60657","Residential","> 50,000 Sq Ft","2025","Lake View","6","44","41.93985","-87.65845","(41.93985, -87.65845)"
"138293","4617 4625 N Sheridan Rd","60640","Residential","> 50,000 Sq Ft","2025","Uptown","3","46","41.97223","-87.6646","(41.97223, -87.6646)"
"256887","1700 N Western Ave","60647","Residential","> 50,000 Sq Ft","2025","West Town","24","1","41.92079","-87.69098","(41.92079, -87.69098)"
"118332","840 N Michigan Ave","60611","Commercial","> 50,000 Sq Ft","2025","Near North Side","8","42","41.89814","-87.62412","(41.89814, -87.62412)"
"243578","2400 N Lakeview Ave","60614","Residential","> 250,000 Sq F","2027","Lincoln Park","7","43","41.92587","-87.63943","(41.92587, -87.63943)"
"256458","1901 W Madison St","60612","Commercial","> 50,000 Sq Ft","2025","Near West Side","28","27","41.88125","-87.67448","(41.88125, -87.67448)"
"101592","5452 5466 S Ellis Ave","60615","Residential","> 50,000 Sq Ft","2025","Hyde Park","41","5","41.80224","-87.60333","(41.80224, -87.60333)"
"256677","1143 S Plymouth Court","60605","Residential","> 50,000 Sq Ft","2026","Loop","32","4","41.86949","-87.62586","(41.86949, -87.62586)"
"105608","513 519 W Briar Pl","60657","Residential","> 50,000 Sq Ft","2025","Lake View","6","44","41.93985","-87.65845","(41.93985, -87.65845)"
"102803","4845  S Western Ave","60609","Commercial","> 50,000 Sq Ft","2025","New City","61","15","41.81195","-87.65513","(41.81195, -87.65513)"
"175885","3158  W Roosevelt Rd","60612","Residential","> 50,000 Sq Ft","2025","North Lawndale","29","24","41.88112","-87.68649","(41.88112, -87.68649)"
"175185","1949 1959 E 71st St","60649","Residential","> 50,000 Sq Ft","2024","South Shore","43","5","41.76259","-87.57232","(41.76259, -87.57232)"
"250149","216 W Jackson Blvd","60606","Commercial","> 50,000 Sq Ft","2023","Loop","32","42","41.87843","-87.6345","(41.87843, -87.6345)"
"112013","6455  W Belle Plaine Ave","60634","Residential","> 50,000 Sq Ft","2025","Dunning","17","38","41.9453","-87.80187","(41.9453, -87.80187)"
"103684","676 N St Clair St","60611","Commercial","> 250,000 Sq Ft","2027","Near North Side","8","42","41.89442","-87.62279","(41.89442, -87.62279)"
"254057","932 W Washington Blvd","60607","Commercial","> 50,000 Sq Ft","2025","Near West Side","28","27","41.8743","-87.65018","(41.8743, -87.65018)"
"175890","5400 N Sheridan Rd","60640","Residential","> 50,000 Sq Ft","2027","Edgewater","77","48","41.97223","-87.6646","(41.97223, -87.6646)"
"175884","315 N Racine Ave","60607","Commercial","> 50,000 Sq Ft","2025","Near West Side","28","27","41.88712","-87.65681","(41.88712, -87.65681)"
"254987","1325 N Wells St","60610","Residential","> 50,000 Sq Ft","2024","Near North Side","8","2","41.90656","-87.63453","(41.90656, -87.63453)"
"175545","4015 4027 N Lincoln Ave","60618","Residential","> 50,000 Sq Ft","2025","North Center","5","47","41.94672","-87.7032","(41.94672, -87.7032)"
"257182","6230 South Cottage Grove Avenue","60637","Residential","> 50,000 Sq Ft","2025","Woodlawn","42","20","41.88323","-87.6324","(41.88323, -87.6324)"
"171991","6449 S Kilbourn Ave","60629","Commercial","> 50,000 Sq Ft","2025","West Lawn","65","13","41.77587","-87.73484","(41.77587, -87.73484)"
"119128","440 N Wells St","60654","Commercial","> 50,000 Sq Ft","2027","Near North Side","8","42","41.89024","-87.63406","(41.89024, -87.63406)"
"100179","2875 W 19th St","60623","Commercial","> 250,000 Sq Ft","2027","South Lawndale","30","12","41.85514","-87.69784","(41.85514, -87.69784)"
"120614","16 - 40 S Halsted St","60661","Commercial","> 50,000 Sq Ft","2025","Near West Side","28","27","41.88105","-87.64738","(41.88105, -87.64738)"
"255011","1209 W Albion Ave","60626","Residential","> 50,000 Sq Ft","2025","Rogers Park","1","49","42.00246","-87.66136","(42.00246, -87.66136)"
"251597","6940 S Merrill Ave","60649","Municipal","> 50,000 Sq Ft","2025","South Shore","43","5","41.7687","-87.57309","(41.7687, -87.57309)"
"253965","230 W Huron St","60654","Commercial","> 50,000 Sq Ft","2025","Near North Side","8","42","41.89158","-87.63784","(41.89158, -87.63784)"
"256667","6547 N Harlem Avenue","60631","Residential","> 50,000 Sq Ft","2026","Norwood Park","10","41","41.88425","-87.63245","(41.88425, -87.63245)"
"160217","201 N State St","60601","Residential","> 50,000 Sq Ft","2025","Loop","32","42","41.88621","-87.62774","(41.88621, -87.62774)"
"244360","1720 S Michigan Ave","60616","Residential","> 250,000 Sq F","2027","Near South Side","33","3","41.85862","-87.62421","(41.85862, -87.62421)"
"126126","4700 S Kedzie Ave","60632","Commercial","> 50,000 Sq Ft","2025","Brighton Park","58","14","41.8074","-87.70533","(41.8074, -87.70533)"
"251533","1501 N Greenview Ave","60642","Municipal","> 50,000 Sq Ft","2027","West Town","24","2","41.89983","-87.65764","(41.89983, -87.65764)"
"101841","122 S Michigan Ave","60603","Commercial","> 250,000 Sq Ft","2026","Loop","32","42","41.87991","-87.62493","(41.87991, -87.62493)"
"256964","10538 S Langley Avenue","60628","Commercial","> 50,000 Sq Ft","2025","Pullman","50","9","41.68711","-87.62527","(41.68711, -87.62527)"
"172557","3601 3613 S Wells St","60609","Residential","> 50,000 Sq Ft","2027","Armour Square","34","3","41.81195","-87.65513","(41.81195, -87.65513)"
"111553","1660  N Hudson Ave","60614","Residential","> 50,000 Sq Ft","2026","Lincoln Park","7","43","41.92201","-87.65462","(41.92201, -87.65462)"
"173658","210 222 W Superior St","60654","Commercial","> 50,000 Sq Ft","2027","Near North Side","8","42","41.89562","-87.63484","(41.89562, -87.63484)"
"112188","3000 S King Dr","60616","Municipal","> 250,000 Sq Ft","2025","Douglas","35","4","41.84051","-87.61755","(41.84051, -87.61755)"
"244523","933 W Van Buren St","60607","Residential","> 250,000 Sq F","2027","Near West Side","28","25","41.87626","-87.65105","(41.87626, -87.65105)"
"256817","4424 S Cottage Grove Ave","60653","Residential","> 50,000 Sq Ft","2025","Grand Boulevard","38","4","41.81681","-87.60778","(41.81681, -87.60778)"
"251492","5055 S State St","60609","Municipal","> 50,000 Sq Ft","2025","Grand Boulevard","38","3","41.80222","-87.6251","(41.80222, -87.6251)"
"252036","1101 E 56th St","60637","Commercial","> 50,000 Sq Ft","2027","Hyde Park","41","5","41.7932","-87.59963","(41.7932, -87.59963)"
"172154","6320 S Dorchester Ave","60637","Commercial","> 50,000 Sq Ft","2025","Woodlawn","42","20","41.78008","-87.59159","(41.78008, -87.59159)"
"251744","3900 N Lawndale Ave","60618","Municipal","> 50,000 Sq Ft","2025","Irving Park","16","45","41.95226","-87.72084","(41.95226, -87.72084)"
"156879","170 W Oak St","60610","Residential","> 50,000 Sq Ft","2025","Near North Side","8","2","41.90094","-87.63406","(41.90094, -87.63406)"
"257026","8747 W Bryn Mawr Ave","60631","Residential","> 50,000 Sq Ft","2026","O'Hare","76","41","41.9991","-87.81389","(41.9991, -87.81389)"
"251793","5472 S Kimbark Ave","60615","Commercial","> 50,000 Sq Ft","2025","Hyde Park","41","5","41.7959","-87.59557","(41.7959, -87.59557)"
"111724","1872  N Clybourn Ave","60614","Residential","> 50,000 Sq Ft","2025","Lincoln Park","7","2","41.92201","-87.65462","(41.92201, -87.65462)"
"100631","6200 S Hamlin Ave","60629","Municipal","> 50,000 Sq Ft","2025","West Lawn","65","23","41.77984","-87.71919","(41.77984, -87.71919)"
"160319","500 N Lake Shore Dr","60611","Residential","> 250,000 Sq F","2025","Near North Side","8","42","41.892","-87.61467","(41.892, -87.61467)"
"135716","225 W Hubbard St","60654","Commercial","> 50,000 Sq Ft","2024","Near North Side","8","42","41.88994","-87.6353","(41.88994, -87.6353)"
"175683","9400 S Ashland Ave","60620","Commercial","> 50,000 Sq Ft","2026","Washington Heights","73","21","41.7228","-87.66276","(41.7228, -87.66276)"
"132207","2600 N Western Ave","60647","Commercial","> 50,000 Sq Ft","2027","Logan Square","22","32","41.92926","-87.68785","(41.92926, -87.68785)"
"156874","66 W Oak St","60610","Commercial","> 50,000 Sq Ft","2025","Near North Side","8","2","41.90073","-87.63097","(41.90073, -87.63097)"
"254159","3205 W Carmen Ave","60625","Commercial","> 50,000 Sq Ft","2026","Albany Park","14","33","41.88425","-87.63245","(41.88425, -87.63245)"
"124139","2303  N Clybourn Ave","60614","Residential","> 50,000 Sq Ft","2025","Lincoln Park","7","2","41.92201","-87.65462","(41.92201, -87.65462)"
"251467","955 W Garfield Blvd","60621","Municipal","> 50,000 Sq Ft","2026","Englewood","68","16","41.79387","-87.64924","(41.79387, -87.64924)"
"151835","500 514 S Laramie Ave","60644","Residential","> 50,000 Sq Ft","2027","Austin","25","29","41.88039","-87.75827","(41.88039, -87.75827)"
"254372","3750 W Ogden Ave","60623","Commercial","> 50,000 Sq Ft","2025","North Lawndale","29","24","41.85794","-87.71522","(41.85794, -87.71522)"
"101848","200 W Monroe","60606","Commercial","> 250,000 Sq Ft","2025","Loop","32","42","41.88103","-87.63432","(41.88103, -87.63432)"
"101919","140 S Dearborn St","60603","Commercial","> 250,000 Sq Ft","2025","Loop","32","42","41.87978","-87.62973","(41.87978, -87.62973)"
"252297","2575 W Lyndale","60647","Residential","> 50,000 Sq Ft","2025","Logan Square","22","1","41.92242","-87.69209","(41.92242, -87.69209)"
"160237","134 N Lasalle St","60602","Commercial","> 50,000 Sq Ft","2025","Loop","32","42","41.88412","-87.63274","(41.88412, -87.63274)"
"257196","3605 N Ravenswood Ave","60613","Commercial","> 50,000 Sq Ft",,"Lake View","6","47","41.95488","-87.65609","(41.95488, -87.65609)"
"112834","5525 N Winthrop Ave","60640","Residential","> 50,000 Sq Ft","2027","Edgewater","77","48","41.97223","-87.6646","(41.97223, -87.6646)"
"252065","280 S Columbus Dr","60603","Commercial","> 50,000 Sq Ft","2024","Loop","32","42","41.87873","-87.6208","(41.87873, -87.6208)"
"134914","401 E Ontario St","60654","Commercial","> 50,000 Sq Ft","2025","Near North Side","8","42","41.8931","-87.63871","(41.8931, -87.63871)"
"237422","653 N Kingsbury St","60654","Residential","> 250,000 Sq F","2027","Near North Side","8","42","41.89367","-87.64108","(41.89367, -87.64108)"
"101676","8725- 8745 W Higgins Rd","60631","Commercial","> 250,000 Sq Ft","2025","Ohare","76","41","41.98681","-87.84464","(41.98681, -87.84464)"
"255945","1140 S Wabash Ave","60605","Residential","> 250,000 Sq F","2025","Loop","32","4","41.86815","-87.62702","(41.86815, -87.62702)"
"163619","211 E Ohio St","60611","Residential","> 250,000 Sq F","2025","Near North Side","8","42","41.89216","-87.62133","(41.89216, -87.62133)"
"172448","100 118 N Pulaski Rd","60624","Residential","> 50,000 Sq Ft","2025","West Garfield Park","26","28","41.88082","-87.72328","(41.88082, -87.72328)"
"118892","849 N Franklin St","60610","Residential","> 250,000 Sq F","2027","Near North Side","8","2","41.89773","-87.63568","(41.89773, -87.63568)"
"254373","3949 W North Ave","60647","Residential","> 50,000 Sq Ft","2027","Humboldt Park","23","26","41.91724","-87.6849","(41.91724, -87.6849)"
"251499","3149 N Wolcott Ave","60657","Municipal","> 50,000 Sq Ft","2025","North Center","5","32","41.93918","-87.67522","(41.93918, -87.67522)"
"120830","6300  N California Ave","60659","Commercial","> 50,000 Sq Ft","2025","West Ridge","2","50","41.99046","-87.70621","(41.99046, -87.70621)"
"101572","4445 S Drexel Blvd","60653","Municipal","> 250,000 Sq Ft","2027","Kenwood","39","4","41.81385","-87.60295","(41.81385, -87.60295)"
"257088","4942 W 44th St","60638","Residential","> 50,000 Sq Ft","2025","Garfield Ridge","56","22","41.79805","-87.75878","(41.79805, -87.75878)"
"254076","340 E North Water St","60611","Residential","> 250,000 Sq F","2025","Near North Side","8","42","41.89579","-87.62247","(41.89579, -87.62247)"
"116462","2355  E 67th St","60649","Commercial","> 50,000 Sq Ft","2025","South Shore","43","5","41.76259","-87.57232","(41.76259, -87.57232)"
"254166","1001 1025 W Loyola Ave","60626","Commercial","> 50,000 Sq Ft","2027","Rogers Park","1","49","42.00159","-87.65674","(42.00159, -87.65674)"
"243626","303 W Ohio St","60654","Residential","> 250,000 Sq F","2027","Near North Side","8","42","41.89234","-87.6358","(41.89234, -87.6358)"
"103816","330 N Wabash Av","60611","Commercial","> 250,000 Sq Ft","2027","Near North Side","8","42","41.88864","-87.62752","(41.88864, -87.62752)"
"172124","1165 N Clark St","60610","Commercial","> 50,000 Sq Ft","2024","Near North Side","8","2","41.90364","-87.63104","(41.90364, -87.63104)"
"251873","2111 W 47th St","60609","Municipal","> 50,000 Sq Ft","2025","New City","61","15","41.80846","-87.67764","(41.80846, -87.67764)"
"256555","2350 N Lincoln Ave","60614","Commercial","> 50,000 Sq Ft","2027","Lincoln Park","7","43","41.9222","-87.64961","(41.9222, -87.64961)"
"172406","2325  W Jackson Blvd","60612","Residential","> 250,000 Sq F","2027","Near West Side","28","27","41.88112","-87.68649","(41.88112, -87.68649)"
"172565","125 E 21st St","60616","Residential","> 50,000 Sq Ft","2026","Near South Side","33","3","41.8455","-87.63056","(41.8455, -87.63056)"
"175927","1660  E 55th St","60615","Residential","> 50,000 Sq Ft","2025","Hyde Park","41","5","41.80224","-87.60333","(41.80224, -87.60333)"
"173908","5000  S Cornell Ave","60615","Residential","> 50,000 Sq Ft","2025","Kenwood","39","5","41.80224","-87.60333","(41.80224, -87.60333)"
"138514","2323 N Sheffield Ave","60614","Commercial","> 50,000 Sq Ft","2027","Lincoln Park","7","43","41.92481","-87.65324","(41.92481, -87.65324)"
"142943","420  W Grand Ave","60654","Residential","> 50,000 Sq Ft","2025","Near North Side","8","42","41.89198","-87.637","(41.89198, -87.637)"
"101762","50 W Washington","60602","Municipal","> 250,000 Sq Ft","2027","Loop","32","42","41.8841","-87.6302","(41.8841, -87.6302)"
"250070","844 W 32nd St","60608","Residential","> 50,000 Sq Ft","2027","Bridgeport","60","11","41.83658","-87.64816","(41.83658, -87.64816)"
"250175","1122 W Catalpa Ave","60640","Residential","> 50,000 Sq Ft","2025","Edgewater","77","48","41.98243","-87.6591","(41.98243, -87.6591)"
"160300","750 N Rush St","60611","Residential","> 250,000 Sq F","2027","Near North Side","8","42","41.89632","-87.62554","(41.89632, -87.62554)"
"254571","1664 W Division St","60622","Residential","> 50,000 Sq Ft","2025","West Town","24","1","41.90327","-87.67473","(41.90327, -87.67473)"
"243190","2 E Erie St","60611","Residential","> 250,000 Sq F","2027","Near North Side","8","42","41.89435","-87.62772","(41.89435, -87.62772)"
"159799","6101 N Sheridan Road","60660","Residential","> 50,000 Sq Ft","2025","Edgewater","77","48","41.99253","-87.65506","(41.99253, -87.65506)"
"101409","2715  N Cicero Ave","60639","Commercial","> 50,000 Sq Ft","2025","Belmont Cragin","19","31","41.92039","-87.75617","(41.92039, -87.75617)"
"105991","162 164 E Ontario St","60611","Residential","> 50,000 Sq Ft","2027","Near North Side","8","42","41.89579","-87.62248","(41.89579, -87.62248)"
"120631","4707 S. Marshfield Ave.","60609","Commercial","> 50,000 Sq Ft","2025","New City","61","20","41.80834","-87.6656","(41.80834, -87.6656)"
"255012","1330 E 53rd St","60615","Residential","> 50,000 Sq Ft","2027","Hyde Park","41","4","41.79956","-87.59384","(41.79956, -87.59384)"
"175736","910  W Lawrence Ave","60640","Residential","> 50,000 Sq Ft","2025","Uptown","3","46","41.97223","-87.6646","(41.97223, -87.6646)"
"251218","1335 S Prairie Ave","60605","Residential","> 250,000 Sq F","2027","Near South Side","33","3","41.86483","-87.62071","(41.86483, -87.62071)"
"253993","2500 N Lakeview Ave","60614","Residential","> 250,000 Sq F","2025","Lincoln Park","7","43","41.92174","-87.65392","(41.92174, -87.65392)"
"256838","5841 S. Maryland Ave","60637","Commercial","> 250,000 Sq Ft","2024","Hyde Park","41","5","41.88425","-87.63245","(41.88425, -87.63245)"
"251309","4815 S Western Blvd","60609","Commercial","> 50,000 Sq Ft","2024","New City","61","15","41.80625","-87.68315","(41.80625, -87.68315)"
"118695","2825  S Halsted","60608","Commercial","> 50,000 Sq Ft","2025","Bridgeport","60","11","41.84915","-87.6709","(41.84915, -87.6709)"
"160455","28 E Jackson Blvd","60604","Residential","> 50,000 Sq Ft","2027","Loop","32","42","41.87826","-87.62678","(41.87826, -87.62678)"
"256782","110 N Wacker Dr","60606","Commercial","> 250,000 Sq Ft","2026","Loop","32","42","41.8816","-87.63676","(41.8816, -87.63676)"
"160369","6040 S Harper Ave","60637","Residential","> 250,000 Sq F","2025","Woodlawn","42","5","41.7852","-87.58858","(41.7852, -87.58858)"
"188280","5200 5208 S Blackstone Ave","60615","Residential","> 50,000 Sq Ft","2025","Hyde Park","41","4","41.80079","-87.59048","(41.80079, -87.59048)"
"257185","1221 W Sherwin Avenue","60626","Residential","> 50,000 Sq Ft","2025","Rogers Park","1","49","41.88323","-87.6324","(41.88323, -87.6324)"
"257201","1100 W Grand Ave","60642","Commercial","> 50,000 Sq Ft",,"West Town","24","27","41.89983","-87.66192","(41.89983, -87.66192)"
"131428","217 235 W Huron St","60654","Residential","> 50,000 Sq Ft","2025","Near North Side","8","42","41.89198","-87.637","(41.89198, -87.637)"
"173874","5400 5406 N Kenmore Ave","60640","Residential","> 50,000 Sq Ft","2025","Edgewater","77","48","41.97223","-87.6646","(41.97223, -87.6646)"
"171956","465 W Cermak Rd","60616","Commercial","> 50,000 Sq Ft",,"Armour Square","34","11","41.85229","-87.63995","(41.85229, -87.63995)"
"173617","105 W Madison St","60602","Commercial","> 50,000 Sq Ft","2025","Loop","32","42","41.88195","-87.63114","(41.88195, -87.63114)"
"118140","1030 W Division St","60642","Commercial","> 50,000 Sq Ft","2024","Near North Side","8","27","41.90475","-87.65433","(41.90475, -87.65433)"
"260042","333 E Ontario St","60611","Residential","> 250,000 Sq F","2027","Near North Side","8","42","41.89323","-87.61866","(41.89323, -87.61866)"
"175340","4310 4322 N Clarendon Ave","60613","Residential","> 50,000 Sq Ft","2024","Uptown","3","46","41.95402","-87.66203","(41.95402, -87.66203)"
"156750","800 810 N Clark St","60610","Residential","> 50,000 Sq Ft","2027","Near North Side","8","2","41.89707","-87.63158","(41.89707, -87.63158)"
"257045","513 S Damen Ave","60612","Residential","> 50,000 Sq Ft","2025","Near West Side","28","28","41.88078","-87.68395","(41.88078, -87.68395)"
"175819","5638 5646 N Clark St","60660","Residential","> 50,000 Sq Ft","2025","Edgewater","77","40","41.9909","-87.66661","(41.9909, -87.66661)"
"159565","1501 N State Pkwy","60610","Residential","> 50,000 Sq Ft","2025","Near North Side","8","43","41.90977","-87.62842","(41.90977, -87.62842)"
"234374","330 N Jefferson Ct","60661","Residential","> 250,000 Sq F","2025","Near West Side","28","42","41.88775","-87.64395","(41.88775, -87.64395)"
"158780","4001 N Ravenswood Ave","60613","Commercial","> 50,000 Sq Ft","2025","Lake View","6","47","41.95448","-87.67335","(41.95448, -87.67335)"
"102455","5807 S Woodlawn Ave","60637","Commercial","> 250,000 Sq Ft","2027","Hyde Park","41","5","41.78914","-87.59555","(41.78914, -87.59555)"
"251696","5235 S State St","60609","Municipal","> 50,000 Sq Ft","2025","Washington Heights","73","3","41.7994","-87.62578","(41.7994, -87.62578)"
"102452","1100 E 57th St","60637","Commercial","> 250,000 Sq Ft","2027","Hyde Park","41","5","41.79221","-87.59995","(41.79221, -87.59995)"
"240540","333 N Canal St","60606","Residential","> 250,000 Sq F","2025","Near West Side","28","42","41.88744","-87.63948","(41.88744, -87.63948)"
"252319","7425 S South Shore Dr","60649","Residential","> 50,000 Sq Ft","2025","South Shore","43","7","41.76149","-87.55803","(41.76149, -87.55803)"
"255504","601 W Polk Street","60607","Commercial","> 50,000 Sq Ft","2025","Near West Side","28","25","41.88","-87.65484","(41.88, -87.65484)"
"136830","3400 3428 S Indiana Ave","60616","Commercial","> 50,000 Sq Ft","2025","Douglas","35","3","41.8455","-87.63056","(41.8455, -87.63056)"
"252027","8130 S California Ave","60652","Commercial","> 50,000 Sq Ft","2027","Ashburn","70","18","41.74504","-87.69335","(41.74504, -87.69335)"
"251216","2440 N Lakeview Ave","60614","Residential","> 250,000 Sq F","2027","Lincoln Park","7","43","41.92674","-87.6392","(41.92674, -87.6392)"
"256883","369 W Grand Ave","60654","Residential","> 250,000 Sq F","2025","Near North Side","8","42","41.8924","-87.6338","(41.8924, -87.6338)"
"251773","7342 W Foster Ave","60656","Commercial","> 50,000 Sq Ft","2026","Norwood Park","10","41","41.97447","-87.81064","(41.97447, -87.81064)"
"102545","2106 E 87th St","60617","Municipal","> 250,000 Sq Ft","2025","Avalon Park","45","8","41.73713","-87.57302","(41.73713, -87.57302)"
"251912","1000 W 52nd St","60609","Municipal","> 50,000 Sq Ft","2025","New City","61","20","41.80002","-87.6505","(41.80002, -87.6505)"
"254156","5025 N Paulina St","60640","Commercial","> 250,000 Sq Ft","2025","Uptown","3","47","41.88425","-87.63245","(41.88425, -87.63245)"
"125048","218 S Wabash Av","60604","Commercial","> 50,000 Sq Ft","2024","Loop","32","42","41.87923","-87.62611","(41.87923, -87.62611)"
"254375","4150 S Pulaski Rd","60632","Commercial","> 50,000 Sq Ft","2026","Archer Heights","57","14","41.8197","-87.69451","(41.8197, -87.69451)"
"165274","1211 W Marquette Rd","60636","Residential","> 50,000 Sq Ft","2025","West Englewood","67","17","41.77201","-87.65476","(41.77201, -87.65476)"
"112300","5301  N Delphia Ave","60656","Residential","> 50,000 Sq Ft","2025","Ohare","76","41","41.97087","-87.79893","(41.97087, -87.79893)"
"105533","6228 6240 N Winthrop Ave","60660","Residential","> 50,000 Sq Ft","2027","Edgewater","77","48","41.9909","-87.66661","(41.9909, -87.66661)"
"251482","2410 S Leavitt St","60608","Municipal","> 50,000 Sq Ft","2025","Lower West Side","31","25","41.84795","-87.68124","(41.84795, -87.68124)"
"256563","1323 W Morse Ave","60626","Residential","> 50,000 Sq Ft","2026","Rogers Park","1","49","42.01031","-87.66842","(42.01031, -87.66842)"
"175450","56 60 W Randolph St","60601","Commercial","> 50,000 Sq Ft","2027","Loop","32","42","41.88448","-87.62973","(41.88448, -87.62973)"
"102332","1145 W Wilson Ave","60640","Commercial","> 250,000 Sq Ft","2025","Uptown","3","46","41.96453","-87.65901","(41.96453, -87.65901)"
"137352","901 W Jackson Blvd","60607","Commercial","> 50,000 Sq Ft","2027","Near West Side","28","25","41.87769","-87.64992","(41.87769, -87.64992)"
"251489","3444 W Wabansia Ave","60647","Municipal","> 50,000 Sq Ft","2025","Humboldt Park","23","26","41.91252","-87.71314","(41.91252, -87.71314)"
"256766","1802 S State St","60616","Residential","> 50,000 Sq Ft","2025","Near South Side","33","3","41.85284","-87.62862","(41.85284, -87.62862)"
"250141","180 N Wacker Dr","60606","Commercial","> 50,000 Sq Ft","2025","Loop","32","42","41.88533","-87.63725","(41.88533, -87.63725)"
"255939","5336 S State St","60609","Commercial","> 50,000 Sq Ft","2025","Washington Heights","73","3","41.8083","-87.66875","(41.8083, -87.66875)"
"156731","70 E Lake St","60601","Commercial","> 50,000 Sq Ft","2024","Loop","32","42","41.8858","-87.62554","(41.8858, -87.62554)"
"116418","6950  S Vincennes Ave","60621","Residential","> 50,000 Sq Ft","2025","Greater Grand Crossing","69","6","41.77613","-87.64069","(41.77613, -87.64069)"
"174189","16  N Morgan St","60607","Residential","> 50,000 Sq Ft","2025","Near West Side","28","25","41.87399","-87.65168","(41.87399, -87.65168)"
"256772","128 S Laflin St","60607","Residential","> 50,000 Sq Ft","2026","Near West Side","28","28","41.88321","-87.65877","(41.88321, -87.65877)"
"119387","1747 W Roosevelt Rd","60608","Commercial","> 50,000 Sq Ft","2025","Near West Side","28","28","41.86639","-87.67066","(41.86639, -87.67066)"
"106158","1100  N Lasalle Dr","60610","Residential","> 50,000 Sq Ft","2025","Near North Side","8","27","41.90375","-87.63559","(41.90375, -87.63559)"
"252095","1427 E 60th St","60637","Commercial","> 50,000 Sq Ft","2027","Woodlawn","42","20","41.78575","-87.59031","(41.78575, -87.59031)"
"251413","1440 S Christiana Ave","60623","Municipal","> 50,000 Sq Ft","2027","North Lawndale","29","24","41.86114","-87.70969","(41.86114, -87.70969)"
"251253","700 W Van Buren","60607","Residential","> 50,000 Sq Ft","2025","Near West Side","28","42","41.87696","-87.64429","(41.87696, -87.64429)"
"252066","65 E Monroe St","60603","Residential","> 250,000 Sq F","2027","Loop","32","42","41.88077","-87.6256","(41.88077, -87.6256)"
"252258","1222 W Roosevelt Rd","60608","Residential","> 250,000 Sq F","2025","Near West Side","28","28","41.86706","-87.65762","(41.86706, -87.65762)"
"134136","141 173 W Oak St","60610","Residential","> 50,000 Sq Ft","2026","Near North Side","8","2","41.90375","-87.63559","(41.90375, -87.63559)"
"158647","1317 1325 N State Pkwy","60610","Residential","> 50,000 Sq Ft","2025","Near North Side","8","43","41.90642","-87.62835","(41.90642, -87.62835)"
"101363","1101 1123 E Hyde Park Blvd","60615","Residential","> 50,000 Sq Ft","2025","Hyde Park","41","4","41.80224","-87.60333","(41.80224, -87.60333)"
"251768","213 W Institute Pl","60610","Commercial","> 50,000 Sq Ft","2025","Near North Side","8","27","41.89719","-87.6352","(41.89719, -87.6352)"
"174157","3434 3464 S Halsted St","60608","Residential","> 50,000 Sq Ft","2025","Bridgeport","60","11","41.84915","-87.6709","(41.84915, -87.6709)"
"103933","3161  N Cambridge Ave","60657","Residential","> 50,000 Sq Ft","2025","Lake View","6","44","41.93985","-87.65845","(41.93985, -87.65845)"
"251416","3221 N Sacramento Ave","60618","Municipal","> 50,000 Sq Ft","2025","Avondale","21","33","41.9401","-87.70193","(41.9401, -87.70193)"
"251733","6550 S Richmond St","60629","Municipal","> 50,000 Sq Ft","2025","Chicago Lawn","66","17","41.77422","-87.69771","(41.77422, -87.69771)"
"251512","5042 S Artesian Ave","60632","Municipal","> 50,000 Sq Ft","2025","Gage Park","63","14","41.80177","-87.68607","(41.80177, -87.68607)"
"256731","6448 S Tripp Avenue","60629","Commercial","> 50,000 Sq Ft","2027","West Lawn","65","13","41.78269","-87.69868","(41.78269, -87.69868)"
"172130","1220  N State Pkwy","60610","Residential","> 50,000 Sq Ft","2025","Near North Side","8","2","41.90375","-87.63559","(41.90375, -87.63559)"
"251341","60 E Monroe St","60603","Residential","> 250,000 Sq F","2027","Loop","32","42","41.88082","-87.62572","(41.88082, -87.62572)"
"104836","445  W Barry Ave","60657","Residential","> 50,000 Sq Ft","2025","Lake View","6","44","41.93985","-87.65845","(41.93985, -87.65845)"
"124056","211 223 S State St","60604","Commercial","> 50,000 Sq Ft","2025","Loop","32","42","41.87894","-87.62766","(41.87894, -87.62766)"
"118776","450 N Cityfront Plz","60611","Commercial","> 50,000 Sq Ft","2027","Near North Side","8","42","41.88969","-87.62197","(41.88969, -87.62197)"
"159729","820 W Belle Plaine Ave","60613","Residential","> 250,000 Sq F","2025","Uptown","3","46","41.95769","-87.65076","(41.95769, -87.65076)"
"115341","4880  N Marine Dr","60640","Residential","> 50,000 Sq Ft","2025","Uptown","3","46","41.97223","-87.6646","(41.97223, -87.6646)"
"251238","560 W Fulton","60661","Residential","> 50,000 Sq Ft","2025","Near West Side","28","42","41.88683","-87.64191","(41.88683, -87.64191)"
"109891","5460 5472 S Woodlawn Ave","60615","Residential","> 50,000 Sq Ft","2025","Hyde Park","41","5","41.80224","-87.60333","(41.80224, -87.60333)"
"100001","1431 N Claremont Ave","60622","Commercial","> 250,000 Sq Ft","2027","West Town","24","1","41.90744","-87.68538","(41.90744, -87.68538)"
"229823","5040-5060 N Marine","60640","Residential","> 250,000 Sq F","2025","Uptown","3","48","41.97474","-87.65144","(41.97474, -87.65144)"
"256767","146 W Erie St","60654","Residential","> 50,000 Sq Ft","2025","Near North Side","8","42","41.89238","-87.63491","(41.89238, -87.63491)"
"251788","10155 S Ewing Ave","60617","Commercial","> 50,000 Sq Ft","2025","East Side","52","10","41.71091","-87.53524","(41.71091, -87.53524)"
"251577","8010 S Kostner Ave","60652","Municipal","> 50,000 Sq Ft","2025","Ashburn","70","18","41.74715","-87.73234","(41.74715, -87.73234)"
"117167","4848  N Kedzie Ave","60625","Residential","> 50,000 Sq Ft","2025","Albany Park","14","33","41.97208","-87.70235","(41.97208, -87.70235)"
"250165","322 E Illinois St","60611","Commercial","> 250,000 Sq Ft","2027","Near North Side","8","42","41.89145","-87.6189","(41.89145, -87.6189)"
"142759","124  W Polk St","60605","Residential","> 50,000 Sq Ft","2025","Loop","32","4","41.86863","-87.62731","(41.86863, -87.62731)"
"255920","1920 N Milwaukee Ave","60647","Residential","> 50,000 Sq Ft","2025","Logan Square","22","32","41.9174","-87.68401","(41.9174, -87.68401)"
"102239","1061  E 41st Pl","60653","Residential","> 50,000 Sq Ft","2027","Oakland","36","4","41.82021","-87.61247","(41.82021, -87.61247)"
"256783","5252 S Cornell Ave","60615","Residential","> 250,000 Sq F","2027","Hyde Park","41","5","41.80097","-87.59149","(41.80097, -87.59149)"
"251653","116 N Leclaire Ave","60644","Municipal","> 50,000 Sq Ft","2025","Austin","25","28","41.88221","-87.75311","(41.88221, -87.75311)"
"256554","2345 N Lincoln Ave","60614","Residential","> 250,000 Sq F","2027","Lincoln Park","7","43","41.9222","-87.64961","(41.9222, -87.64961)"
"253995","1017 W Washington Blvd","60607","Residential","> 50,000 Sq Ft","2025","Near West Side","28","25","41.8743","-87.65018","(41.8743, -87.65018)"
"256788","105 N May St","60607","Residential","> 50,000 Sq Ft","2027","Near West Side","28","27","41.88321","-87.65877","(41.88321, -87.65877)"
"251275","101 E Erie","60611","Residential","> 250,000 Sq F","2025","Near North Side","8","42","41.8956","-87.62299","(41.8956, -87.62299)"
"113474","517 525 N Halsted St","60642","Residential","> 50,000 Sq Ft","2023","West Town","24","27","41.89992","-87.65739","(41.89992, -87.65739)"
"160134","400 E 41st St","60653","Residential","> 250,000 Sq F","2025","Grand Boulevard","38","3","41.82049","-87.61632","(41.82049, -87.61632)"
"149001","201  W 69th St","60621","Commercial","> 50,000 Sq Ft","2027","Greater Grand Crossing","69","6","41.77613","-87.64069","(41.77613, -87.64069)"
"159981","7447 S South Shore Dr","60649","Residential","> 250,000 Sq F","2025","South Shore","43","7","41.76111","-87.55764","(41.76111, -87.55764)"
"159560","1730 N Clark St","60614","Residential","> 250,000 Sq F","2025","Lincoln Park","7","43","41.91378","-87.63384","(41.91378, -87.63384)"
"133059","6104 6110 S Woodlawn Ave","60637","Residential","> 50,000 Sq Ft","2025","Woodlawn","42","20","41.78046","-87.60531","(41.78046, -87.60531)"
"175198","4840  N Broadway","60640","Residential","> 50,000 Sq Ft","2025","Uptown","3","46","41.97223","-87.6646","(41.97223, -87.6646)"
"254371","3720 S Dearborn St","60609","Residential","> 50,000 Sq Ft","2025","Douglas","35","3","41.80852","-87.66802","(41.80852, -87.66802)"
"251651","3740 W 31st St","60623","Municipal","> 50,000 Sq Ft","2025","South Lawndale","30","22","41.83791","-87.71884","(41.83791, -87.71884)"
"106014","211 213 E Delaware Pl","60611","Residential","> 50,000 Sq Ft","2025","Near North Side","8","2","41.89579","-87.62248","(41.89579, -87.62248)"
"103614","225 E Chicago Ave","60611","Commercial","> 250,000 Sq Ft","2026","Near North Side","8","2","41.89676","-87.62156","(41.89676, -87.62156)"
"106067","4653 4661 S Lake Park Ave","60653","Residential","> 50,000 Sq Ft","2025","Kenwood","39","4","41.82021","-87.61247","(41.82021, -87.61247)"
"118349","321 S Plymouth Ct","60604","Commercial","> 50,000 Sq Ft","2027","Loop","32","4","41.87762","-87.62845","(41.87762, -87.62845)"
"100489","4520 4528 S Drexel Blvd","60653","Residential","> 50,000 Sq Ft","2025","Kenwood","39","4","41.82021","-87.61247","(41.82021, -87.61247)"
"113548","1450  N Astor St","60610","Residential","> 50,000 Sq Ft","2027","Near North Side","8","43","41.90375","-87.63559","(41.90375, -87.63559)"
"115605","6250 6258 S Park Shore East Ct","60637","Residential","> 50,000 Sq Ft","2025","Woodlawn","42","5","41.78046","-87.60531","(41.78046, -87.60531)"
"250173","322 S Green St","60607","Commercial","> 50,000 Sq Ft","2025","Near West Side","28","27","41.87701","-87.64872","(41.87701, -87.64872)"
"100148","7144 7148 S Jeffery Blvd","60649","Residential","> 50,000 Sq Ft","2025","South Shore","43","5","41.76259","-87.57232","(41.76259, -87.57232)"
"256423","10 W 33rd Street","60616","Commercial","> 50,000 Sq Ft","2025","Douglas","35","3","41.84233","-87.62715","(41.84233, -87.62715)"
"175676","4554 N Broadway St","60640","Commercial","> 50,000 Sq Ft","2025","Uptown","3","46","41.96465","-87.65732","(41.96465, -87.65732)"
"116702","1521  S Wabash Ave","60605","Residential","> 50,000 Sq Ft","2025","Near South Side","33","3","41.86863","-87.62731","(41.86863, -87.62731)"
"164090","2258 N Clybourn Ave","60614","Commercial","> 50,000 Sq Ft","2026","Lincoln Park","7","2","41.92286","-87.66662","(41.92286, -87.66662)"
"255958","625 W Adams St","60661","Commercial","> 250,000 Sq Ft","2025","Near West Side","28","42","41.8817","-87.64285","(41.8817, -87.64285)"
"100507","4950 4952 S Prairie Ave","60615","Residential","> 50,000 Sq Ft","2025","Grand Boulevard","38","3","41.80224","-87.60333","(41.80224, -87.60333)"
"257033","8727 W Bryn Mawr Ave","60631","Residential","> 50,000 Sq Ft","2026","O'Hare","76","41","41.9991","-87.81389","(41.9991, -87.81389)"
"254115","2301 15 S Archer Ave","60616","Residential","> 50,000 Sq Ft","2025","Armour Square","34","25","41.88425","-87.63245","(41.88425, -87.63245)"
"241767","340 E Randolph St","60601","Residential","> 250,000 Sq F","2025","Loop","32","42","41.88484","-87.61889","(41.88484, -87.61889)"
"251543","7525 S Harvard Ave","60620","Municipal","> 50,000 Sq Ft","2025","Greater Grand Crossing","69","6","41.75747","-87.63228","(41.75747, -87.63228)"
"251405","4409 W Wilcox St","60624","Municipal","> 50,000 Sq Ft","2025","West Garfield Park","26","28","41.87871","-87.73579","(41.87871, -87.73579)"
"221086","1500 N Lakeshore Dr","60610","Residential","> 250,000 Sq F","2027","Near North Side","8","43","41.90981","-87.62675","(41.90981, -87.62675)"
"254564","6530 W Irving Park Rd","60634","Residential","> 50,000 Sq Ft","2025","Dunning","17","38","41.93832","-87.78904","(41.93832, -87.78904)"
"251383","4820 W Walton St","60651","Municipal","> 50,000 Sq Ft","2025","Austin","25","37","41.89802","-87.74699","(41.89802, -87.74699)"
"173630","111  W Huron St","60654","Residential","> 50,000 Sq Ft","2025","Near North Side","8","42","41.89198","-87.637","(41.89198, -87.637)"
"158740","707 W Waveland Ave","60613","Residential","> 50,000 Sq Ft","2025","Lake View","6","46","41.94929","-87.64692","(41.94929, -87.64692)"
"172670","6560 W Fullerton Ave","60707","Commercial","> 250,000 Sq Ft","2027","Belmont Cragin","19","36","41.92369","-87.78883","(41.92369, -87.78883)"
"159311","1212 S Michigan Ave","60605","Residential","> 250,000 Sq F","2025","Near South Side","33","3","41.86688","-87.62464","(41.86688, -87.62464)"
"256794","6342 S Green","60621","Residential","> 50,000 Sq Ft","2026","Englewood","68","16","41.76985","-87.64316","(41.76985, -87.64316)"
"159982","9141 - 9177 S South Chicago Ave","60617","Residential","> 50,000 Sq Ft","2027","South Chicago","46","7","41.72901","-87.55426","(41.72901, -87.55426)"
"251746","5501 N Kedzie Ave","60625","Municipal","> 50,000 Sq Ft","2025","North Park","13","40","41.9811","-87.7078","(41.9811, -87.7078)"
"101907","225 W Washington St","60606","Commercial","> 250,000 Sq Ft","2025","Loop","32","42","41.88286","-87.63499","(41.88286, -87.63499)"
"175979","6800  S Keating Ave","60629","Commercial","> 50,000 Sq Ft","2025","West Lawn","65","13","41.77517","-87.7139","(41.77517, -87.7139)"
"256958","11640 S Marshfield Ave","60643","Commercial","> 250,000 Sq Ft","2025","Washington Heights","73","21","41.88425","-87.63245","(41.88425, -87.63245)"
"125763","7050 S Pulaski Rd","60629","Commercial","> 50,000 Sq Ft","2025","West Lawn","65","13","41.76349","-87.7239","(41.76349, -87.7239)"
"175743","3000 3030 W Marquette Rd","60629","Residential","> 50,000 Sq Ft","2025","Chicago Lawn","66","17","41.77517","-87.7139","(41.77517, -87.7139)"
"104511","1040  W Hollywood Ave","60660","Residential","> 50,000 Sq Ft","2025","Edgewater","77","48","41.9909","-87.66661","(41.9909, -87.66661)"
"250114","116 W Elm St","60610","Residential","> 50,000 Sq Ft","2027","Near North Side","8","27","41.90316","-87.63183","(41.90316, -87.63183)"
"157832","5645 W Addison St","60634","Commercial","> 250,000 Sq Ft","2025","Portage Park","15","36","41.94536","-87.76777","(41.94536, -87.76777)"
"257223","465 N Carpenter St","60642","Residential","> 50,000 Sq Ft",,"West Town","24","27","41.89983","-87.66192","(41.89983, -87.66192)"
"173592","660 W Fulton Market","60661","Residential","> 50,000 Sq Ft","2027","Near West Side","28","42","41.88696","-87.64549","(41.88696, -87.64549)"
"253983","657 W Fulton St","60661","Residential","> 50,000 Sq Ft","2025","Near West Side","28","42","41.88321","-87.64337","(41.88321, -87.64337)"
"257078","537 W Drummond Pl","60614","Residential","> 50,000 Sq Ft",,"Lincoln Park","7","43","41.92247","-87.65477","(41.92247, -87.65477)"
"101856","111 W Jackson Blvd","60604","Commercial","> 250,000 Sq Ft","2025","Loop","32","42","41.87785","-87.63131","(41.87785, -87.63131)"
"251548","10540 S Morgan St","60643","Municipal","> 50,000 Sq Ft","2025","Washington Heights","73","34","41.70231","-87.64817","(41.70231, -87.64817)"
"251347","3537 S Paulina St","60609","Municipal","> 50,000 Sq Ft","2025","McKinley Park","59","12","41.82903","-87.66757","(41.82903, -87.66757)"
"158142","445 E Ohio St","60611","Residential","> 250,000 Sq F","2027","Near North Side","8","42","41.89224","-87.61627","(41.89224, -87.61627)"
"160130","111 W Illinois St","60654","Commercial","> 50,000 Sq Ft","2024","Near North Side","8","42","41.89059","-87.6317","(41.89059, -87.6317)"
"103620","1530 N Dayton St","60642","Commercial","> 250,000 Sq Ft","2027","Near North Side","8","2","41.91011","-87.6495","(41.91011, -87.6495)"
"254113","40 E Delaware Pl","60611","Residential","> 50,000 Sq Ft","2027","Near North Side","8","42","41.89921","-87.62729","(41.89921, -87.62729)"
"115108","3825  N Pine Grove Ave","60613","Residential","> 50,000 Sq Ft","2025","Lake View","6","46","41.95402","-87.66203","(41.95402, -87.66203)"
"251493","3030 W Arthington St","60612","Municipal","> 50,000 Sq Ft","2025","East Garfield Park","27","28","41.87013","-87.70168","(41.87013, -87.70168)"
"160388","161 W Kinzie St","60654","Residential","> 250,000 Sq F","2027","Near North Side","8","42","41.88885","-87.63364","(41.88885, -87.63364)"
"127079","35 N State St","60602","Commercial","> 50,000 Sq Ft","2025","Loop","32","42","41.88297","-87.62783","(41.88297, -87.62783)"
"254998","165 W Superior St","60654","Residential","> 50,000 Sq Ft","2027","Near North Side","8","42","41.89552","-87.63368","(41.89552, -87.63368)"
"244600","1201 S Prairie Ave","60605","Residential","> 250,000 Sq F","2027","Near South Side","33","3","41.86712","-87.62162","(41.86712, -87.62162)"
"172252","1550  S Albany Ave","60623","Commercial","> 50,000 Sq Ft","2025","North Lawndale","29","24","41.84725","-87.71738","(41.84725, -87.71738)"
"254162","1125 W Loyola Ave","60626","Residential","> 250,000 Sq F","2027","Rogers Park","1","49","42.00152","-87.65906","(42.00152, -87.65906)"
"101876","55 E Jackson Blvd","60604","Commercial","> 250,000 Sq Ft","2025","Loop","32","42","41.87801","-87.62558","(41.87801, -87.62558)"
"101757","219 S Dearborn","60604","Commercial","> 250,000 Sq Ft","2025","Loop","32","42","41.87882","-87.62895","(41.87882, -87.62895)"
"252049","5811 - 5827 S Ellis Ave","60637","Commercial","> 50,000 Sq Ft","2027","Hyde Park","41","5","41.78898","-87.60094","(41.78898, -87.60094)"
"251414","6650 S Ellis Ave","60637","Municipal","> 50,000 Sq Ft","2027","Woodlawn","42","5","41.77374","-87.60123","(41.77374, -87.60123)"
"105989","5501 5511 W Washington Blvd","60644","Residential","> 50,000 Sq Ft","2027","Austin","25","29","41.88039","-87.75827","(41.88039, -87.75827)"
"256672","2903-2923 N Claremont Ave","60618","Residential","> 50,000 Sq Ft","2026","Avondale","21","32","41.88425","-87.63245","(41.88425, -87.63245)"
"173612","79 W Monroe St","60603","Commercial","> 50,000 Sq Ft","2025","Loop","32","42","41.88067","-87.63054","(41.88067, -87.63054)"
"256889","6314 N Winthrop Ave","60660","Residential","> 250,000 Sq F","2025","Edgewater","77","48","41.99173","-87.66684","(41.99173, -87.66684)"
"165924","600 W Diversey Pkwy","60614","Residential","> 250,000 Sq F","2027","Lake View","6","44","41.93285","-87.64381","(41.93285, -87.64381)"
"250036","2710 E 89th St","60617","Municipal","> 250,000 Sq Ft","2025","South Chicago","46","7","41.73433","-87.55751","(41.73433, -87.55751)"
"175358","2232  W Farwell Ave","60645","Residential","> 50,000 Sq Ft","2025","West Ridge","2","50","42.0088","-87.69503","(42.0088, -87.69503)"
"175896","6401  N Sheridan Rd","60626","Residential","> 50,000 Sq Ft","2025","Rogers Park","1","49","42.01036","-87.6683","(42.01036, -87.6683)"
"241892","440 N Mcclurg Ct","60611","Residential","> 250,000 Sq F","2027","Near North Side","8","42","41.89029","-87.61816","(41.89029, -87.61816)"
"103696","111 S Wacker","60606","Commercial","> 250,000 Sq Ft","2025","Loop","32","42","41.88034","-87.63667","(41.88034, -87.63667)"
"256658","4050 West 115th Street","60655","Residential","> 250,000 Sq F","2027","Mount Greenwood","74","19","41.88425","-87.63245","(41.88425, -87.63245)"
"253968","4655 W Berteau Ave","60641","Residential","> 50,000 Sq Ft","2027","Portage Park","15","45","41.94617","-87.74654","(41.94617, -87.74654)"
"255017","5011 W 47th St","60638","Residential","> 50,000 Sq Ft","2025","Garfield Ridge","56","22","41.80753","-87.74863","(41.80753, -87.74863)"
"254378","4820 N Kedzie Ave","60625","Commercial","> 50,000 Sq Ft","2025","Albany Park","14","33","41.97396","-87.69286","(41.97396, -87.69286)"
"257216","1312 S Talman Ave","60608","Residential","> 50,000 Sq Ft",,"North Lawndale","29","28","41.85235","-87.66698","(41.85235, -87.66698)"
"100447","211 E Chicago Ave","60611","Commercial","> 250,000 Sq Ft","2027","Near North Side","8","2","41.89645","-87.62257","(41.89645, -87.62257)"
"251722","6315 S Claremont Ave","60636","Municipal","> 50,000 Sq Ft","2025","Chicago Lawn","66","16","41.7789","-87.68227","(41.7789, -87.68227)"
"256890","455 E Waterside Dr","60601","Residential","> 250,000 Sq F","2026","Loop","32","42","41.88626","-87.62231","(41.88626, -87.62231)"
"172343","1200 N Larrabee St","60610","Commercial","> 50,000 Sq Ft","2027","Near North Side","8","27","41.90377","-87.64324","(41.90377, -87.64324)"
"157159","1100 S Canal St","60607","Commercial","> 250,000 Sq Ft","2025","Near West Side","28","25","41.8697","-87.63965","(41.8697, -87.63965)"
"242048","3550 N Lake Shore Dr","60657","Residential","> 250,000 Sq F","2027","Lake View","6","46","41.94796","-87.64383","(41.94796, -87.64383)"
"228455","1850-1856 N Clark St","60614","Residential","> 250,000 Sq F","2025","Lincoln Park","7","43","41.91645","-87.63491","(41.91645, -87.63491)"
"106046","162  E Ohio St","60611","Residential","> 50,000 Sq Ft","2025","Near North Side","8","42","41.89579","-87.62248","(41.89579, -87.62248)"
"102766","6150  N Kenmore Ave","60660","Residential","> 50,000 Sq Ft","2025","Edgewater","77","48","41.9909","-87.66661","(41.9909, -87.66661)"
"251327","2350 N Clifton Ave","60614","Commercial","> 50,000 Sq Ft","2027","Lincoln Park","7","43","41.92507","-87.65786","(41.92507, -87.65786)"
"105244","1329 1341 W Estes Ave","60626","Residential","> 50,000 Sq Ft","2025","Rogers Park","1","49","42.01036","-87.6683","(42.01036, -87.6683)"
"113598","1300 1306 N Astor St","60610","Residential","> 50,000 Sq Ft","2027","Near North Side","8","43","41.90375","-87.63559","(41.90375, -87.63559)"
"256575","1601 S Dearborn St","60616","Municipal","> 50,000 Sq Ft","2025","Near South Side","33","3","41.84238","-87.62717","(41.84238, -87.62717)"
"117248","936  E 47th St","60653","Residential","> 50,000 Sq Ft","2025","Kenwood","39","4","41.82021","-87.61247","(41.82021, -87.61247)"
"255934","33 S Aberdeen St","60607","Residential","> 50,000 Sq Ft","2027","Near West Side","28","25","41.88","-87.65484","(41.88, -87.65484)"
"256836","1440 N Dayton Street","60642","Commercial","> 50,000 Sq Ft","2027","Near North Side","8","27","41.89441","-87.65955","(41.89441, -87.65955)"
"251676","6110 N Fairfield Ave","60659","Municipal","> 50,000 Sq Ft","2025","West Ridge","2","40","41.99284","-87.69865","(41.99284, -87.69865)"
"257060","1625 N Harlem Ave","60707","Commercial","> 50,000 Sq Ft",,"Austin","25","29","41.9251","-87.78797","(41.9251, -87.78797)"
"251964","114 S Racine Ave","60607","Commercial","> 50,000 Sq Ft","2027","Near West Side","28","27","41.87962","-87.65748","(41.87962, -87.65748)"
"173751","3134 N Clark St","60657","Commercial","> 50,000 Sq Ft","2023","Lake View","6","44","41.93877","-87.64971","(41.93877, -87.64971)"
"173494","5332 N Delphia Ave","60656","Residential","> 50,000 Sq Ft","2027","Ohare","76","41","41.97087","-87.79893","(41.97087, -87.79893)"
"241377","701 S Wells St","60607","Residential","> 250,000 Sq F","2025","Loop","32","25","41.87321","-87.63329","(41.87321, -87.63329)"
"254001","4434 4444 N Damen Ave","60625","Residential","> 50,000 Sq Ft","2025","North Center","5","47","41.97209","-87.70256","(41.97209, -87.70256)"
"252072","641 W Lake St","60661","Commercial","> 50,000 Sq Ft","2027","Near West Side","28","42","41.88539","-87.6445","(41.88539, -87.6445)"
"157320","24  S Morgan St","60607","Residential","> 50,000 Sq Ft","2024","Near West Side","28","25","41.87399","-87.65168","(41.87399, -87.65168)"
"254368","355 E Erie St","60611","Commercial","> 250,000 Sq Ft","2025","Near North Side","8","42","41.89535","-87.62273","(41.89535, -87.62273)"
"250069","925 E 130th St","60628","Residential","> 250,000 Sq F","2027","Riverdale","54","9","41.65912","-87.60316","(41.65912, -87.60316)"
"103651","440 S Lasalle St","60605","Commercial","> 250,000 Sq Ft","2027","Loop","32","4","41.87596","-87.63219","(41.87596, -87.63219)"
"254039","7021 7035 N Sheridan Rd","60626","Residential","> 50,000 Sq Ft","2025","Rogers Park","1","49","42.01035","-87.66851","(42.01035, -87.66851)"
"109326","4825 4835 N Central Ave","60630","Residential","> 50,000 Sq Ft","2027","Jefferson Park","11","45","41.972","-87.75757","(41.972, -87.75757)"
"172725","4042 W Foster Ave","60630","Commercial","> 50,000 Sq Ft","2026","North Park","13","39","41.97629","-87.73006","(41.97629, -87.73006)"
"256709","1101-11 East 58th Street","60637","Commercial","> 50,000 Sq Ft","2027","Hyde Park","41","5","41.77693","-87.60951","(41.77693, -87.60951)"
"116534","410  E Bowen Ave","60653","Residential","> 50,000 Sq Ft","2025","Grand Boulevard","38","3","41.82021","-87.61247","(41.82021, -87.61247)"
"175454","201 211 E 31st St","60616","Residential","> 50,000 Sq Ft","2027","Douglas","35","3","41.8455","-87.63056","(41.8455, -87.63056)"
"257150","321 E 43rd St","60653","Residential","> 50,000 Sq Ft","2025","Grand Boulevard","38","3","41.81785","-87.61045","(41.81785, -87.61045)"
"159315","1401 S State St","60605","Residential","> 250,000 Sq F","2027","Near South Side","33","3","41.86368","-87.62692","(41.86368, -87.62692)"
"252082","4540 W Belmont Ave","60641","Commercial","> 50,000 Sq Ft","2025","Irving Park","16","30","41.93961","-87.74101","(41.93961, -87.74101)"
"120299","2112 N Ashland Ave","60614","Commercial","> 50,000 Sq Ft","2027","Logan Square","22","32","41.85378","-87.66645","(41.85378, -87.66645)"
"175059","436 446 W Diversey Pkwy","60614","Residential","> 50,000 Sq Ft","2025","Lake View","6","44","41.92201","-87.65462","(41.92201, -87.65462)"
"147834","2620  W Washington Blvd","60612","Residential","> 50,000 Sq Ft","2025","Near West Side","28","27","41.88112","-87.68649","(41.88112, -87.68649)"
"254379","5105 S Harper Ave","60615","Residential","> 250,000 Sq F","2025","Hyde Park","41","4","41.80094","-87.58895","(41.80094, -87.58895)"
"175262","6800  S Normal Blvd","60621","Residential","> 50,000 Sq Ft","2025","Englewood","68","6","41.77613","-87.64069","(41.77613, -87.64069)"
"175887","444  W Saint James Pl","60614","Residential","> 50,000 Sq Ft","2025","Lincoln Park","7","43","41.92201","-87.65462","(41.92201, -87.65462)"
"251578","10740 S Calhoun Ave","60617","Municipal","> 50,000 Sq Ft","2025","South Deering","51","10","41.69977","-87.56232","(41.69977, -87.56232)"
"257118","1101 W Van Buren St","60607","Residential","> 50,000 Sq Ft","2025","Near West Side","28","25","41.88321","-87.65877","(41.88321, -87.65877)"
"254008","4816 4828 S Dorchester Ave","60615","Residential","> 50,000 Sq Ft","2025","Kenwood","39","4","41.80224","-87.60352","(41.80224, -87.60352)"
"251468","6145 S Ingleside Ave","60637","Municipal","> 50,000 Sq Ft","2025","Woodlawn","42","20","41.783","-87.60226","(41.783, -87.60226)"
"103595","141 W Jackson Blvd","60604","Commercial","> 250,000 Sq Ft","2025","Loop","32","42","41.8775","-87.63228","(41.8775, -87.63228)"
"251250","1920 N Clark St","60614","Residential","> 50,000 Sq Ft","2025","Lincoln Park","7","43","41.9172","-87.63572","(41.9172, -87.63572)"
"251212","549 W Randolph St","60661","Commercial","> 50,000 Sq Ft","2027","Near West Side","28","42","41.88417","-87.64168","(41.88417, -87.64168)"
"101790","35 E Wacker Dr","60601","Commercial","> 250,000 Sq Ft","2027","Loop","32","42","41.88653","-87.62679","(41.88653, -87.62679)"
"164787","9831 S Western Ave","60643","Commercial","> 50,000 Sq Ft","2027","Beverly","72","19","41.71459","-87.68148","(41.71459, -87.68148)"
"256660","3859 S. Vincennes Avenue","60653","Residential","> 50,000 Sq Ft","2026","Oakland","36","4","41.81681","-87.60778","(41.81681, -87.60778)"
"252112","2526 W Cermak Ave","60608","Commercial","> 50,000 Sq Ft","2025","South Lawndale","30","28","41.85329","-87.68929","(41.85329, -87.68929)"
"256790","1550 N Clark St","60610","Residential","> 50,000 Sq Ft","2026","Near North Side","8","2","41.90423","-87.63823","(41.90423, -87.63823)"
"252301","1934 N Washtenaw Ave","60647","Residential","> 50,000 Sq Ft","2025","Logan Square","22","1","41.91657","-87.69477","(41.91657, -87.69477)"
"256536","61 E Banks Street","60610","Residential","> 50,000 Sq Ft","2027","Near North Side","8","43","41.90494","-87.63595","(41.90494, -87.63595)"
"222150","3100 N Sheridan Rd","60657","Residential","> 50,000 Sq Ft","2025","Lake View","6","44","41.93789","-87.6399","(41.93789, -87.6399)"
"244333","421 433 W Huron St","60610","Residential","> 50,000 Sq Ft","2025","Near North Side","8","42","41.89447","-87.63958","(41.89447, -87.63958)"
"156856","2800 - 2812 N Sheridan Rd","60657","Commercial","> 50,000 Sq Ft","2025","Lake View","6","44","41.9332","-87.63984","(41.9332, -87.63984)"
"175876","7121 7125 N Paulina St","60626","Residential","> 50,000 Sq Ft","2027","Rogers Park","1","49","42.01036","-87.6683","(42.01036, -87.6683)"
"104238","3510  N Pine Grove Ave","60657","Residential","> 50,000 Sq Ft","2025","Lake View","6","46","41.93985","-87.65845","(41.93985, -87.65845)"
"134790","815 823 S Wabash Ave","60605","Commercial","> 50,000 Sq Ft","2024","Loop","32","4","41.87141","-87.62511","(41.87141, -87.62511)"
"238910","505 N Lake Shore Dr","60611","Residential","> 250,000 Sq F","2025","Near North Side","8","42","41.8915","-87.6123","(41.8915, -87.6123)"
"254616","330 N Green St","60607","Commercial","> 250,000 Sq Ft","2024","Near West Side","28","27","41.87334","-87.65102","(41.87334, -87.65102)"
"129344","2300 2308 W Diversey Ave","60647","Residential","> 50,000 Sq Ft","2025","Logan Square","22","32","41.92075","-87.70153","(41.92075, -87.70153)"
"119987","7030 S Ashland Ave","60636","Commercial","> 50,000 Sq Ft","2027","West Englewood","67","17","41.76547","-87.66448","(41.76547, -87.66448)"
"173862","5123  N Sheridan Rd","60640","Residential","> 50,000 Sq Ft","2025","Uptown","3","48","41.97223","-87.6646","(41.97223, -87.6646)"
"147895","2472  W Foster","60625","Residential","> 50,000 Sq Ft","2025","Lincoln Square","4","40","41.97208","-87.70235","(41.97208, -87.70235)"
"244311","3750 N Lake Shore Dr","60613","Residential","> 250,000 Sq F","2025","Lake View","6","46","41.95173","-87.64537","(41.95173, -87.64537)"
"250082","3120 3250 S Wentworth Ave","60616","Residential","> 250,000 Sq F","2027","Armour Square","34","11","41.83768","-87.63169","(41.83768, -87.63169)"
"251362","2148 N Long Ave","60639","Municipal","> 50,000 Sq Ft","2025","Belmont Cragin","19","36","41.9194","-87.76188","(41.9194, -87.76188)"
"156845","909 N Michigan Ave","60611","Residential","> 250,000 Sq F","2027","Near North Side","8","2","41.89949","-87.6232","(41.89949, -87.6232)"
"160029","8300 S Cottage Grove Ave","60619","Commercial","> 50,000 Sq Ft","2025","Chatham","44","6","41.74371","-87.60548","(41.74371, -87.60548)"
"252038","5730 S Ellis Ave","60637","Commercial","> 50,000 Sq Ft","2027","Hyde Park","41","5","41.79056","-87.60281","(41.79056, -87.60281)"
"165717","930 N Wells St","60610","Commercial","> 50,000 Sq Ft","2027","Near North Side","8","27","41.90018","-87.63514","(41.90018, -87.63514)"
"106128","5530 5548 N Sheridan Rd","60640","Residential","> 50,000 Sq Ft","2027","Edgewater","77","48","41.97223","-87.6646","(41.97223, -87.6646)"
"156868","11 21 W Goethe St","60610","Residential","> 250,000 Sq F","2027","Near North Side","8","2","41.90531","-87.62979","(41.90531, -87.62979)"
"251295","7370 W Talcott Ave","60631","Commercial","> 50,000 Sq Ft","2027","Norwood Park","10","41","41.98896","-87.81119","(41.98896, -87.81119)"
"251720","2714 W Augusta Blvd","60622","Municipal","> 50,000 Sq Ft","2027","West Town","24","26","41.89953","-87.69502","(41.89953, -87.69502)"
"240959","340 W Superior St","60654","Residential","> 250,000 Sq F","2024","Near North Side","8","42","41.89556","-87.63738","(41.89556, -87.63738)"
"173657","1  W Washington St","60602","Residential","> 50,000 Sq Ft","2027","Loop","32","42","41.88319","-87.62869","(41.88319, -87.62869)"
"252268","2800 W Fulton St","60612","Commercial","> 50,000 Sq Ft","2027","East Garfield Park","27","27","41.88655","-87.69695","(41.88655, -87.69695)"
"244593","111 E Chestnut St","60611","Residential","> 250,000 Sq F","2027","Near North Side","8","42","41.89798","-87.62522","(41.89798, -87.62522)"
"105078","6825  N Sheridan Rd","60626","Residential","> 50,000 Sq Ft","2025","Rogers Park","1","49","42.01036","-87.6683","(42.01036, -87.6683)"
"112110","1835 W Harrison St","60612","Commercial","> 250,000 Sq Ft","2025","Near West Side","28","27","41.8741","-87.67236","(41.8741, -87.67236)"
"114866","4940  S Eastend Ave","60615","Residential","> 50,000 Sq Ft","2025","Kenwood","39","5","41.80224","-87.60333","(41.80224, -87.60333)"
"100346","2609 W Belmont Ave","60618","Residential","> 50,000 Sq Ft","2025","Avondale","21","33","41.94672","-87.7032","(41.94672, -87.7032)"
"250155","211 E Ontario St","60611","Commercial","> 50,000 Sq Ft","2027","Near North Side","8","42","41.89311","-87.62202","(41.89311, -87.62202)"
"115754","1504  W Van Buren St","60607","Residential","> 50,000 Sq Ft","2026","Near West Side","28","28","41.87399","-87.65168","(41.87399, -87.65168)"
"101039","3250 W Adams St","60624","Municipal","> 250,000 Sq Ft","2025","East Garfield Park","27","28","41.8791","-87.70741","(41.8791, -87.70741)"
"173752","415 421 W Melrose St","60657","Residential","> 50,000 Sq Ft","2027","Lake View","6","44","41.93985","-87.65845","(41.93985, -87.65845)"
"101722","500 W Monroe","60661","Commercial","> 250,000 Sq Ft","2027","Near West Side","28","42","41.88061","-87.63978","(41.88061, -87.63978)"
"256679","1511-1525 W Cullom Ave","60613","Residential","> 50,000 Sq Ft","2026","Lake View","6","47","41.95403","-87.67027","(41.95403, -87.67027)"
"104340","4701 4705 N Beacon St","60640","Residential","> 50,000 Sq Ft","2025","Uptown","3","46","41.97223","-87.6646","(41.97223, -87.6646)"
"252091","1301 E 47th St","60653","Commercial","> 50,000 Sq Ft","2027","Kenwood","39","4","41.80917","-87.59396","(41.80917, -87.59396)"
"231019","225 N Columbus Dr","60601","Residential","> 250,000 Sq F","2027","Loop","32","42","41.88656","-87.62005","(41.88656, -87.62005)"
"251575","3937 W Wilcox St","60624","Municipal","> 50,000 Sq Ft","2025","West Garfield Park","26","28","41.87838","-87.72435","(41.87838, -87.72435)"
"251509","5024 S Wolcott Ave","60609","Municipal","> 50,000 Sq Ft","2025","New City","61","20","41.80243","-87.67248","(41.80243, -87.67248)"
"174203","5009  N Sheridan Rd","60640","Residential","> 50,000 Sq Ft","2025","Uptown","3","48","41.97223","-87.6646","(41.97223, -87.6646)"
"255791","2425 E 71st St","60649","Commercial","> 50,000 Sq Ft","2025","South Shore","43","7","41.75922","-87.56185","(41.75922, -87.56185)"
"175226","5233 5237 S Greenwood Ave","60615","Residential","> 50,000 Sq Ft","2025","Hyde Park","41","5","41.80224","-87.60333","(41.80224, -87.60333)"
"175106","5235  W Lake St","60644","Residential","> 50,000 Sq Ft","2025","Austin","25","37","41.88039","-87.75827","(41.88039, -87.75827)"
"250038","250 E 111th St","60628","Municipal","> 250,000 Sq Ft","2025","Roseland","49","9","41.69388","-87.61699","(41.69388, -87.61699)"
"243776","1150 N Lake Shore Dr","60611","Residential","> 250,000 Sq F","2027","Near North Side","8","2","41.9037","-87.62492","(41.9037, -87.62492)"
"235635","70 W Huron St","60654","Residential","> 250,000 Sq F","2024","Near North Side","8","2","41.89525","-87.63086","(41.89525, -87.63086)"
"250004","6301 S Halsted Ave","60621","Commercial","> 250,000 Sq Ft","2025","Englewood","68","20","41.7797","-87.64475","(41.7797, -87.64475)"
"257168","1135 W Winona St","60640","Residential","> 50,000 Sq Ft","2025","Uptown","3","48","41.88323","-87.6324","(41.88323, -87.6324)"
"250150","315 - 331 N Lasalle St","60654","Commercial","> 250,000 Sq Ft","2027","Near North Side","8","42","41.8881","-87.63182","(41.8881, -87.63182)"
"173812","3900  N Pine Grove Ave","60613","Residential","> 50,000 Sq Ft","2025","Lake View","6","46","41.95402","-87.66203","(41.95402, -87.66203)"
"257161","320 South Canal Street","60606","Commercial","> 250,000 Sq Ft","2027","Near West Side","28","34","41.88166","-87.63681","(41.88166, -87.63681)"
"100256","4975 S Archer Ave","60632","Municipal","> 250,000 Sq Ft","2025","Archer Heights","57","14","41.80276","-87.72267","(41.80276, -87.72267)"
"257105","1203 N California Ave","60622","Residential","> 50,000 Sq Ft","2025","West Town","24","26","41.90555","-87.67362","(41.90555, -87.67362)"
"159423","3601 3645 S Lakepark Ave","60653","Residential","> 50,000 Sq Ft","2025","Oakland","36","4","41.82948","-87.6065","(41.82948, -87.6065)"
"252291","4946 N Sheridan Rd","60640","Residential","> 50,000 Sq Ft","2027","Uptown","3","48","41.97268","-87.65495","(41.97268, -87.65495)"
"129963","2290 S Grove Street","60616","Commercial","> 50,000 Sq Ft","2025","Armour Square","34","11","41.85203","-87.63944","(41.85203, -87.63944)"
"251545","12339 S Normal Ave","60628","Municipal","> 50,000 Sq Ft","2025","West Pullman","53","34","41.66947","-87.63401","(41.66947, -87.63401)"
"251456","1414 E 61st Pl","60637","Municipal","> 50,000 Sq Ft","2025","Woodlawn","42","20","41.78363","-87.59105","(41.78363, -87.59105)"
"161628","851 W Waveland Ave","60613","Municipal","> 50,000 Sq Ft","2025","Lake View","6","44","41.9485","-87.65141","(41.9485, -87.65141)"
"256439","35 W 34th Street","60616","Commercial","> 50,000 Sq Ft","2025","Douglas","35","3","41.84233","-87.62715","(41.84233, -87.62715)"
"158429","623 S Wabash Ave","60605","Commercial","> 50,000 Sq Ft","2027","Loop","32","42","41.87373","-87.62548","(41.87373, -87.62548)"
"159005","821 E 103rd St","60628","Municipal","> 250,000 Sq Ft","2027","Pullman","50","9","41.7065","-87.60269","(41.7065, -87.60269)"
"251526","2828 N Kilbourn Ave","60641","Municipal","> 50,000 Sq Ft","2025","Hermosa","20","31","41.93235","-87.74016","(41.93235, -87.74016)"
"100393","7601 S Cicero Ave","60652","Commercial","> 50,000 Sq Ft","2025","West Lawn","65","18","41.75583","-87.73699","(41.75583, -87.73699)"
"235137","2909 N Sheridan Rd","60657","Residential","> 250,000 Sq F","2025","Lake View","6","44","41.93471","-87.63866","(41.93471, -87.63866)"
"251381","749 S Oakley Blvd","60612","Municipal","> 50,000 Sq Ft","2025","Near West Side","28","28","41.87176","-87.68307","(41.87176, -87.68307)"
"158303","644 N Lakeshore Dr","60611","Residential","> 250,000 Sq F","2026","Near North Side","8","42","41.89391","-87.61565","(41.89391, -87.61565)"
"172276","913 921 W Van Buren St","60607","Residential","> 50,000 Sq Ft","2025","Near West Side","28","25","41.87399","-87.65168","(41.87399, -87.65168)"
"251475","4257 N Tripp Ave","60641","Municipal","> 50,000 Sq Ft","2025","Irving Park","16","39","41.95857","-87.73364","(41.95857, -87.73364)"
"251678","5440 S St Louis Ave","60632","Municipal","> 50,000 Sq Ft","2025","Gage Park","63","14","41.79414","-87.71096","(41.79414, -87.71096)"
"251389","4320 S Princeton Ave","60609","Municipal","> 50,000 Sq Ft","2025","Fuller Park","37","3","41.81573","-87.63357","(41.81573, -87.63357)"
"126258","5630 W Belmont Ave","60634","Commercial","> 50,000 Sq Ft","2025","Portage Park","15","30","41.93892","-87.76808","(41.93892, -87.76808)"
"110254","110 W Superior St","60654","Residential","> 250,000 Sq F","2025","Near North Side","8","2","41.89158","-87.63784","(41.89158, -87.63784)"
"256529","1411 E 53rd St","60615","Residential","> 50,000 Sq Ft","2026","Hyde Park","41","5","41.80231","-87.6025","(41.80231, -87.6025)"
"135179","300 310 W Grand Ave","60654","Residential","> 50,000 Sq Ft","2027","Near North Side","8","42","41.89198","-87.637","(41.89198, -87.637)"
"118557","4437  S Cicero Ave","60632","Commercial","> 50,000 Sq Ft","2027","Garfield Ridge","56","22","41.81256","-87.71246","(41.81256, -87.71246)"
"101869","333 N Dearborn","60654","Residential","> 50,000 Sq Ft","2026","Near North Side","8","42","41.88833","-87.6295","(41.88833, -87.6295)"
"101940","5 S Wabash Ave","60603","Commercial","> 250,000 Sq Ft","2026","Loop","32","42","41.88186","-87.62567","(41.88186, -87.62567)"
"251397","9804 S Exchange","60617","Municipal","> 50,000 Sq Ft","2025","South Deering","51","10","41.71714","-87.5524","(41.71714, -87.5524)"
"251254","720 W Gordon Ter","60613","Residential","> 250,000 Sq F","2027","Uptown","3","46","41.95817","-87.64857","(41.95817, -87.64857)"
"156543","39 S State St","60603","Residential","> 50,000 Sq Ft","2025","Loop","32","42","41.88156","-87.62774","(41.88156, -87.62774)"
"119799","7971 S Cicero Ave","60652","Commercial","> 250,000 Sq Ft","2026","Ashburn","70","18","41.74665","-87.73987","(41.74665, -87.73987)"
"256798","2405 W Hutchinson St","60618","Residential","> 50,000 Sq Ft","2025","North Center","5","47","41.95073","-87.70793","(41.95073, -87.70793)"
"257183","1023 East 47th St","60653","Residential","> 50,000 Sq Ft","2025","Kenwood","39","4","41.88323","-87.6324","(41.88323, -87.6324)"
"251929","600 S Michigan Ave","60605","Commercial","> 50,000 Sq Ft","2027","Loop","32","42","41.87405","-87.62483","(41.87405, -87.62483)"
"150992","4101 4113 N Kedzie Ave","60618","Residential","> 50,000 Sq Ft","2024","Irving Park","16","33","41.94672","-87.7032","(41.94672, -87.7032)"
"151285","4651  N Greenview Ave","60640","Residential","> 50,000 Sq Ft","2027","Uptown","3","47","41.97223","-87.6646","(41.97223, -87.6646)"
"240019","1555 N Astor St","60610","Residential","> 250,000 Sq F","2025","Near North Side","8","43","41.91064","-87.62728","(41.91064, -87.62728)"
"102914","8915  S Loomis St","60620","Residential","> 50,000 Sq Ft","2025","Washington Heights","73","21","41.74023","-87.65353","(41.74023, -87.65353)"
"175711","2335 2345 N Geneva Ter","60614","Residential","> 50,000 Sq Ft","2025","Lincoln Park","7","43","41.92201","-87.65462","(41.92201, -87.65462)"
"158668","2720 N Sheffield Ave","60614","Residential","> 50,000 Sq Ft","2027","Lincoln Park","7","43","41.93174","-87.65423","(41.93174, -87.65423)"
"252051","320 E 21st St","60616","Residential","> 50,000 Sq Ft","2025","Near South Side","33","3","41.85437","-87.61953","(41.85437, -87.61953)"
"159099","20 E Chestnut St","60611","Residential","> 250,000 Sq F","2024","Near North Side","8","2","41.8987","-87.62731","(41.8987, -87.62731)"
"175686","1001  W Belmont Ave","60657","Residential","> 50,000 Sq Ft","2025","Lake View","6","44","41.93985","-87.65845","(41.93985, -87.65845)"
"131291","29 N Wacker Dr","60606","Commercial","> 50,000 Sq Ft","2027","Loop","32","42","41.88269","-87.63674","(41.88269, -87.63674)"
"251522","8324 S Racine Ave","60620","Municipal","> 50,000 Sq Ft","2025","Auburn Gresham","71","21","41.74243","-87.65386","(41.74243, -87.65386)"
"109549","1327 1337 W Lunt Ave","60626","Residential","> 50,000 Sq Ft","2025","Rogers Park","1","49","42.01036","-87.6683","(42.01036, -87.6683)"
"116662","533  E 33rd Pl","60616","Residential","> 50,000 Sq Ft","2025","Douglas","35","4","41.8455","-87.63056","(41.8455, -87.63056)"
"101705","1607  E 50th Pl","60615","Residential","> 50,000 Sq Ft","2025","Kenwood","39","5","41.80224","-87.60333","(41.80224, -87.60333)"
"125543","6103 N Lincoln Ave","60659","Commercial","> 50,000 Sq Ft","2025","North Park","13","50","41.99302","-87.71161","(41.99302, -87.71161)"
"121587","1550  S Indiana Ave","60605","Commercial","> 50,000 Sq Ft","2026","Near South Side","33","3","41.86863","-87.62731","(41.86863, -87.62731)"
"165827","3757 S Wabash Ave","60653","Residential","> 50,000 Sq Ft","2026","Douglas","35","3","41.82569","-87.62439","(41.82569, -87.62439)"
"251565","8306 S St Lawrence Ave","60619","Municipal","> 50,000 Sq Ft","2025","Chatham","44","6","41.74332","-87.61062","(41.74332, -87.61062)"
"256561","2025 N Milwaukee Ave","60647","Residential","> 50,000 Sq Ft","2026","Logan Square","22","1","41.92085","-87.70162","(41.92085, -87.70162)"
"111708","2970  N Lake Shore Dr","60657","Residential","> 50,000 Sq Ft","2025","Lake View","6","44","41.93985","-87.65845","(41.93985, -87.65845)"
"256796","1555 N Ashland Ave","60622","Residential","> 50,000 Sq Ft","2025","West Town","24","2","41.90555","-87.67294","(41.90555, -87.67294)"
"254351","1241 1245 W Jackson Blvd","60607","Residential","> 50,000 Sq Ft","2024","Near West Side","28","28","41.87988","-87.65469","(41.87988, -87.65469)"
"160142","8430 W Bryn Mawr Ave","60631","Commercial","> 250,000 Sq Ft","2024","Ohare","76","41","41.98113","-87.83798","(41.98113, -87.83798)"
"250113","4945 N Sheridan Rd","60640","Residential","> 50,000 Sq Ft","2027","Uptown","3","48","41.97298","-87.65454","(41.97298, -87.65454)"
"256440","10 W 35th Street","60616","Commercial","> 250,000 Sq Ft","2025","Douglas","35","3","41.84233","-87.62715","(41.84233, -87.62715)"
"251520","5501 N Kenneth Ave","60630","Municipal","> 50,000 Sq Ft","2025","Albany Park","14","39","41.96817","-87.73917","(41.96817, -87.73917)"
"251660","3500 W Douglas Blvd","60623","Municipal","> 50,000 Sq Ft","2025","North Lawndale","29","24","41.86292","-87.71298","(41.86292, -87.71298)"
"256842","2017 Mendell St","60614","Commercial","> 50,000 Sq Ft","2025","Logan Square","22","32","41.88425","-87.63245","(41.88425, -87.63245)"
"132161","4000 4006 W North Ave","60639","Commercial","> 50,000 Sq Ft","2025","Humboldt Park","23","26","41.91019","-87.72662","(41.91019, -87.72662)"
"101716","311 S Wacker","60606","Commercial","> 250,000 Sq Ft","2025","Loop","32","42","41.87746","-87.63574","(41.87746, -87.63574)"
"160425","8 W Chestnut St","60610","Residential","> 250,000 Sq F","2024","Near North Side","8","2","41.89832","-87.62847","(41.89832, -87.62847)"
"251919","223 W Erie St","60654","Commercial","> 50,000 Sq Ft","2025","Near North Side","8","42","41.89374","-87.63531","(41.89374, -87.63531)"
"173618","318 W Adams St","60606","Commercial","> 50,000 Sq Ft","2027","Loop","32","42","41.87941","-87.6361","(41.87941, -87.6361)"
"253986","430 W Erie St","60654","Commercial","> 50,000 Sq Ft","2025","Near North Side","8","42","41.89158","-87.63784","(41.89158, -87.63784)"
"102550","809 817 W Eastwood Ave","60640","Residential","> 50,000 Sq Ft","2025","Uptown","3","46","41.97223","-87.6646","(41.97223, -87.6646)"
"251716","11311 S Forrestville Ave","60628","Municipal","> 50,000 Sq Ft","2025","Pullman","50","9","41.68869","-87.60883","(41.68869, -87.60883)"
"137334","222 S Racine Ave","60607","Residential","> 50,000 Sq Ft","2025","Near West Side","28","28","41.87849","-87.65801","(41.87849, -87.65801)"
"134363","4001 W Devon Ave","60646","Commercial","> 50,000 Sq Ft","2025","Forest Glen","12","39","41.99695","-87.72926","(41.99695, -87.72926)"
"173818","3838 N Broadway","60613","Residential","> 50,000 Sq Ft","2025","Lake View","6","46","41.95402","-87.66203","(41.95402, -87.66203)"
"138872","2367 W Logan Blvd","60647","Commercial","> 50,000 Sq Ft","2027","Logan Square","22","32","41.92893","-87.68732","(41.92893, -87.68732)"
"254359","1825 W Webster Ave","60614","Commercial","> 50,000 Sq Ft","2027","Logan Square","22","32","41.92706","-87.64633","(41.92706, -87.64633)"
"101852","301 E N Water St","60611","Residential","> 250,000 Sq F","2026","Near North Side","8","42","41.88917","-87.61944","(41.88917, -87.61944)"
"173687","324  N Jefferson St","60661","Residential","> 50,000 Sq Ft","2024","Near West Side","28","42","41.88321","-87.64337","(41.88321, -87.64337)"
"256812","1156 E 61st St","60637","Residential","> 250,000 Sq F","2025","Woodlawn","42","20","41.77693","-87.60951","(41.77693, -87.60951)"
"105488","5600  N Sheridan Rd","60660","Residential","> 50,000 Sq Ft","2026","Edgewater","77","48","41.9909","-87.66661","(41.9909, -87.66661)"
"124236","830 N Michigan Ave","60611","Commercial","> 50,000 Sq Ft","2026","Near North Side","8","42","41.89784","-87.62465","(41.89784, -87.62465)"
"173646","400 N Clinton St","60654","Residential","> 50,000 Sq Ft","2025","West Town","24","42","41.89158","-87.63784","(41.89158, -87.63784)"
"252033","1405 N Washtenaw","60622","Commercial","> 50,000 Sq Ft","2027","West Town","24","1","41.90674","-87.69411","(41.90674, -87.69411)"
"238799","6030 N Sheridan Rd","60660","Residential","> 250,000 Sq F","2024","Edgewater","77","48","41.99162","-87.6559","(41.99162, -87.6559)"
"160383","2631 S Indiana Ave","60616","Residential","> 50,000 Sq Ft","2024","Douglas","35","4","41.84527","-87.62202","(41.84527, -87.62202)"
"175826","5423 5453 S Eastview Park","60615","Residential","> 50,000 Sq Ft","2025","Hyde Park","41","5","41.80224","-87.60333","(41.80224, -87.60333)"
"117067","525  W Deming Pl","60614","Residential","> 50,000 Sq Ft","2027","Lincoln Park","7","43","41.92201","-87.65462","(41.92201, -87.65462)"
"113573","1534 1542 N Lake Shore Dr","60610","Residential","> 50,000 Sq Ft","2025","Near North Side","8","43","41.90375","-87.63559","(41.90375, -87.63559)"
"251589","4127 W Hirsch St","60651","Municipal","> 50,000 Sq Ft","2025","Humboldt Park","23","26","41.90578","-87.72976","(41.90578, -87.72976)"
"160208","55 E Ontario St","60611","Residential","> 50,000 Sq Ft","2025","Near North Side","8","42","41.89326","-87.62587","(41.89326, -87.62587)"
"102926","5736 5752 S Stony Island Ave","60637","Residential","> 50,000 Sq Ft","2025","Hyde Park","41","5","41.78046","-87.60531","(41.78046, -87.60531)"
"255942","734 W Sheridan Rd","60613","Residential","> 50,000 Sq Ft","2025","Lake View","6","46","41.95481","-87.65036","(41.95481, -87.65036)"
"257043","4308 S Calumet Ave","60653","Residential","> 50,000 Sq Ft","2027","Grand Boulevard","38","3","41.81851","-87.61148","(41.81851, -87.61148)"
"175470","1712 1720 W Albion Ave","60626","Residential","> 50,000 Sq Ft","2027","Rogers Park","1","49","42.01036","-87.6683","(42.01036, -87.6683)"
"251428","1326 S Avers Ave","60623","Municipal","> 50,000 Sq Ft","2025","North Lawndale","29","24","41.86378","-87.72184","(41.86378, -87.72184)"
"173759","3224 3244 N Halsted St","60657","Residential","> 250,000 Sq F","2025","Lake View","6","44","41.93985","-87.65845","(41.93985, -87.65845)"
"101737","100 N Riverside Plz","60606","Commercial","> 250,000 Sq Ft","2025","Near West Side","28","42","41.88385","-87.63879","(41.88385, -87.63879)"
"242359","1000 W Washington Blvd","60607","Residential","> 250,000 Sq F","2027","Near West Side","28","27","41.88334","-87.65267","(41.88334, -87.65267)"
"103727","5040 5060 N Broadway","60640","Residential","> 250,000 Sq F","2027","Uptown","3","47","41.97412","-87.66027","(41.97412, -87.66027)"
"121355","1520 W North Ave","60642","Commercial","> 50,000 Sq Ft","2025","West Town","24","32","41.91069","-87.66598","(41.91069, -87.66598)"
"251332","2235 N Sheffield Ave","60614","Commercial","> 50,000 Sq Ft","2027","Lincoln Park","7","43","41.92266","-87.65345","(41.92266, -87.65345)"
"254072","400 S Green St","60607","Residential","> 50,000 Sq Ft","2025","Near West Side","28","25","41.88425","-87.63245","(41.88425, -87.63245)"
"104549","920  W Lawrence Ave","60640","Residential","> 50,000 Sq Ft","2026","Uptown","3","46","41.97223","-87.6646","(41.97223, -87.6646)"
"251704","2110 W Greenleaf Ave","60645","Municipal","> 50,000 Sq Ft","2025","West Ridge","2","50","42.01059","-87.6846","(42.01059, -87.6846)"
"256954","949 W. Dakin Street","60613","Residential","> 50,000 Sq Ft","2026","Lake View","6","46","41.88425","-87.63245","(41.88425, -87.63245)"
"119323","2647 2679 N Halsted St","60614","Commercial","> 50,000 Sq Ft","2025","Lincoln Park","7","43","41.931","-87.64894","(41.931, -87.64894)"
"173831","3333 N Marshfield Ave","60657","Commercial","> 50,000 Sq Ft","2025","Lake View","6","47","41.94246","-87.66961","(41.94246, -87.66961)"
"157618","61 W 15th St","60605","Residential","> 50,000 Sq Ft","2025","Near South Side","33","3","41.86108","-87.62997","(41.86108, -87.62997)"
"157602","1515 S Prairie Ave","60605","Residential","> 250,000 Sq F","2027","Near South Side","33","3","41.8617","-87.62023","(41.8617, -87.62023)"
"117535","6800 S Stewart Ave","60621","Municipal","> 250,000 Sq Ft","2025","Englewood","68","6","41.77088","-87.63275","(41.77088, -87.63275)"
"172798","4930 S Cottage Grove Ave","60615","Commercial","> 50,000 Sq Ft","2025","Grand Boulevard","38","4","41.80523","-87.60716","(41.80523, -87.60716)"
"254010","824 W Superior St","60642","Residential","> 50,000 Sq Ft","2025","West Town","24","27","41.89983","-87.65764","(41.89983, -87.65764)"
"251267","510 W Erie St","60654","Residential","> 250,000 Sq F","2025","Near North Side","8","42","41.89393","-87.64158","(41.89393, -87.64158)"
"157280","1165 N Milwaukee Ave","60642","Residential","> 250,000 Sq F","2026","West Town","24","27","41.91321","-87.6814","(41.91321, -87.6814)"
"251248","737 W Washington Blvd","60661","Residential","> 250,000 Sq F","2027","Near West Side","28","42","41.88311","-87.64677","(41.88311, -87.64677)"
"252079","2050 N Natchez Ave","60707","Commercial","> 50,000 Sq Ft","2025","Belmont Cragin","19","29","41.91763","-87.78774","(41.91763, -87.78774)"
"256568","363 E Wacker Dr","60601","Residential","> 250,000 Sq F","2025","Loop","32","42","41.8865","-87.61811","(41.8865, -87.61811)"
"251876","1540 W 84th St","60620","Commercial","> 50,000 Sq Ft","2025","Auburn Gresham","71","21","41.74157","-87.66222","(41.74157, -87.66222)"
"132117","200 W 87th St","60620","Commercial","> 50,000 Sq Ft","2025","Chatham","44","21","41.73722","-87.63117","(41.73722, -87.63117)"
"256834","1375 Fulton","60607","Commercial","> 250,000 Sq Ft","2025","Near West Side","28","27","41.88321","-87.65877","(41.88321, -87.65877)"
"173863","5650  N Kenmore Ave","60660","Residential","> 50,000 Sq Ft","2027","Edgewater","77","48","41.9909","-87.66661","(41.9909, -87.66661)"
"257204","1800 S Michigan Ave","60616","Residential","> 50,000 Sq Ft",,"Near South Side","33","3","41.84665","-87.62703","(41.84665, -87.62703)"
"250083","1930 W Loyola Ave","60626","Residential","> 50,000 Sq Ft","2027","West Ridge","2","50","42.00058","-87.67882","(42.00058, -87.67882)"
"119609","700 N Sacramento Blvd","60612","Commercial","> 50,000 Sq Ft","2025","Humboldt Park","23","27","41.89395","-87.70275","(41.89395, -87.70275)"
"119238","2520 N Narragansett Ave","60639","Commercial","> 50,000 Sq Ft","2026","Belmont Cragin","19","36","41.92591","-87.78557","(41.92591, -87.78557)"
"175265","3201 3219 W North Ave","60647","Commercial","> 50,000 Sq Ft","2025","Humboldt Park","23","26","41.90989","-87.70748","(41.90989, -87.70748)"
"159312","2101 S Michigan Ave","60616","Residential","> 50,000 Sq Ft","2027","Near South Side","33","3","41.85377","-87.62339","(41.85377, -87.62339)"
"173961","660  E 85th St","60619","Residential","> 50,000 Sq Ft","2025","Chatham","44","6","41.74401","-87.6055","(41.74401, -87.6055)"
"101686","7240 W Foster Ave","60656","Commercial","> 250,000 Sq Ft","2027","Norwood Park","10","41","41.97458","-87.80809","(41.97458, -87.80809)"
"101793","625  W Wrightwood Ave","60614","Residential","> 50,000 Sq Ft","2027","Lincoln Park","7","43","41.92201","-87.65462","(41.92201, -87.65462)"
"148481","7001 7013 N Sheridan Rd","60626","Residential","> 50,000 Sq Ft","2027","Rogers Park","1","49","42.01036","-87.6683","(42.01036, -87.6683)"
"251566","3151 W Walnut St","60612","Municipal","> 50,000 Sq Ft","2025","East Garfield Park","27","27","41.88513","-87.70532","(41.88513, -87.70532)"
"162224","5416 S Cornell Ave","60615","Commercial","> 50,000 Sq Ft","2027","Hyde Park","41","5","41.79776","-87.58602","(41.79776, -87.58602)"
"175975","626 W Jackson Blvd","60661","Commercial","> 50,000 Sq Ft","2025","Near West Side","28","42","41.87823","-87.64359","(41.87823, -87.64359)"
"116066","3850  W Bryn Mawr Ave","60659","Residential","> 50,000 Sq Ft","2025","North Park","13","39","41.99046","-87.70621","(41.99046, -87.70621)"
"116336","1212 N Lasalle St","60610","Residential","> 250,000 Sq F","2027","Near North Side","8","2","41.9042","-87.63383","(41.9042, -87.63383)"
"132594","2319 2333 W Pershing Rd","60609","Residential","> 250,000 Sq F","2025","New City","61","12","41.81195","-87.65513","(41.81195, -87.65513)"
"159807","5650 N Sheridan Rd","60660","Residential","> 50,000 Sq Ft","2025","Edgewater","77","48","41.98449","-87.65573","(41.98449, -87.65573)"
"257132","1257 W Roosevelt Rd","60608","Residential","> 50,000 Sq Ft",,"Near West Side","28","25","41.85936","-87.65646","(41.85936, -87.65646)"
"175695","361 W Chestnut St","60610","Commercial","> 50,000 Sq Ft","2025","Near North Side","8","27","41.89798","-87.63837","(41.89798, -87.63837)"
"256616","330 W Grand Ave","60654","Residential","> 50,000 Sq Ft","2027","Lincoln Park","7","42","41.89237","-87.63635","(41.89237, -87.63635)"
"242162","635 N Dearborn St","60654","Residential","> 250,000 Sq F","2027","Near North Side","8","42","41.89353","-87.62967","(41.89353, -87.62967)"
"149732","1601  S State St","60616","Residential","> 50,000 Sq Ft","2025","Near South Side","33","3","41.8455","-87.63056","(41.8455, -87.63056)"
"114798","5042 5056 S Woodlawn Ave","60615","Residential","> 50,000 Sq Ft","2025","Kenwood","39","4","41.80224","-87.60333","(41.80224, -87.60333)"
"172253","3828 W Taylor St","60624","Commercial","> 50,000 Sq Ft","2025","West Garfield Park","26","24","41.86925","-87.72161","(41.86925, -87.72161)"
"254343","859 W Erie St","60610","Residential","> 50,000 Sq Ft","2027","West Town","24","27","41.90412","-87.63142","(41.90412, -87.63142)"
"158403","565 W Adams St","60661","Commercial","> 250,000 Sq Ft","2027","Near West Side","28","42","41.87897","-87.64212","(41.87897, -87.64212)"
"252068","22 W Monroe St","60603","Residential","> 50,000 Sq Ft","2024","Loop","32","42","41.88077","-87.62859","(41.88077, -87.62859)"
"242313","3150 N Lake Shore Dr","60657","Residential","> 250,000 Sq F","2024","Lake View","6","44","41.93904","-87.63916","(41.93904, -87.63916)"
"251514","1404 E 70th St","60637","Municipal","> 50,000 Sq Ft","2025","South Shore","43","5","41.76784","-87.59079","(41.76784, -87.59079)"
"241042","100 E Walton St","60611","Commercial","> 250,000 Sq Ft","2027","Near North Side","8","42","41.90023","-87.62511","(41.90023, -87.62511)"
"121093","1430 S Ashland Ave","60608","Commercial","> 50,000 Sq Ft","2027","Near West Side","28","28","41.86203","-87.66782","(41.86203, -87.66782)"
"101503","5604 5624 S Wabash Ave","60637","Residential","> 50,000 Sq Ft","2025","Washington Heights","73","20","41.78046","-87.60531","(41.78046, -87.60531)"
"255924","325 S Paulina St","60612","Commercial","> 50,000 Sq Ft","2027","Near West Side","28","27","41.87764","-87.67413","(41.87764, -87.67413)"
"251265","3150 N Sheridan Rd","60657","Residential","> 250,000 Sq F","2025","Lake View","6","44","41.93923","-87.63986","(41.93923, -87.63986)"
"103692","333 S Wabash Ave","60604","Commercial","> 250,000 Sq Ft","2027","Loop","32","42","41.8774","-87.62564","(41.8774, -87.62564)"
"254369","3640 W Fillmore St","60624","Commercial","> 50,000 Sq Ft","2025","North Lawndale","29","24","41.87444","-87.7179","(41.87444, -87.7179)"
"101368","2901 W Addison St","60618","Commercial","> 50,000 Sq Ft","2025","Avondale","21","33","41.94525","-87.70109","(41.94525, -87.70109)"
"159310","2138 S Indiana Ave","60616","Residential","> 250,000 Sq F","2025","Near South Side","33","3","41.85322","-87.62304","(41.85322, -87.62304)"
"173620","651 W Washington Blvd","60661","Commercial","> 50,000 Sq Ft","2025","Near West Side","28","42","41.88311","-87.64488","(41.88311, -87.64488)"
"250055","5039 N Kimball Ave","60625","Municipal","> 50,000 Sq Ft","2025","North Park","13","39","41.97281","-87.71282","(41.97281, -87.71282)"
"158295","520 S Michigan Ave","60605","Residential","> 250,000 Sq F","2027","Loop","32","42","41.89148","-87.62496","(41.89148, -87.62496)"
"159736","4848 N Winthrop Ave","60640","Residential","> 250,000 Sq F","2027","Uptown","3","46","41.97071","-87.65798","(41.97071, -87.65798)"
"257095","451 E Pershing Rd","60653","Residential","> 50,000 Sq Ft","2025","Grand Boulevard","38","3","41.81851","-87.61148","(41.81851, -87.61148)"
"114455","1321 1327 N Astor St","60610","Residential","> 50,000 Sq Ft","2025","Near North Side","8","43","41.90375","-87.63559","(41.90375, -87.63559)"
"251783","5212 W Agatite","60630","Commercial","> 50,000 Sq Ft","2025","Portage Park","15","38","41.96183","-87.75825","(41.96183, -87.75825)"
"251727","1326 W 14th Place","60608","Municipal","> 50,000 Sq Ft","2027","Near West Side","28","25","41.8627","-87.66021","(41.8627, -87.66021)"
"131935","5336 N Western Ave","60625","Commercial","> 50,000 Sq Ft","2027","Lincoln Square","4","40","41.97842","-87.68926","(41.97842, -87.68926)"
"244340","7141 N Kedzie Ave","60645","Residential","> 250,000 Sq F","2027","West Ridge","2","50","42.01065","-87.70793","(42.01065, -87.70793)"
"101713","200 E Randolph St","60601","Commercial","> 250,000 Sq Ft","2024","Loop","32","42","41.88529","-87.62152","(41.88529, -87.62152)"
"105150","1533 W Jarvis Ave","60626","Residential","> 50,000 Sq Ft","2025","Rogers Park","1","49","42.01036","-87.6683","(42.01036, -87.6683)"
"101715","227 W Monroe","60606","Commercial","> 250,000 Sq Ft","2026","Loop","32","42","41.88003","-87.63472","(41.88003, -87.63472)"
"251227","372 W Ontario St","60654","Commercial","> 50,000 Sq Ft","2027","Near North Side","8","42","41.89316","-87.63853","(41.89316, -87.63853)"
"102083","1645 1663 W Pratt Blvd","60626","Residential","> 50,000 Sq Ft","2025","Rogers Park","1","49","42.01036","-87.6683","(42.01036, -87.6683)"
"159323","4250 S Princeton Ave","60609","Residential","> 50,000 Sq Ft","2027","Fuller Park","37","3","41.81674","-87.6347","(41.81674, -87.6347)"
"257119","4600 N Marine Dr","60640","Residential","> 250,000 Sq F","2025","Uptown","3","46","41.96953","-87.65617","(41.96953, -87.65617)"
"257071","801 W Belmont Ave","60657","Commercial","> 50,000 Sq Ft","2025","Lake View","6","44","41.9397","-87.66901","(41.9397, -87.66901)"
"142211","630 644 W Addison St","60613","Residential","> 50,000 Sq Ft","2025","Lake View","6","46","41.95402","-87.66203","(41.95402, -87.66203)"
"175053","5330  N Damen Ave","60625","Residential","> 50,000 Sq Ft","2027","Lincoln Square","4","40","41.97208","-87.70235","(41.97208, -87.70235)"
"254993","400 W Huron St","60654","Residential","> 50,000 Sq Ft","2025","Near North Side","8","42","41.89474","-87.63874","(41.89474, -87.63874)"
"253969","459 W Division St","60610","Residential","> 50,000 Sq Ft","2027","Near North Side","8","27","41.90384","-87.63668","(41.90384, -87.63668)"
"173781","4251 4259 W Irving Park Rd","60641","Residential","> 50,000 Sq Ft","2025","Irving Park","16","45","41.94615","-87.74708","(41.94615, -87.74708)"
"103580","6720  S Cornell Ave","60649","Residential","> 50,000 Sq Ft","2026","South Shore","43","5","41.76259","-87.57232","(41.76259, -87.57232)"
"250008","3901 S State St","60609","Commercial","> 50,000 Sq Ft","2025","Grand Boulevard","38","3","41.82362","-87.62638","(41.82362, -87.62638)"
"103731","900  W Fullerton Ave","60614","Residential","> 50,000 Sq Ft","2027","Lincoln Park","7","43","41.92201","-87.65462","(41.92201, -87.65462)"
"173925","5734 S Ellis Ave","60637","Commercial","> 50,000 Sq Ft","2027","Hyde Park","41","5","41.79028","-87.60167","(41.79028, -87.60167)"
"251326","2345 N Sheffield Ave","60614","Commercial","> 50,000 Sq Ft","2026","Lincoln Park","7","43","41.92481","-87.65324","(41.92481, -87.65324)"
"251632","32 E 115th St","60628","Municipal","> 50,000 Sq Ft","2025","Roseland","49","9","41.68567","-87.62176","(41.68567, -87.62176)"
"174002","1111 1135 E 87th St","60619","Commercial","> 50,000 Sq Ft","2025","Burnside","47","8","41.73624","-87.59662","(41.73624, -87.59662)"
"116385","1010  W 95th St","60643","Commercial","> 50,000 Sq Ft","2025","Washington Heights","73","21","41.69818","-87.66237","(41.69818, -87.66237)"
"252013","900 N Franklin St","60610","Commercial","> 50,000 Sq Ft","2024","Near North Side","8","27","41.89936","-87.6361","(41.89936, -87.6361)"
"240557","345 W Fullerton Pkwy","60614","Residential","> 250,000 Sq F","2024","Lincoln Park","7","43","41.92528","-87.63858","(41.92528, -87.63858)"
"257123","3140 N Clybourn Ave","60618","Residential","> 50,000 Sq Ft","2025","North Center","5","32","41.93943","-87.71987","(41.93943, -87.71987)"
"256573","313 W Wolf Point Plaza","60654","Residential","> 250,000 Sq F","2026","Near North Side","8","42","41.89293","-87.63511","(41.89293, -87.63511)"
"118737","2112 W Peterson Ave","60659","Commercial","> 250,000 Sq Ft","2027","West Ridge","2","40","41.99067","-87.68218","(41.99067, -87.68218)"
"256818","4434 S Cottage Grove Ave","60653","Residential","> 50,000 Sq Ft","2025","Grand Boulevard","38","4","41.81681","-87.60778","(41.81681, -87.60778)"
"256549","110 W Huron St","60654","Residential","> 50,000 Sq Ft","2025","Near North Side","8","2","41.89293","-87.63511","(41.89293, -87.63511)"
"101710","1605  E 50th St","60615","Residential","> 50,000 Sq Ft","2025","Kenwood","39","5","41.80224","-87.60333","(41.80224, -87.60333)"
"160243","765 W Adams St","60661","Residential","> 250,000 Sq F","2027","Near West Side","28","27","41.87911","-87.64652","(41.87911, -87.64652)"
"173710","1430  N Lake Shore Dr","60610","Residential","> 50,000 Sq Ft","2025","Near North Side","8","43","41.90375","-87.63559","(41.90375, -87.63559)"
"251674","3000 N Mango Ave","60634","Municipal","> 50,000 Sq Ft","2025","Belmont Cragin","19","30","41.93583","-87.77044","(41.93583, -87.77044)"
"250133","4620 S Damen Ave","60609","Commercial","> 50,000 Sq Ft","2024","New City","61","12","41.80988","-87.67451","(41.80988, -87.67451)"
"173949","2438 2484 W Estes Ave","60645","Residential","> 50,000 Sq Ft","2025","West Ridge","2","50","42.0088","-87.69503","(42.0088, -87.69503)"
"101770","10 S Wacker Dr","60606","Commercial","> 250,000 Sq Ft","2026","Loop","32","42","41.88161","-87.63752","(41.88161, -87.63752)"
"173776","331  W Oakdale Ave","60657","Residential","> 50,000 Sq Ft","2025","Lake View","6","44","41.93985","-87.65845","(41.93985, -87.65845)"
"254171","6526 N Winthrop","60660","Commercial","> 50,000 Sq Ft","2027","Rogers Park","1","49","41.99097","-87.65815","(41.99097, -87.65815)"
"242654","1660 N Lasalle St","60614","Residential","> 250,000 Sq F","2024","Lincoln Park","7","2","41.91256","-87.63355","(41.91256, -87.63355)"
"172783","1369  E Hyde Park Blvd","60615","Residential","> 50,000 Sq Ft","2027","Hyde Park","41","4","41.80224","-87.60333","(41.80224, -87.60333)"
"251462","4436 S Union Ave","60609","Municipal","> 50,000 Sq Ft","2025","New City","61","11","41.81341","-87.64414","(41.81341, -87.64414)"
"256435","55 W 34th Street","60616","Commercial","> 50,000 Sq Ft","2025","Douglas","35","3","41.84233","-87.62715","(41.84233, -87.62715)"
"256810","9401 S Stony Island Ave","60617","Residential","> 50,000 Sq Ft","2025","Calumet Heights","48","8","41.74246","-87.58007","(41.74246, -87.58007)"
"171886","2636 2644 W North Ave","60647","Residential","> 50,000 Sq Ft","2027","West Town","24","1","41.92075","-87.70153","(41.92075, -87.70153)"
"114339","6325  N Sheridan Rd","60660","Residential","> 50,000 Sq Ft","2025","Edgewater","77","48","41.9909","-87.66661","(41.9909, -87.66661)"
"167479","2650 2700 N Clark St","60614","Commercial","> 50,000 Sq Ft","2025","Lincoln Park","7","43","41.93185","-87.64461","(41.93185, -87.64461)"
"158724","2200 S Western Ave","60608","Commercial","> 50,000 Sq Ft","2024","Lower West Side","31","28","41.85133","-87.6869","(41.85133, -87.6869)"
"102690","1250  N Lasalle Dr","60610","Residential","> 50,000 Sq Ft","2027","Near North Side","8","2","41.90375","-87.63559","(41.90375, -87.63559)"
"250129","300 N Lasalle St","60654","Commercial","> 250,000 Sq Ft","2026","Near North Side","8","42","41.88814","-87.63313","(41.88814, -87.63313)"
"160448","606 E Woodland Park Ave","60616","Residential","> 50,000 Sq Ft","2027","Douglas","35","4","41.83255","-87.61085","(41.83255, -87.61085)"
"175462","741  E 79th St","60619","Residential","> 50,000 Sq Ft","2025","Chatham","44","6","41.74401","-87.6055","(41.74401, -87.6055)"
"101043","2935 W Polk St","60612","Municipal","> 50,000 Sq Ft","2025","East Garfield Park","27","28","41.87078","-87.69973","(41.87078, -87.69973)"
"172771","80  W Harrison St","60605","Residential","> 50,000 Sq Ft","2025","Loop","32","4","41.86863","-87.62731","(41.86863, -87.62731)"
"158133","353 N Clark St","60654","Commercial","> 250,000 Sq Ft","2024","Near North Side","8","42","41.88887","-87.63027","(41.88887, -87.63027)"
"103495","7465  S South Shore Dr","60649","Residential","> 50,000 Sq Ft","2025","South Shore","43","7","41.76259","-87.57232","(41.76259, -87.57232)"
"256997","400 N Aberdeen St","60642","Commercial","> 250,000 Sq Ft","2025","West Town","24","27","41.88425","-87.63245","(41.88425, -87.63245)"
"105615","426 W Surf St","60657","Residential","> 50,000 Sq Ft","2025","Lake View","6","44","41.93985","-87.65845","(41.93985, -87.65845)"
"130629","3510 3524 S Western Ave","60609","Commercial","> 50,000 Sq Ft","2025","McKinley Park","59","12","41.82954","-87.68567","(41.82954, -87.68567)"
"257090","3501 N Halsted St","60657","Commercial","> 50,000 Sq Ft","2025","Lake View","6","46","41.9397","-87.66901","(41.9397, -87.66901)"
"119758","6107 S Archer Ave","60638","Commercial","> 50,000 Sq Ft","2026","Garfield Ridge","56","23","41.79385","-87.77031","(41.79385, -87.77031)"
"101912","550 W Washington","60661","Commercial","> 250,000 Sq Ft","2027","Near West Side","28","42","41.88353","-87.64167","(41.88353, -87.64167)"
"251634","3456 W 38th Street","60632","Municipal","> 50,000 Sq Ft","2025","Brighton Park","58","12","41.82509","-87.71142","(41.82509, -87.71142)"
"175961","300 N Elizabeth St","60607","Commercial","> 50,000 Sq Ft","2024","Near West Side","28","27","41.88673","-87.6589","(41.88673, -87.6589)"
"159249","303 W Division St","60610","Residential","> 50,000 Sq Ft","2025","Near North Side","8","27","41.9037","-87.63679","(41.9037, -87.63679)"
"172812","4336 4344 S Drexel Blvd","60653","Residential","> 50,000 Sq Ft","2025","Kenwood","39","4","41.82021","-87.61247","(41.82021, -87.61247)"
"250018","1401 S Sacramento Dr","60623","Municipal","> 50,000 Sq Ft","2025","North Lawndale","29","24","41.86239","-87.69974","(41.86239, -87.69974)"
"103687","1 S State St","60603","Commercial","> 250,000 Sq Ft","2026","Loop","32","42","41.8819","-87.62775","(41.8819, -87.62775)"
"173768","813 831 W Waveland Ave","60613","Residential","> 50,000 Sq Ft","2025","Lake View","6","44","41.95402","-87.66203","(41.95402, -87.66203)"
"251395","3527 S Wallace St","60609","Municipal","> 50,000 Sq Ft","2025","Bridgeport","60","11","41.83036","-87.64086","(41.83036, -87.64086)"
"251631","3231 N Springfield","60618","Municipal","> 50,000 Sq Ft","2025","Avondale","21","30","41.94004","-87.7242","(41.94004, -87.7242)"
"254568","20 22 N Aberdeen St","60607","Residential","> 50,000 Sq Ft","2025","Near West Side","28","25","41.87988","-87.65469","(41.87988, -87.65469)"
"254109","2901 S Michigan Ave","60616","Residential","> 250,000 Sq F","2025","Douglas","35","4","41.84586","-87.62921","(41.84586, -87.62921)"
"250022","1312 S Racine Ave","60608","Municipal","> 50,000 Sq Ft","2025","Near West Side","28","25","41.86475","-87.65742","(41.86475, -87.65742)"
"250085","440 N Drake Ave","60624","Residential","> 50,000 Sq Ft","2027","Humboldt Park","23","27","41.88935","-87.71525","(41.88935, -87.71525)"
"157975","501 E 32nd St","60616","Residential","> 250,000 Sq F","2027","Douglas","35","4","41.8357","-87.61275","(41.8357, -87.61275)"
"257106","1475 N Kingsbury St","60642","Residential","> 50,000 Sq Ft","2025","Near North Side","8","27","41.89441","-87.65955","(41.89441, -87.65955)"
"253973","4015 N Milwaukee Ave","60654","Residential","> 50,000 Sq Ft","2025","Portage Park","15","45","41.89158","-87.63784","(41.89158, -87.63784)"
"161150","1104 S Wabash Ave","60605","Commercial","> 50,000 Sq Ft","2027","Loop","32","4","41.86901","-87.62636","(41.86901, -87.62636)"
"172610","1730 W Fullerton Ave","60614","Commercial","> 50,000 Sq Ft","2025","Lincoln Park","7","32","41.92637","-87.67278","(41.92637, -87.67278)"
"160278","2851 S King Dr","60616","Residential","> 250,000 Sq F","2027","Douglas","35","4","41.84269","-87.61626","(41.84269, -87.61626)"
"101872","100 N Lasalle St","60602","Commercial","> 50,000 Sq Ft","2027","Loop","32","42","41.88343","-87.6325","(41.88343, -87.6325)"
"167562","2016 N Orchard St","60614","Municipal","> 250,000 Sq Ft","2025","Lincoln Park","7","43","41.91836","-87.64617","(41.91836, -87.64617)"
"256615","25 West Randolph Street","60601","Residential","> 250,000 Sq F","2027","Loop","32","34","41.88425","-87.63245","(41.88425, -87.63245)"
"257193","4034 W 56th St","60629","Municipal","> 50,000 Sq Ft","2025","West Elsdon","62","13","41.88323","-87.6324","(41.88323, -87.6324)"
"121374","5201 Sheridan Rd","60640","Commercial","> 50,000 Sq Ft","2027","Edgewater","77","48","41.97649","-87.65496","(41.97649, -87.65496)"
"251870","5330 W Berteau Ave","60641","Municipal","> 50,000 Sq Ft","2025","Portage Park","15","38","41.95738","-87.76098","(41.95738, -87.76098)"
"172037","1422 1424 W 47th St","60609","Commercial","> 50,000 Sq Ft","2025","New City","61","15","41.80997","-87.66069","(41.80997, -87.66069)"
"252029","1812 - 1840 W Hubbard St","60622","Commercial","> 50,000 Sq Ft","2025","West Town","24","27","41.89019","-87.67286","(41.89019, -87.67286)"
"256670","1 S Leavitt Street","60612","Residential","> 50,000 Sq Ft","2026","Near West Side","28","27","41.88425","-87.63245","(41.88425, -87.63245)"
"148480","865  N Larrabee St","60610","Residential","> 50,000 Sq Ft","2025","Near North Side","8","27","41.90375","-87.63559","(41.90375, -87.63559)"
"251356","1504 S Albany Ave","60623","Municipal","> 50,000 Sq Ft","2025","North Lawndale","29","24","41.86112","-87.70342","(41.86112, -87.70342)"
"159288","1926 1960 W Harrison St","60612","Residential","> 250,000 Sq F","2025","Near West Side","28","28","41.87467","-87.67461","(41.87467, -87.67461)"
"251579","5640 S Wolcott Ave","60636","Municipal","> 50,000 Sq Ft","2025","West Englewood","67","15","41.79103","-87.6718","(41.79103, -87.6718)"
"101998","555 W Adams St","60661","Commercial","> 250,000 Sq Ft","2026","Near West Side","28","42","41.87898","-87.64155","(41.87898, -87.64155)"
"106027","505  W Belmont Ave","60657","Residential","> 50,000 Sq Ft","2025","Lake View","6","44","41.93985","-87.65845","(41.93985, -87.65845)"
"240068","600 N Dearborn St","60654","Residential","> 250,000 Sq F","2027","Near North Side","8","42","41.89268","-87.63016","(41.89268, -87.63016)"
"255023","454 W Division St","60610","Residential","> 50,000 Sq Ft","2025","Near North Side","8","27","41.90377","-87.63983","(41.90377, -87.63983)"
"102125","259 E Erie St","60611","Commercial","> 250,000 Sq Ft","2027","Near North Side","8","42","41.89404","-87.62042","(41.89404, -87.62042)"
"244503","5000 S East End Ave","60615","Residential","> 250,000 Sq F","2027","Kenwood","39","5","41.80422","-87.58577","(41.80422, -87.58577)"
"101890","345 E Superior St","60611","Commercial","> 250,000 Sq Ft","2027","Near North Side","8","42","41.89545","-87.61832","(41.89545, -87.61832)"
"124308","10900 S Doty Ave","60628","Commercial","> 50,000 Sq Ft","2027","Pullman","50","9","41.6934","-87.59873","(41.6934, -87.59873)"
"121761","2555 N Normandy Ave","60707","Commercial","> 50,000 Sq Ft","2025","Montclare","18","29","41.9267","-87.79203","(41.9267, -87.79203)"
"175760","7300 S South Shore Dr","60649","Residential","> 50,000 Sq Ft","2025","South Shore","43","7","41.76259","-87.57232","(41.76259, -87.57232)"
"254038","2260 E 99th St","60617","Residential","> 50,000 Sq Ft","2025","South Deering","51","10","41.71331","-87.55547","(41.71331, -87.55547)"
"234897","55 E Erie St","60611","Residential","> 250,000 Sq F","2025","Near North Side","8","42","41.89395","-87.62612","(41.89395, -87.62612)"
"251710","5101 W Harrison St","60644","Municipal","> 50,000 Sq Ft","2025","Austin","25","29","41.87248","-87.75267","(41.87248, -87.75267)"
"252323","401 E Bowen Ave","60653","Residential","> 50,000 Sq Ft","2025","Grand Boulevard","38","3","41.81932","-87.61539","(41.81932, -87.61539)"
"251742","5410 S St Louis Ave","60632","Municipal","> 50,000 Sq Ft","2025","Gage Park","63","14","41.79494","-87.71098","(41.79494, -87.71098)"
"254035","725 W Irving Park Rd","60613","Residential","> 50,000 Sq Ft","2024","Lake View","6","46","41.95431","-87.6618","(41.95431, -87.6618)"
"250027","300 N Central Park Ave","60624","Municipal","> 250,000 Sq Ft","2025","East Garfield Park","27","28","41.88626","-87.71796","(41.88626, -87.71796)"
"251877","2710 S Dearborn St","60616","Municipal","> 50,000 Sq Ft","2025","Douglas","35","3","41.84347","-87.62873","(41.84347, -87.62873)"
"256490","5427 N Broadway St","60640","Residential","> 50,000 Sq Ft","2027","Edgewater","77","48","41.97459","-87.66273","(41.97459, -87.66273)"
"156829","3700 W 103rd St","60655","Commercial","> 250,000 Sq Ft","2027","Mount Greenwood","74","19","41.70945","-87.71356","(41.70945, -87.71356)"
"102160","108 N State St","60602","Residential","> 250,000 Sq F","2026","Loop","32","42","41.88349","-87.62793","(41.88349, -87.62793)"
"256786","2823 W Belmont Ave","60618","Commercial","> 50,000 Sq Ft","2025","Avondale","21","33","41.95073","-87.70793","(41.95073, -87.70793)"
"231536","1212 N Wells St","60610","Residential","> 50,000 Sq Ft","2025","Near North Side","8","2","41.90437","-87.63502","(41.90437, -87.63502)"
"106030","433 W Briar Pl","60657","Residential","> 50,000 Sq Ft","2027","Lake View","6","44","41.93985","-87.65845","(41.93985, -87.65845)"
"165353","1340 S Canal St","60607","Commercial","> 50,000 Sq Ft","2026","Near West Side","28","11","41.86412","-87.63989","(41.86412, -87.63989)"
"137144","1634 W Polk St","60612","Commercial","> 50,000 Sq Ft","2025","Near West Side","28","27","41.87202","-87.66788","(41.87202, -87.66788)"
"175113","8039 8045 S Manistee Ave","60617","Residential","> 50,000 Sq Ft","2025","South Chicago","46","7","41.72724","-87.55514","(41.72724, -87.55514)"
"252057","1126 E 59th St","60637","Commercial","> 50,000 Sq Ft","2027","Hyde Park","41","5","41.78781","-87.59828","(41.78781, -87.59828)"
"105820","7353  S Cicero Ave","60629","Residential","> 50,000 Sq Ft","2025","West Lawn","65","18","41.77517","-87.7139","(41.77517, -87.7139)"
"250146","223 W Jackson Blvd","60606","Commercial","> 50,000 Sq Ft","2025","Loop","32","42","41.87788","-87.63479","(41.87788, -87.63479)"
"128321","2315  W Lemoyne St","60622","Residential","> 50,000 Sq Ft","2026","West Town","24","1","41.90225","-87.68448","(41.90225, -87.68448)"
"251621","226 W 104th St","60628","Municipal","> 50,000 Sq Ft","2025","Roseland","49","34","41.70455","-87.62936","(41.70455, -87.62936)"
"172115","999  N Lake Shore Dr","60611","Residential","> 50,000 Sq Ft","2025","Near North Side","8","2","41.89579","-87.62248","(41.89579, -87.62248)"
"120267","2333 W Madison","60612","Commercial","> 50,000 Sq Ft","2025","Near West Side","28","27","41.88117","-87.6848","(41.88117, -87.6848)"
"173594","19 S Lasalle St","60603","Commercial","> 50,000 Sq Ft","2025","Loop","32","42","41.88141","-87.63236","(41.88141, -87.63236)"
"250023","1333 N Laramie Ave","60651","Municipal","> 50,000 Sq Ft","2025","Austin","25","37","41.90499","-87.75511","(41.90499, -87.75511)"
"160326","1010 W 35th St","60609","Commercial","> 50,000 Sq Ft","2027","Bridgeport","60","11","41.83093","-87.652","(41.83093, -87.652)"
"165730","140 N Ashland Ave","60607","Commercial","> 50,000 Sq Ft","2024","Near West Side","28","27","41.88446","-87.66694","(41.88446, -87.66694)"
"251760","2031 S Peoria St","60608","Municipal","> 50,000 Sq Ft","2025","Lower West Side","31","11","41.85438","-87.64784","(41.85438, -87.64784)"
"254981","2733 W Belden Ave","60647","Residential","> 50,000 Sq Ft","2027","Logan Square","22","1","41.92288","-87.69612","(41.92288, -87.69612)"
"238957","2626 N Lakeview Ave","60614","Residential","> 250,000 Sq F","2027","Lincoln Park","7","43","41.93028","-87.63999","(41.93028, -87.63999)"
"254073","215 N. Aberdeen St.","60607","Residential","> 50,000 Sq Ft","2025","Near West Side","28","27","41.8743","-87.65018","(41.8743, -87.65018)"
"175889","70  E Scott St","60610","Residential","> 50,000 Sq Ft","2025","Near North Side","8","43","41.90375","-87.63559","(41.90375, -87.63559)"
"234641","6833 N Kedzie Ave","60645","Residential","> 250,000 Sq F","2027","West Ridge","2","50","42.00575","-87.70856","(42.00575, -87.70856)"
"254262","906 934 W Sunnyside","60640","Residential","> 50,000 Sq Ft","2025","Uptown","3","46","41.97265","-87.66491","(41.97265, -87.66491)"
"254995","4 E Elm St","60611","Residential","> 50,000 Sq Ft","2027","Near North Side","8","2","41.90324","-87.6285","(41.90324, -87.6285)"
"250075","200 W 95th St","60628","Residential","> 50,000 Sq Ft","2027","Roseland","49","21","41.72175","-87.62886","(41.72175, -87.62886)"
"175789","7540 7554 S Stony Island","60649","Commercial","> 50,000 Sq Ft","2025","South Shore","43","8","41.75772","-87.58613","(41.75772, -87.58613)"
"251888","1434 N Parkside Ave","60651","Municipal","> 50,000 Sq Ft","2025","Austin","25","29","41.90596","-87.76786","(41.90596, -87.76786)"
"256814","730 N Milwaukee Ave","60048","Commercial","> 50,000 Sq Ft","2025","West Town","24","27","41.88425","-87.63245","(41.88425, -87.63245)"
"257036","1700 West Van Buren Street","60612","Commercial","> 50,000 Sq Ft","2025","Near West Side","28","27","41.88425","-87.63245","(41.88425, -87.63245)"
"172611","1850 N Hermitage Ave","60622","Commercial","> 50,000 Sq Ft","2025","Logan Square","22","32","41.91573","-87.67209","(41.91573, -87.67209)"
"173835","1900 W Lawrence Ave","60640","Residential","> 50,000 Sq Ft","2026","Lincoln Square","4","47","41.96908","-87.67696","(41.96908, -87.67696)"
"174200","1313  W Randolph St","60607","Residential","> 50,000 Sq Ft","2025","Near West Side","28","27","41.87399","-87.65168","(41.87399, -87.65168)"
"174165","5107 S. Blackstone Ave","60615","Residential","> 50,000 Sq Ft","2025","Hyde Park","41","4","41.80224","-87.60333","(41.80224, -87.60333)"
"206858","3240 N Lake Shore Dr","60657","Residential","> 250,000 Sq F","2025","Lake View","6","44","41.94137","-87.63997","(41.94137, -87.63997)"
"160284","1255 S Michigan Ave","60605","Residential","> 250,000 Sq F","2026","Near South Side","33","3","41.86623","-87.62362","(41.86623, -87.62362)"
"250121","326 West 64th St","60621","Commercial","> 250,000 Sq Ft","2024","Englewood","68","20","41.77854","-87.63362","(41.77854, -87.63362)"
"243714","6166 N Sheridan Rd","60660","Residential","> 50,000 Sq Ft","2025","Edgewater","77","48","41.99432","-87.656","(41.99432, -87.656)"
"255928","530 N La Salle Dr","60654","Residential","> 50,000 Sq Ft","2027","Near North Side","8","42","41.89213","-87.63513","(41.89213, -87.63513)"
"256680","1205-1255 N Orleans Court","60610","Residential","> 50,000 Sq Ft","2026","Near North Side","8","27","41.90423","-87.63823","(41.90423, -87.63823)"
"256422","3350 S Federal Street","60616","Commercial","> 50,000 Sq Ft","2025","Douglas","35","3","41.84233","-87.62715","(41.84233, -87.62715)"
"251421","7350 W Pratt Ave","60631","Municipal","> 50,000 Sq Ft","2025","Edison Park","9","41","42.00464","-87.81083","(42.00464, -87.81083)"
"256125","168 N Michigan Ave","60601","Residential","> 50,000 Sq Ft","2027","Loop","32","42","41.88621","-87.6182","(41.88621, -87.6182)"
"256263","1330 W. Fulton","60607","Commercial","> 250,000 Sq Ft","2027","Near West Side","28","27","41.87461","-87.65149","(41.87461, -87.65149)"
"172705","6456 6460 W Belle Plaine Ave","60634","Residential","> 50,000 Sq Ft","2025","Dunning","17","38","41.9453","-87.80187","(41.9453, -87.80187)"
"101874","444 N Michigan Ave","60611","Commercial","> 250,000 Sq Ft","2026","Near North Side","8","42","41.89069","-87.62478","(41.89069, -87.62478)"
"102079","500 N Kingsbury St","60654","Commercial","> 250,000 Sq Ft","2026","Near North Side","8","42","41.89012","-87.63932","(41.89012, -87.63932)"
"112320","1020  W Thorndale Ave","60660","Residential","> 50,000 Sq Ft","2025","Edgewater","77","48","41.9909","-87.66661","(41.9909, -87.66661)"
"159740","840 W Sunnyside Ave","60640","Residential","> 50,000 Sq Ft","2025","Uptown","3","46","41.96396","-87.65181","(41.96396, -87.65181)"
"105252","3500 S Lake Park Ave","60653","Residential","> 250,000 Sq F","2025","Oakland","36","4","41.82021","-87.61247","(41.82021, -87.61247)"
"256735","8601 W Foster Avenue","60656","Commercial","> 50,000 Sq Ft","2027","O'Hare","76","41","41.97553","-87.8018","(41.97553, -87.8018)"
"172900","2370 N Newcastle Ave","60707","Commercial","> 50,000 Sq Ft","2024","Montclare","18","36","41.92313","-87.7971","(41.92313, -87.7971)"
"232458","4800 - 4850 S Lake Park Ave","60615","Residential","> 250,000 Sq F","2027","Kenwood","39","4","41.80747","-87.59126","(41.80747, -87.59126)"
"164537","800 W Lawrence Ave","60640","Residential","> 50,000 Sq Ft","2025","Uptown","3","46","41.9694","-87.65097","(41.9694, -87.65097)"
"251339","2345 N Clifton Ave","60614","Commercial","> 50,000 Sq Ft","2027","Lincoln Park","7","43","41.92482","-87.6569","(41.92482, -87.6569)"
"250040","3807 W 111th St","60655","Municipal","> 50,000 Sq Ft","2025","Mount Greenwood","74","19","41.69038","-87.71715","(41.69038, -87.71715)"
"103770","333 S Lasalle St","60604","Commercial","> 250,000 Sq Ft","2025","Loop","32","42","41.87774","-87.63172","(41.87774, -87.63172)"
"101791","55 W Monroe","60603","Commercial","> 250,000 Sq Ft","2026","Loop","32","42","41.88039","-87.62982","(41.88039, -87.62982)"
"172627","3800 N California Ave","60618","Residential","> 50,000 Sq Ft","2025","Irving Park","16","33","41.95062","-87.69878","(41.95062, -87.69878)"
"103685","1 N State St","60602","Commercial","> 250,000 Sq Ft","2025","Loop","32","42","41.88239","-87.62728","(41.88239, -87.62728)"
"160299","111 W Wacker Dr","60601","Residential","> 250,000 Sq F","2027","Loop","32","42","41.88771","-87.6236","(41.88771, -87.6236)"
"255190","1241 N Milwaukee Ave","60622","Residential","> 50,000 Sq Ft","2025","West Town","24","1","41.90422","-87.67412","(41.90422, -87.67412)"
"250077","3770 S Wentworth Ave","60609","Residential","> 250,000 Sq F","2027","Armour Square","34","3","41.82608","-87.6314","(41.82608, -87.6314)"
"106112","732  W Bittersweet Pl","60613","Residential","> 50,000 Sq Ft","2025","Uptown","3","46","41.95402","-87.66203","(41.95402, -87.66203)"
"251858","2957 N Hoyne Ave","60618","Municipal","> 50,000 Sq Ft","2025","North Center","5","32","41.93555","-87.68032","(41.93555, -87.68032)"
"251571","720 N Lorel Ave","60644","Municipal","> 50,000 Sq Ft","2025","Austin","25","37","41.89367","-87.75931","(41.89367, -87.75931)"
"160434","63 E Lake St","60601","Residential","> 50,000 Sq Ft","2025","Loop","32","42","41.88541","-87.62557","(41.88541, -87.62557)"
"111545","2314 N Lincoln Park West","60614","Residential","> 50,000 Sq Ft","2025","Lincoln Park","7","43","41.9244","-87.63714","(41.9244, -87.63714)"
"174135","869  W Buena Ave","60613","Residential","> 50,000 Sq Ft","2025","Uptown","3","46","41.95402","-87.66203","(41.95402, -87.66203)"
"105739","5346 5350 S Cornell Ave","60615","Residential","> 50,000 Sq Ft","2025","Hyde Park","41","5","41.80224","-87.60333","(41.80224, -87.60333)"
"121286","2600 W 35th St","60632","Commercial","> 250,000 Sq Ft","2025","Brighton Park","58","12","41.83021","-87.69004","(41.83021, -87.69004)"
"251531","2601 W 80th St","60652","Municipal","> 50,000 Sq Ft","2025","Ashburn","70","18","41.74765","-87.68775","(41.74765, -87.68775)"
"257181","354 N Union Ave","60661","Residential","> 250,000 Sq F","2025","West Town","24","34","41.88387","-87.64271","(41.88387, -87.64271)"
"251886","6059 S Wabash Ave","60637","Municipal","> 50,000 Sq Ft","2025","Washington Heights","73","20","41.78439","-87.62378","(41.78439, -87.62378)"
"101801","205 N Michigan Ave","60601","Commercial","> 250,000 Sq Ft","2027","Loop","32","42","41.88603","-87.62355","(41.88603, -87.62355)"
"101329","340  E 38th St","60653","Residential","> 50,000 Sq Ft","2025","Douglas","35","3","41.82021","-87.61247","(41.82021, -87.61247)"
"243278","253 E Delaware Pl","60611","Residential","> 50,000 Sq Ft","2025","Near North Side","8","2","41.89901","-87.61993","(41.89901, -87.61993)"
"219559","200 N Jefferson St","60661","Residential","> 250,000 Sq F","2024","Near West Side","28","42","41.88621","-87.6428","(41.88621, -87.6428)"
"159283","401 S Clinton St","60607","Commercial","> 50,000 Sq Ft","2024","Near West Side","28","25","41.87635","-87.64069","(41.87635, -87.64069)"
"103621","400 410 N Dearborn St","60654","Residential","> 250,000 Sq F","2027","Near North Side","8","42","41.88949","-87.62961","(41.88949, -87.62961)"
"157469","1224 W Van Buren St","60607","Residential","> 250,000 Sq F","2025","Near West Side","28","28","41.87684","-87.65817","(41.87684, -87.65817)"
"101920","410 N Michigan Ave","60611","Commercial","> 250,000 Sq Ft","2025","Near North Side","8","42","41.89007","-87.62518","(41.89007, -87.62518)"
"256675","1750 N Wolcott Avenue","60622","Residential","> 50,000 Sq Ft","2025","West Town","24","32","41.88425","-87.63245","(41.88425, -87.63245)"
"102091","101 W Superior St","60654","Residential","> 50,000 Sq Ft","2025","Near North Side","8","2","41.89158","-87.63784","(41.89158, -87.63784)"
"160444","1225 N Wells St","60610","Residential","> 250,000 Sq F","2027","Near North Side","8","2","41.90446","-87.63407","(41.90446, -87.63407)"
"257208","691 N Milwaukee Ave","60642","Commercial","> 50,000 Sq Ft",,"West Town","24","27","41.89983","-87.66192","(41.89983, -87.66192)"
"173871","6334 6344 N Sheridan Rd","60660","Residential","> 50,000 Sq Ft","2025","Edgewater","77","48","41.9909","-87.66661","(41.9909, -87.66661)"
"173951","3003 3033 W Touhy Ave","60645","Commercial","> 50,000 Sq Ft","2027","West Ridge","2","50","42.01132","-87.70526","(42.01132, -87.70526)"
"253988","400 W Erie St","60654","Commercial","> 50,000 Sq Ft","2025","Near North Side","8","42","41.89158","-87.63784","(41.89158, -87.63784)"
"251402","2306 W Maypole Ave","60612","Municipal","> 50,000 Sq Ft","2025","Near West Side","28","27","41.88416","-87.68478","(41.88416, -87.68478)"
"252075","4248 W 47th St","60632","Commercial","> 50,000 Sq Ft","2025","Archer Heights","57","14","41.80879","-87.73078","(41.80879, -87.73078)"
"242732","451 W Huron St","60654","Residential","> 50,000 Sq Ft","2025","Near North Side","8","42","41.89447","-87.64047","(41.89447, -87.64047)"
"251927","260 E Chestnut St","60611","Residential","> 250,000 Sq F","2027","Near North Side","8","2","41.89868","-87.61967","(41.89868, -87.61967)"
"251784","835 N Rush St","60611","Commercial","> 50,000 Sq Ft","2026","Near North Side","8","42","41.89778","-87.62605","(41.89778, -87.62605)"
"252261","301 N Austin Blvd","60644","Residential","> 50,000 Sq Ft","2024","Austin","25","29","41.88585","-87.77478","(41.88585, -87.77478)"
"251461","9130 S University Ave","60619","Municipal","> 50,000 Sq Ft","2025","Burnside","47","8","41.72857","-87.59664","(41.72857, -87.59664)"
"127031","424 W Division St","60610","Commercial","> 50,000 Sq Ft","2027","Near North Side","8","27","41.90515","-87.63937","(41.90515, -87.63937)"
"236031","208 W Washington St","60606","Residential","> 250,000 Sq F","2027","Loop","32","42","41.88329","-87.63414","(41.88329, -87.63414)"
"260093","5514 5524 S Blackstone Ave","60637","Residential","> 50,000 Sq Ft","2024","Hyde Park","41","5","41.78046","-87.60531","(41.78046, -87.60531)"
"111987","442 444 W Wellington Ave","60657","Residential","> 50,000 Sq Ft","2025","Lake View","6","44","41.93985","-87.65845","(41.93985, -87.65845)"
"116810","680 N Green St","60642","Residential","> 50,000 Sq Ft","2025","West Town","24","27","41.89983","-87.65764","(41.89983, -87.65764)"
"254045","2272 S Archer Ave","60616","Residential","> 50,000 Sq Ft","2027","Armour Square","34","45","41.85506","-87.62719","(41.85506, -87.62719)"
"159250","2045 W Jackson Blvd","60612","Residential","> 50,000 Sq Ft","2025","Near West Side","28","27","41.8772","-87.67835","(41.8772, -87.67835)"
"104834","515 523 W Barry Ave","60657","Residential","> 50,000 Sq Ft","2025","Lake View","6","44","41.93985","-87.65845","(41.93985, -87.65845)"
"250092","5821 N Broadway St","60660","Residential","> 50,000 Sq Ft","2027","Edgewater","77","48","41.98763","-87.65981","(41.98763, -87.65981)"
"113690","20  E Cedar St","60611","Residential","> 50,000 Sq Ft","2025","Near North Side","8","2","41.89579","-87.62248","(41.89579, -87.62248)"
"103766","640 N Lasalle St","60654","Commercial","> 250,000 Sq Ft","2025","Near North Side","8","42","41.89361","-87.63342","(41.89361, -87.63342)"
"158646","2550 N Lakeview Ave","60614","Residential","> 250,000 Sq F","2027","Lincoln Park","7","43","41.9291","-87.63927","(41.9291, -87.63927)"
"101899","6830  N Sheridan Rd","60626","Residential","> 50,000 Sq Ft","2027","Rogers Park","1","49","42.01036","-87.6683","(42.01036, -87.6683)"
"251667","9001 S Throop St","60620","Municipal","> 50,000 Sq Ft","2027","Washington Heights","73","21","41.73033","-87.65556","(41.73033, -87.65556)"
"243199","500 W Superior St","60654","Residential","> 250,000 Sq F","2027","Near North Side","8","42","41.89587","-87.64226","(41.89587, -87.64226)"
"158387","165 E Ontario St","60611","Residential","> 250,000 Sq F","2027","Near North Side","8","42","41.89313","-87.62306","(41.89313, -87.62306)"
"256534","811 W Agatite Ave","60640","Residential","> 250,000 Sq F","2025","Uptown","3","46","41.97459","-87.66273","(41.97459, -87.66273)"
"257092","6623 S Dr Martin L King Jr Dr","60637","Commercial","> 50,000 Sq Ft",,"Woodlawn","42","20","41.77672","-87.6089","(41.77672, -87.6089)"
"254514","2012 W St Paul Ave","60647","Residential","> 50,000 Sq Ft","2025","West Town","24","32","41.9174","-87.68401","(41.9174, -87.68401)"
"166547","750 E 40th St","60653","Commercial","> 50,000 Sq Ft","2024","Grand Boulevard","38","4","41.82185","-87.60832","(41.82185, -87.60832)"
"256249","110 N Carpenter","60607","Commercial","> 250,000 Sq Ft","2025","Near West Side","28","27","41.87461","-87.65149","(41.87461, -87.65149)"
"251617","2701 W Foster Ave","60625","Municipal","> 50,000 Sq Ft","2025","Lincoln Square","4","40","41.97552","-87.69722","(41.97552, -87.69722)"
"156693","1645 W Jackson Blvd","60612","Commercial","> 50,000 Sq Ft","2027","Near West Side","28","27","41.87727","-87.66845","(41.87727, -87.66845)"
"105749","211 217 E Chestnut St","60611","Residential","> 50,000 Sq Ft","2025","Near North Side","8","2","41.89579","-87.62248","(41.89579, -87.62248)"
"120015","3900 S Ashland Ave","60609","Commercial","> 250,000 Sq Ft","2025","New City","61","12","41.82266","-87.66666","(41.82266, -87.66666)"
"254050","1400 N State Pkwy","60610","Residential","> 50,000 Sq Ft","2025","Near North Side","8","2","41.90384","-87.63668","(41.90384, -87.63668)"
"256845","4900 N Bernard","60625","Commercial","> 50,000 Sq Ft","2027","Albany Park","14","33","41.88425","-87.63245","(41.88425, -87.63245)"
"237373","1 E Scott St","60610","Residential","> 50,000 Sq Ft","2027","Near North Side","8","43","41.90462","-87.62829","(41.90462, -87.62829)"
"256566","176 N Racine Avenue","60607","Commercial","> 50,000 Sq Ft","2027","Near West Side","28","27","41.86387","-87.64682","(41.86387, -87.64682)"
"257128","160 N Morgan St","60607","Residential","> 50,000 Sq Ft","2025","Near West Side","28","27","41.88321","-87.65877","(41.88321, -87.65877)"
"251387","4414 S Evans Ave","60653","Municipal","> 50,000 Sq Ft","2025","Grand Boulevard","38","3","41.81408","-87.60875","(41.81408, -87.60875)"
"244550","2650 N Lakeview Ave","60614","Residential","> 250,000 Sq F","2027","Lincoln Park","7","43","41.93071","-87.64044","(41.93071, -87.64044)"
"163223","10909 S Cottage Grove Ave","60628","Commercial","> 50,000 Sq Ft","2026","Pullman","50","9","41.69635","-87.60822","(41.69635, -87.60822)"
"238973","6933 N Kedzie Ave","60645","Residential","> 250,000 Sq F","2027","West Ridge","2","50","42.00719","-87.70848","(42.00719, -87.70848)"
"251684","1920 N Hamlin Ave","60647","Municipal","> 50,000 Sq Ft","2025","Logan Square","22","26","41.91598","-87.72249","(41.91598, -87.72249)"
"252044","1111 E 60th St","60637","Residential","> 50,000 Sq Ft","2027","Woodlawn","42","20","41.78509","-87.59906","(41.78509, -87.59906)"
"251712","1616 S Avers Ave","60623","Municipal","> 50,000 Sq Ft","2027","North Lawndale","29","24","41.85815","-87.72209","(41.85815, -87.72209)"
"113706","233  E Erie St","60611","Residential","> 50,000 Sq Ft","2027","Near North Side","8","42","41.89579","-87.62248","(41.89579, -87.62248)"
"260127","18 28 S Michigan Ave","60603","Commercial","> 50,000 Sq Ft","2024","Loop","32","42","41.8815","-87.62451","(41.8815, -87.62451)"
"100637","510 534 W Addison St","60613","Residential","> 50,000 Sq Ft","2027","Lake View","6","46","41.95402","-87.66203","(41.95402, -87.66203)"
"175523","222 W Hubbard St","60654","Commercial","> 50,000 Sq Ft","2027","Near North Side","8","42","41.89022","-87.63488","(41.89022, -87.63488)"
"252312","346 E 53rd St","60615","Residential","> 50,000 Sq Ft","2026","Washington Heights","73","3","41.79845","-87.61785","(41.79845, -87.61785)"
"255955","1035 W Van Buren St","60607","Residential","> 250,000 Sq F","2025","Near West Side","28","25","41.88","-87.65484","(41.88, -87.65484)"
"120324","1800 W Lawrence Ave","60640","Commercial","> 50,000 Sq Ft","2026","Lincoln Square","4","47","41.96885","-87.67503","(41.96885, -87.67503)"
"251318","87 W 87th St","60620","Commercial","> 50,000 Sq Ft","2026","Chatham","44","21","41.73449","-87.62743","(41.73449, -87.62743)"
"254161","6511 N Sheridan Rd","60626","Commercial","> 50,000 Sq Ft","2027","Rogers Park","1","49","42.00055","-87.66057","(42.00055, -87.66057)"
"173884","7416 N Ridge Rd","60645","Commercial","> 50,000 Sq Ft","2025","West Ridge","2","49","42.01645","-87.685","(42.01645, -87.685)"
"176022","7451 7521 N Clark St","60626","Commercial","> 50,000 Sq Ft","2027","Rogers Park","1","49","42.01809","-87.67365","(42.01809, -87.67365)"
"104288","452  W Aldine Ave","60657","Residential","> 50,000 Sq Ft","2025","Lake View","6","44","41.93985","-87.65845","(41.93985, -87.65845)"
"159896","5020 - 5050 S Lake Shore Dr","60615","Residential","> 250,000 Sq F","2025","Kenwood","39","5","41.80367","-87.58484","(41.80367, -87.58484)"
"255919","412 N Wells St","60654","Commercial","> 50,000 Sq Ft","2025","Near North Side","8","42","41.89213","-87.63513","(41.89213, -87.63513)"
"103273","221  E 121st Pl","60628","Residential","> 50,000 Sq Ft","2025","West Pullman","53","9","41.69755","-87.61478","(41.69755, -87.61478)"
"255944","243 E Ontario St","60611","Residential","> 50,000 Sq Ft","2026","Near North Side","8","42","41.89524","-87.6232","(41.89524, -87.6232)"
"251233","2601 N Clybourn St","60614","Commercial","> 250,000 Sq Ft","2027","Lincoln Park","7","32","41.93118","-87.67426","(41.93118, -87.67426)"
"116215","1745  N Keystone Ave","60639","Residential","> 50,000 Sq Ft","2025","Humboldt Park","23","26","41.92039","-87.75617","(41.92039, -87.75617)"
"252248","2815 W 79th St","60652","Commercial","> 50,000 Sq Ft","2025","Ashburn","70","18","41.74982","-87.69323","(41.74982, -87.69323)"
"157986","800 S Michigan Ave","60605","Residential","> 50,000 Sq Ft","2025","Loop","32","4","41.87155","-87.62473","(41.87155, -87.62473)"
"254173","1060 E  41st St","60609","Residential","> 50,000 Sq Ft","2025","Oakland","36","4","41.82032","-87.64564","(41.82032, -87.64564)"
"257197","4703 S Justine St","60609","Commercial","> 50,000 Sq Ft",,"New City","61","20","41.80638","-87.6552","(41.80638, -87.6552)"
"251652","4735 S Winchester Ave","60609","Municipal","> 50,000 Sq Ft","2025","New City","61","15","41.80725","-87.67297","(41.80725, -87.67297)"
"103639","221 N Lasalle St","60601","Commercial","> 250,000 Sq Ft","2027","Loop","32","42","41.88653","-87.632","(41.88653, -87.632)"
"132388","3913 3959 W Madison St","60624","Commercial","> 50,000 Sq Ft","2025","West Garfield Park","26","28","41.88047","-87.7247","(41.88047, -87.7247)"
"113396","5815 N Sheridan Rd","60660","Residential","> 50,000 Sq Ft","2025","Edgewater","77","48","41.9909","-87.66661","(41.9909, -87.66661)"
"254370","3659 W 99th St","60655","Commercial","> 50,000 Sq Ft","2026","Mount Greenwood","74","19","41.69339","-87.70304","(41.69339, -87.70304)"
"101878","200 W Jackson Blvd","60606","Commercial","> 250,000 Sq Ft","2025","Loop","32","42","41.87844","-87.6341","(41.87844, -87.6341)"
"255954","930 W Altgeld St","60614","Residential","> 250,000 Sq F","2025","Lincoln Park","7","43","41.92522","-87.64292","(41.92522, -87.64292)"
"103745","900 North Michigan","60611","Commercial","> 250,000 Sq Ft","2025","Near North Side","8","42","41.89921","-87.62651","(41.89921, -87.62651)"
"101407","15 23 N Aberdeen St","60607","Residential","> 50,000 Sq Ft","2025","Near West Side","28","25","41.87399","-87.65168","(41.87399, -87.65168)"
"251904","1409 - 1443 N Ogden Ave","60610","Commercial","> 50,000 Sq Ft","2027","Near North Side","8","27","41.90662","-87.64566","(41.90662, -87.64566)"
"105011","5439 5443 N Kenmore Ave","60640","Residential","> 50,000 Sq Ft","2025","Edgewater","77","48","41.97223","-87.6646","(41.97223, -87.6646)"
"250047","10330 S Elizabeth St","60643","Municipal","> 250,000 Sq Ft","2025","Washington Heights","73","34","41.70535","-87.65466","(41.70535, -87.65466)"
"256891","104 S Laflin St","60607","Residential","> 50,000 Sq Ft","2026","Near West Side","28","34","41.88321","-87.65877","(41.88321, -87.65877)"
"250001","120 N Lasalle St","60602","Commercial","> 250,000 Sq Ft","2027","Loop","32","42","41.88371","-87.63249","(41.88371, -87.63249)"
"252125","1 S Franklin St","60606","Residential","> 50,000 Sq Ft","2025","Loop","32","42","41.88154","-87.63527","(41.88154, -87.63527)"
"251517","650 W Scott","60610","Municipal","> 50,000 Sq Ft","2025","Near North Side","8","27","41.90507","-87.64452","(41.90507, -87.64452)"
"131999","646 652 S Clark St","60605","Residential","> 50,000 Sq Ft","2025","Loop","32","4","41.86863","-87.62731","(41.86863, -87.62731)"
"255740","808 W Van Buren","60607","Residential","> 50,000 Sq Ft","2026","Near West Side","28","27","41.88","-87.65484","(41.88, -87.65484)"
"117398","1111  S Ashland Ave","60607","Residential","> 50,000 Sq Ft","2025","Near West Side","28","28","41.87399","-87.65168","(41.87399, -87.65168)"
"257093","3449 N Ashland Ave","60657","Residential","> 50,000 Sq Ft","2025","Lake View","6","44","41.9397","-87.66901","(41.9397, -87.66901)"
"103655","5825  S Dorchester Ave","60637","Residential","> 50,000 Sq Ft","2027","Hyde Park","41","5","41.78046","-87.60531","(41.78046, -87.60531)"
"250167","162 N State St","60601","Residential","> 250,000 Sq F","2024","Loop","32","42","41.88497","-87.62837","(41.88497, -87.62837)"
"252121","211 E Grand Ave","60611","Residential","> 50,000 Sq Ft","2024","Near North Side","8","42","41.89146","-87.62213","(41.89146, -87.62213)"
"175553","335  N Menard Ave","60644","Commercial","> 50,000 Sq Ft","2025","Austin","25","29","41.88039","-87.75827","(41.88039, -87.75827)"
"160046","444 W Lake St","60606","Commercial","> 250,000 Sq Ft","2027","Near West Side","28","42","41.88575","-87.6393","(41.88575, -87.6393)"
"119808","1110 W Belden","60614","Commercial","> 50,000 Sq Ft","2027","Lincoln Park","7","43","41.92383","-87.65659","(41.92383, -87.65659)"
"114789","4720 4726 S Greenwood Ave","60615","Residential","> 50,000 Sq Ft","2027","Kenwood","39","4","41.80224","-87.60333","(41.80224, -87.60333)"
"175190","3931 3959 W 104th St","60655","Residential","> 50,000 Sq Ft","2025","Mount Greenwood","74","19","41.69526","-87.70151","(41.69526, -87.70151)"
"174321","2300  S Michigan Ave","60616","Residential","> 50,000 Sq Ft","2025","Near South Side","33","3","41.8455","-87.63056","(41.8455, -87.63056)"
"157165","1611 S Racine Ave","60608","Residential","> 50,000 Sq Ft","2027","Lower West Side","31","25","41.85914","-87.65603","(41.85914, -87.65603)"
"100470","30 W Chicago","60654","Residential","> 250,000 Sq F","2025","Near North Side","8","2","41.8967","-87.62937","(41.8967, -87.62937)"
"252311","824 832 E 53rd St","60615","Residential","> 50,000 Sq Ft","2025","Hyde Park","41","5","41.80224","-87.60352","(41.80224, -87.60352)"
"255783","4631 4637 S Lake Park","60653","Residential","> 50,000 Sq Ft","2025","Kenwood","39","4","41.88425","-87.63245","(41.88425, -87.63245)"
"239739","1212 N Lake Shore Dr","60610","Residential","> 250,000 Sq F","2027","Near North Side","8","43","41.90456","-87.6255","(41.90456, -87.6255)"
"252061","1313 E 60th St","60637","Commercial","> 50,000 Sq Ft","2027","Woodlawn","42","20","41.7857","-87.5939","(41.7857, -87.5939)"
"134783","37 S Wabash Ave","60603","Commercial","> 50,000 Sq Ft","2024","Loop","32","42","41.88101","-87.62564","(41.88101, -87.62564)"
"175535","3100  S King Dr","60616","Residential","> 50,000 Sq Ft","2025","Douglas","35","4","41.8455","-87.63056","(41.8455, -87.63056)"
"251277","2718 W Roscoe St","60618","Commercial","> 50,000 Sq Ft","2025","Avondale","21","33","41.94283","-87.69622","(41.94283, -87.69622)"
"105360","200  N Central Ave","60644","Residential","> 50,000 Sq Ft","2025","Austin","25","29","41.88039","-87.75827","(41.88039, -87.75827)"
"160342","200 E Chestnut St","60611","Residential","> 50,000 Sq Ft","2025","Near North Side","8","2","41.89862","-87.62141","(41.89862, -87.62141)"
"160164","40 E Garfield Blvd","60615","Commercial","> 250,000 Sq Ft","2025","Washington Park","40","3","41.79562","-87.62464","(41.79562, -87.62464)"
"101968","30 N Michigan Ave","60602","Commercial","> 50,000 Sq Ft","2025","Loop","32","42","41.88299","-87.62497","(41.88299, -87.62497)"
"132278","605 N Michigan Ave","60611","Commercial","> 50,000 Sq Ft","2026","Near North Side","8","42","41.89277","-87.62414","(41.89277, -87.62414)"
"117599","1307  E 60th St","60637","Commercial","> 50,000 Sq Ft","2027","Woodlawn","42","20","41.78046","-87.60531","(41.78046, -87.60531)"
"173497","6312 N Nagle Ave","60646","Commercial","> 50,000 Sq Ft","2025","Norwood Park","10","41","41.99589","-87.78753","(41.99589, -87.78753)"
"251664","5200 N Ashland Ave","60640","Municipal","> 50,000 Sq Ft","2025","Edgewater","77","40","41.97658","-87.67009","(41.97658, -87.67009)"
"251600","2200 N Hamlin Ave","60647","Municipal","> 50,000 Sq Ft","2025","Logan Square","22","35","41.92133","-87.72244","(41.92133, -87.72244)"
"251572","7650 S Wolcott Ave","60620","Municipal","> 50,000 Sq Ft","2027","Auburn Gresham","71","17","41.75451","-87.67139","(41.75451, -87.67139)"
"251452","1420 N Hudson Ave","60610","Municipal","> 50,000 Sq Ft","2025","Near North Side","8","27","41.90776","-87.64006","(41.90776, -87.64006)"
"132435","1335 1345 W Lake St","60607","Commercial","> 50,000 Sq Ft","2025","Near West Side","28","27","41.88493","-87.65972","(41.88493, -87.65972)"
"251539","1850 N Newland Ave","60707","Municipal","> 50,000 Sq Ft","2025","Austin","25","29","41.91381","-87.79938","(41.91381, -87.79938)"
"158424","203 209 N Wabash Ave","60601","Residential","> 50,000 Sq Ft","2025","Loop","32","42","41.8862","-87.62593","(41.8862, -87.62593)"
"251247","520 W Huron St","60654","Residential","> 250,000 Sq F","2027","Near North Side","8","42","41.89494","-87.6421","(41.89494, -87.6421)"
"159902","5550 S Shore Dr","60637","Residential","> 50,000 Sq Ft","2025","Hyde Park","41","5","41.79372","-87.5811","(41.79372, -87.5811)"
"251229","210 E Pearson","60611","Residential","> 50,000 Sq Ft","2025","Near North Side","8","2","41.89778","-87.62118","(41.89778, -87.62118)"
"172617","2033 2045 W Charleston St","60647","Residential","> 50,000 Sq Ft","2025","Logan Square","22","32","41.92075","-87.70153","(41.92075, -87.70153)"
"106108","2 10 W Elm St","60610","Residential","> 50,000 Sq Ft","2025","Near North Side","8","2","41.90375","-87.63559","(41.90375, -87.63559)"
"253955","550 W Fulton","60661","Residential","> 50,000 Sq Ft","2025","Near West Side","28","42","41.88321","-87.64337","(41.88321, -87.64337)"
"156840","1 W Superior St","60654","Residential","> 250,000 Sq F","2027","Near North Side","8","2","41.89527","-87.62899","(41.89527, -87.62899)"
"252326","6200-42 N Hoyne Ave","60659","Residential","> 50,000 Sq Ft","2025","West Ridge","2","50","41.99047","-87.70487","(41.99047, -87.70487)"
"256780","2611 N Hermitage Ave","60614","Residential","> 50,000 Sq Ft","2026","Lincoln Park","7","32","41.92247","-87.65477","(41.92247, -87.65477)"
"254052","2324 W Irving Park Rd","60618","Residential","> 50,000 Sq Ft","2027","North Center","5","47","41.94662","-87.70269","(41.94662, -87.70269)"
"251501","2250 N Clifton Ave","60614","Municipal","> 50,000 Sq Ft","2025","Lincoln Park","7","43","41.92297","-87.65752","(41.92297, -87.65752)"
"251415","10414 S State St","60628","Municipal","> 50,000 Sq Ft","2025","Roseland","49","34","41.70501","-87.62384","(41.70501, -87.62384)"
"239096","300 N State St","60654","Residential","> 250,000 Sq F","2027","Near North Side","8","42","41.88796","-87.62913","(41.88796, -87.62913)"
"101961","30 W Monroe","60603","Commercial","> 250,000 Sq Ft","2027","Loop","32","42","41.88109","-87.62859","(41.88109, -87.62859)"
"101569","401 S State St","60605","Commercial","> 250,000 Sq Ft","2025","Loop","32","4","41.87632","-87.6272","(41.87632, -87.6272)"
"251240","5757 N Sheridan Rd","60660","Residential","> 50,000 Sq Ft","2027","Edgewater","77","48","41.9872","-87.65477","(41.9872, -87.65477)"
"102409","5900 N Glenwood Ave","60660","Municipal","> 250,000 Sq Ft","2025","Edgewater","77","48","41.98902","-87.66668","(41.98902, -87.66668)"
"101738","300 E Randolph","60601","Commercial","> 250,000 Sq Ft","2027","Loop","32","42","41.88485","-87.6199","(41.88485, -87.6199)"
"256545","200 N Green St","60607","Residential","> 50,000 Sq Ft","2027","Near West Side","28","27","41.86387","-87.64682","(41.86387, -87.64682)"
"113489","1339  N Dearborn St","60610","Residential","> 50,000 Sq Ft","2025","Near North Side","8","2","41.90375","-87.63559","(41.90375, -87.63559)"
"128088","5061  N Pulaski Rd","60630","Commercial","> 50,000 Sq Ft","2025","Albany Park","14","39","41.972","-87.75757","(41.972, -87.75757)"
"165269","908 920 W Argyle St","60640","Commercial","> 50,000 Sq Ft","2025","Uptown","3","48","41.97223","-87.6646","(41.97223, -87.6646)"
"175818","1816  N Clark St","60614","Residential","> 50,000 Sq Ft","2025","Lincoln Park","7","43","41.92201","-87.65462","(41.92201, -87.65462)"
"103689","404 W Harrison St","60607","Commercial","> 250,000 Sq Ft","2027","Near West Side","28","25","41.87665","-87.63816","(41.87665, -87.63816)"
"101356","3633 N California","60618","Commercial","> 50,000 Sq Ft","2025","Irving Park","16","33","41.94809","-87.69743","(41.94809, -87.69743)"
"255021","3300 W Ogden Ave","60623","Commercial","> 50,000 Sq Ft","2025","North Lawndale","29","24","41.85715","-87.70793","(41.85715, -87.70793)"
"254152","2455 S Damen Ave","60608","Commercial","> 50,000 Sq Ft","2025","Lower West Side","31","25","41.88425","-87.63245","(41.88425, -87.63245)"
"251637","7019 N Ashland Ave","60626","Municipal","> 50,000 Sq Ft","2025","Rogers Park","1","49","42.00975","-87.66944","(42.00975, -87.66944)"
"251739","4330 W Wabansia Ave","60639","Municipal","> 50,000 Sq Ft","2025","Humboldt Park","23","36","41.91162","-87.73505","(41.91162, -87.73505)"
"116786","1111  N Francisco Ave","60622","Residential","> 50,000 Sq Ft","2025","West Town","24","26","41.90225","-87.68448","(41.90225, -87.68448)"
"102362","1945 W Wilson Ave","60640","Commercial","> 50,000 Sq Ft","2023","Lincoln Square","4","47","41.96509","-87.67778","(41.96509, -87.67778)"
"251368","3535 E 114th St","60617","Municipal","> 50,000 Sq Ft","2027","East Side","52","10","41.68717","-87.53819","(41.68717, -87.53819)"
"255923","1636 W Adams St","60612","Residential","> 50,000 Sq Ft","2025","Near West Side","28","28","41.87764","-87.67413","(41.87764, -87.67413)"
"100002","1147 N Western Ave","60622","Municipal","> 250,000 Sq Ft","2025","West Town","24","1","41.90262","-87.68613","(41.90262, -87.68613)"
"256728","221 W Harrison St","60607","Residential","> 250,000 Sq F","2025","Loop","32","34","41.88321","-87.65877","(41.88321, -87.65877)"
"119564","501 525 N Central Ave","60644","Residential","> 50,000 Sq Ft","2025","Austin","25","37","41.88039","-87.75827","(41.88039, -87.75827)"
"174289","770 N Halsted St","60642","Commercial","> 50,000 Sq Ft","2027","West Town","24","27","41.89612","-87.64776","(41.89612, -87.64776)"
"173487","5306 5310 N Chester Ave","60656","Residential","> 50,000 Sq Ft","2025","Ohare","76","41","41.97087","-87.79893","(41.97087, -87.79893)"
"120344","4043 N Ravenswood Ave","60613","Commercial","> 50,000 Sq Ft","2025","Lake View","6","47","41.95529","-87.67337","(41.95529, -87.67337)"
"117174","4444  W Lawrence Ave","60630","Residential","> 50,000 Sq Ft","2025","Albany Park","14","39","41.972","-87.75757","(41.972, -87.75757)"
"251541","3650 W School St","60618","Municipal","> 50,000 Sq Ft","2025","Avondale","21","30","41.9416","-87.7193","(41.9416, -87.7193)"
"257222","5256 N Winthrop Ave","60640","Residential","> 50,000 Sq Ft",,"Edgewater","77","48","41.97258","-87.66421","(41.97258, -87.66421)"
"104105","640  W Sheridan Rd","60613","Residential","> 50,000 Sq Ft","2025","Lake View","6","46","41.95402","-87.66203","(41.95402, -87.66203)"
"175330","7107 7129 S Bennett Ave","60649","Residential","> 50,000 Sq Ft","2025","South Shore","43","5","41.76259","-87.57232","(41.76259, -87.57232)"
"254344","5831 N Northwest Hwy","60631","Commercial","> 50,000 Sq Ft","2027","Norwood Park","10","41","41.99452","-87.80885","(41.99452, -87.80885)"
"251274","320 322 W Oakdale Ave","60657","Residential","> 50,000 Sq Ft","2025","Lake View","6","44","41.93585","-87.63802","(41.93585, -87.63802)"
"102725","3656  W Huron St","60624","Commercial","> 50,000 Sq Ft","2025","Humboldt Park","23","27","41.88082","-87.72328","(41.88082, -87.72328)"
"175692","1055 W Catalpa Ave","60640","Residential","> 50,000 Sq Ft","2025","Edgewater","77","48","41.97223","-87.6646","(41.97223, -87.6646)"
"174260","4753 N Broadway St","60640","Residential","> 50,000 Sq Ft","2025","Uptown","3","46","41.96874","-87.65917","(41.96874, -87.65917)"
"100867","1653 W Congress Pkwy","60612","Commercial","> 250,000 Sq Ft","2027","Near West Side","28","27","41.87512","-87.66801","(41.87512, -87.66801)"
"250061","9525 S Halsted St","60628","Municipal","> 50,000 Sq Ft","2027","Washington Heights","73","21","41.72103","-87.64309","(41.72103, -87.64309)"
"160099","108 E Superior St","60611","Residential","> 250,000 Sq F","2025","Near North Side","8","42","41.89575","-87.62506","(41.89575, -87.62506)"
"101813","150 N Michigan Ave","60601","Commercial","> 250,000 Sq Ft","2027","Loop","32","42","41.88484","-87.62497","(41.88484, -87.62497)"
"116559","3939  S Calumet Ave","60653","Residential","> 50,000 Sq Ft","2025","Grand Boulevard","38","3","41.82021","-87.61247","(41.82021, -87.61247)"
"252316","4615 N Clifton Ave","60640","Commercial","> 50,000 Sq Ft","2025","Uptown","3","46","41.96621","-87.65879","(41.96621, -87.65879)"
"256427","3241 S Federal Street","60616","Commercial","> 50,000 Sq Ft","2025","Douglas","35","3","41.84233","-87.62715","(41.84233, -87.62715)"
"101923","311 W Monroe","60606","Commercial","> 250,000 Sq Ft","2027","Loop","32","42","41.88031","-87.6357","(41.88031, -87.6357)"
"256789","4022 N Elston Ave","60618","Residential","> 50,000 Sq Ft","2027","Irving Park","16","45","41.95073","-87.70793","(41.95073, -87.70793)"
"254364","28 N Franklin St","60606","Residential","> 50,000 Sq Ft","2025","Loop","32","42","41.88319","-87.63528","(41.88319, -87.63528)"
"133858","344 N Canal St","60606","Commercial","> 50,000 Sq Ft","2025","Near West Side","28","42","41.88827","-87.64036","(41.88827, -87.64036)"
"160304","360 E South Water St","60601","Residential","> 250,000 Sq F","2027","Loop","32","42","41.88674","-87.61817","(41.88674, -87.61817)"
"252251","300 W 23rd St","60616","Residential","> 50,000 Sq Ft","2025","Armour Square","34","25","41.85096","-87.63518","(41.85096, -87.63518)"
"256559","5504 S Michigan Ave","60615","Residential","> 50,000 Sq Ft","2024","Washington Heights","73","20","41.80231","-87.6025","(41.80231, -87.6025)"
"103739","20 N Clark St","60602","Commercial","> 250,000 Sq Ft","2025","Loop","32","42","41.8823","-87.63118","(41.8823, -87.63118)"
"254153","1760 W Wrightwood Ave","60614","Residential","> 50,000 Sq Ft","2025","Lincoln Park","7","32","41.88425","-87.63245","(41.88425, -87.63245)"
"157011","3120 S Kostner Ave","60623","Municipal","> 250,000 Sq Ft","2025","South Lawndale","30","22","41.83517","-87.73557","(41.83517, -87.73557)"
"257038","3001 N Southport Ave","60657","Commercial","> 50,000 Sq Ft","2025","Lake View","6","32","41.88425","-87.63245","(41.88425, -87.63245)"
"173764","1500 W Belmont Ave","60657","Commercial","> 50,000 Sq Ft","2025","Lake View","6","44","41.94003","-87.66679","(41.94003, -87.66679)"
"175472","3240 N Ashland Ave","60657","Residential","> 50,000 Sq Ft","2027","Lake View","6","47","41.8344","-87.66594","(41.8344, -87.66594)"
"251603","6011 S Rockwell St","60629","Municipal","> 50,000 Sq Ft","2025","Chicago Lawn","66","16","41.78405","-87.6883","(41.78405, -87.6883)"
"100729","801 S Canal St","60607","Commercial","> 250,000 Sq Ft","2025","Near West Side","28","25","41.87123","-87.63869","(41.87123, -87.63869)"
"251483","1650 W Cornelia Ave","60657","Municipal","> 50,000 Sq Ft","2025","Lake View","6","47","41.9455","-87.67066","(41.9455, -87.67066)"
"254984","1333 S Wabash Ave","60605","Residential","> 250,000 Sq F","2025","Near South Side","33","3","41.86463","-87.6257","(41.86463, -87.6257)"
"129735","2649 E 75th St","60649","Commercial","> 50,000 Sq Ft","2027","South Shore","43","7","41.75925","-87.55977","(41.75925, -87.55977)"
"175905","24 E Congress Pkwy","60605","Residential","> 50,000 Sq Ft","2027","Loop","32","4","41.87589","-87.62653","(41.87589, -87.62653)"
"260129","1340 W Washington Blvd","60607","Commercial","> 50,000 Sq Ft","2027","Near West Side","28","27","41.88326","-87.66151","(41.88326, -87.66151)"
"254063","1800 W Grace St","60613","Residential","> 50,000 Sq Ft","2025","North Center","5","47","41.95431","-87.6618","(41.95431, -87.6618)"
"119405","226 W Ontario St","60654","Commercial","> 50,000 Sq Ft","2025","Near North Side","8","42","41.89321","-87.6349","(41.89321, -87.6349)"
"165812","3039 E 91st St","60617","Residential","> 50,000 Sq Ft","2027","South Chicago","46","10","41.72981","-87.54926","(41.72981, -87.54926)"
"251586","1148 N Honore St","60622","Municipal","> 50,000 Sq Ft","2025","West Town","24","1","41.90246","-87.67403","(41.90246, -87.67403)"
"251731","3244 W Ainslie St","60625","Municipal","> 50,000 Sq Ft","2025","Albany Park","14","33","41.97085","-87.71038","(41.97085, -87.71038)"
"172544","3440 S Dearborn St","60616","Commercial","> 50,000 Sq Ft","2025","Douglas","35","3","41.83131","-87.62846","(41.83131, -87.62846)"
"251671","245 W 57th St","60621","Municipal","> 50,000 Sq Ft","2025","Englewood","68","20","41.79064","-87.63226","(41.79064, -87.63226)"
"251729","5515 South Lowe Ave","60621","Municipal","> 50,000 Sq Ft","2024","Englewood","68","20","41.79342","-87.64099","(41.79342, -87.64099)"
"174164","1380  E Hyde Park Blvd","60615","Residential","> 50,000 Sq Ft","2025","Kenwood","39","4","41.80224","-87.60333","(41.80224, -87.60333)"
"251281","40 E Oak St","60611","Residential","> 50,000 Sq Ft","2024","Near North Side","8","42","41.90102","-87.62679","(41.90102, -87.62679)"
"250134","231 S Lasalle St","60604","Commercial","> 250,000 Sq Ft","2027","Loop","32","42","41.87868","-87.63229","(41.87868, -87.63229)"
"173642","230 E Ohio St","60611","Commercial","> 50,000 Sq Ft","2025","Near North Side","8","42","41.89261","-87.62161","(41.89261, -87.62161)"
"173725","2140  N Lincoln Park West","60614","Residential","> 50,000 Sq Ft","2025","Lincoln Park","7","43","41.92201","-87.65462","(41.92201, -87.65462)"
"234748","800 N Michigan Ave","60611","Residential","> 250,000 Sq F","2027","Near North Side","8","42","41.89702","-87.6253","(41.89702, -87.6253)"
"158215","425 S Wabash Ave","60605","Residential","> 250,000 Sq F","2027","Loop","32","42","41.87635","-87.6256","(41.87635, -87.6256)"
"236366","1700 E 56th St","60637","Residential","> 250,000 Sq F","2027","Hyde Park","41","5","41.79375","-87.58322","(41.79375, -87.58322)"
"103205","7260  S South Shore Dr","60649","Residential","> 50,000 Sq Ft","2027","South Shore","43","7","41.76259","-87.57232","(41.76259, -87.57232)"
"257227","5644 S Drexel Ave","60637","Commercial","> 250,000 Sq Ft",,"Hyde Park","41","5","41.78227","-87.60428","(41.78227, -87.60428)"
"257065","3928 N Lincoln Ave","60613","Commercial","> 50,000 Sq Ft",,"North Center","5","47","41.95459","-87.67062","(41.95459, -87.67062)"
"171995","7000 7010 S Pulaski Rd","60629","Commercial","> 50,000 Sq Ft","2027","West Lawn","65","13","41.76546","-87.72353","(41.76546, -87.72353)"
"250060","10 S Kedzie Ave","60612","Municipal","> 50,000 Sq Ft","2027","East Garfield Park","27","28","41.88079","-87.70614","(41.88079, -87.70614)"
"254095","5556 N Sheridan Rd","60640","Residential","> 50,000 Sq Ft","2027","Edgewater","77","48","41.97265","-87.66491","(41.97265, -87.66491)"
"111978","2920 2926 N Commonwealth Ave","60657","Residential","> 50,000 Sq Ft","2025","Lake View","6","44","41.93985","-87.65845","(41.93985, -87.65845)"
"255005","1838 W Chicago Ave","60622","Residential","> 50,000 Sq Ft","2027","West Town","24","1","41.89606","-87.67313","(41.89606, -87.67313)"
"177806","5514 5524 S Cornell Ave","60637","Residential","> 50,000 Sq Ft","2025","Hyde Park","41","5","41.79445","-87.58618","(41.79445, -87.58618)"
"255929","2911 W 47th St","60632","Commercial","> 50,000 Sq Ft","2025","Brighton Park","58","14","41.81528","-87.70264","(41.81528, -87.70264)"
"233920","860 W Blackhawk St","60642","Residential","> 250,000 Sq F","2024","Near North Side","8","2","41.90877","-87.65063","(41.90877, -87.65063)"
"253987","4900 N Marine Dr","60640","Residential","> 50,000 Sq Ft","2025","Uptown","3","48","41.97265","-87.66491","(41.97265, -87.66491)"
"257102","6249 S Sangamon St","60621","Residential","> 50,000 Sq Ft",,"Englewood","68","16","41.76885","-87.644","(41.76885, -87.644)"
"105061","7618 7628 N Eastlake Ter","60626","Residential","> 50,000 Sq Ft","2025","Rogers Park","1","49","42.01036","-87.6683","(42.01036, -87.6683)"
"112078","5555 N Cumberland Ave","60656","Residential","> 50,000 Sq Ft","2024","Norwood Park","10","41","41.97098","-87.8036","(41.97098, -87.8036)"
"241915","474 N Lake Shore Dr","60611","Residential","> 250,000 Sq F","2027","Near North Side","8","42","41.89084","-87.61477","(41.89084, -87.61477)"
"256421","3105 S Dearborn St","60616","Commercial","> 50,000 Sq Ft","2025","Douglas","35","3","41.84233","-87.62715","(41.84233, -87.62715)"
"251257","425 W Surf St","60657","Residential","> 50,000 Sq Ft","2024","Lake View","6","44","41.93389","-87.64036","(41.93389, -87.64036)"
"254154","3101 W Touhy Ave","60645","Residential","> 50,000 Sq Ft","2025","West Ridge","2","50","41.88425","-87.63245","(41.88425, -87.63245)"
"256727","1220 W. Jackson Blvd","60607","Residential","> 50,000 Sq Ft","2027","Near West Side","28","27","41.88425","-87.63245","(41.88425, -87.63245)"
"105441","2220 2242 S Princeton Ave","60616","Residential","> 50,000 Sq Ft","2025","Armour Square","34","25","41.8455","-87.63056","(41.8455, -87.63056)"
"240338","1250 S Indiana Ave","60605","Residential","> 250,000 Sq F","2025","Near South Side","33","3","41.86627","-87.62299","(41.86627, -87.62299)"
"157347","1460 N Halsted St","60642","Commercial","> 50,000 Sq Ft","2024","Near North Side","8","27","41.90815","-87.64882","(41.90815, -87.64882)"
"159100","1111 N. Dearborn St","60610","Residential","> 250,000 Sq F","2027","Near North Side","8","2","41.90216","-87.62946","(41.90216, -87.62946)"
"250093","740 E 43rd St","60653","Residential","> 50,000 Sq Ft","2027","Grand Boulevard","38","4","41.81743","-87.60782","(41.81743, -87.60782)"
"175850","1550 N Kingsbury St","60642","Commercial","> 50,000 Sq Ft","2027","Near North Side","8","27","41.90856","-87.6528","(41.90856, -87.6528)"
"160379","200 E Illinios St","60611","Residential","> 250,000 Sq F","2025","Near North Side","8","42","41.89102","-87.61978","(41.89102, -87.61978)"
"251469","917 W 88th St","60620","Municipal","> 50,000 Sq Ft","2025","Auburn Gresham","71","21","41.73386","-87.64687","(41.73386, -87.64687)"
"157964","400 S State St","60605","Municipal","> 250,000 Sq Ft","2027","Loop","32","4","41.87632","-87.62822","(41.87632, -87.62822)"
"256875","1448 W Madison St","60607","Residential","> 50,000 Sq Ft","2025","Near West Side","28","27","41.88321","-87.65877","(41.88321, -87.65877)"
"119885","1050  W 79th St","60620","Commercial","> 50,000 Sq Ft","2025","Auburn Gresham","71","17","41.74023","-87.65353","(41.74023, -87.65353)"
"158083","8500 W Bryn Mawr Ave","60631","Residential","> 250,000 Sq F","2027","Ohare","76","41","41.98245","-87.84101","(41.98245, -87.84101)"
"136212","1155 E 60th St","60637","Commercial","> 50,000 Sq Ft","2027","Woodlawn","42","20","41.7854","-87.59716","(41.7854, -87.59716)"
"257212","3951 N Wayne Ave","60613","Residential","> 50,000 Sq Ft",,"Lake View","6","46","41.95488","-87.65609","(41.95488, -87.65609)"
"173492","5501 5525 N Chester Ave","60656","Residential","> 50,000 Sq Ft","2023","Ohare","76","41","41.97087","-87.79893","(41.97087, -87.79893)"
"159647","2933 N Sheridan Rd","60657","Residential","> 50,000 Sq Ft","2025","Lake View","6","44","41.93523","-87.63891","(41.93523, -87.63891)"
"251331","2312 N Clifton Ave","60614","Commercial","> 50,000 Sq Ft","2027","Lincoln Park","7","43","41.92395","-87.6576","(41.92395, -87.6576)"
"256816","4631 W Foster Ave","60630","Commercial","> 50,000 Sq Ft","2026","Albany Park","14","39","41.9719","-87.76322","(41.9719, -87.76322)"
"175943","1901 1945 Carroll Ave","60612","Commercial","> 50,000 Sq Ft","2025","Near West Side","28","27","41.88762","-87.67442","(41.88762, -87.67442)"
"236816","401 E Ontario St","60611","Residential","> 250,000 Sq F","2027","Near North Side","8","42","41.89321","-87.61691","(41.89321, -87.61691)"
"125204","1340  W Morse Ave","60626","Residential","> 50,000 Sq Ft","2024","Rogers Park","1","49","42.01036","-87.6683","(42.01036, -87.6683)"
"251459","3501 W Potomac Ave","60651","Municipal","> 50,000 Sq Ft","2025","Humboldt Park","23","26","41.90419","-87.71413","(41.90419, -87.71413)"
"127990","2829 S California Blvd","60608","Commercial","> 50,000 Sq Ft","2027","South Lawndale","30","24","41.84065","-87.69423","(41.84065, -87.69423)"
"175882","5220 S Pulaski Rd","60632","Commercial","> 50,000 Sq Ft","2025","West Elsdon","62","23","41.79805","-87.72509","(41.79805, -87.72509)"
"256560","1980 N Milwaukee Ave","60647","Residential","> 50,000 Sq Ft","2025","Logan Square","22","1","41.92085","-87.70162","(41.92085, -87.70162)"
"241168","3900 N Lake Shore Dr","60613","Residential","> 250,000 Sq F","2027","Lake View","6","46","41.95324","-87.64555","(41.95324, -87.64555)"
"102232","2800 N Lake Shore Dr","60657","Residential","> 250,000 Sq F","2027","Lake View","6","44","41.93329","-87.63717","(41.93329, -87.63717)"
"251451","3202 W 28th St","60623","Municipal","> 50,000 Sq Ft","2025","South Lawndale","30","22","41.84091","-87.70508","(41.84091, -87.70508)"
"251670","512 S Lavergne Ave","60644","Municipal","> 50,000 Sq Ft","2025","Austin","25","29","41.87358","-87.74975","(41.87358, -87.74975)"
"251594","3545 W Fulton St","60624","Municipal","> 50,000 Sq Ft","2025","East Garfield Park","27","28","41.8859","-87.71539","(41.8859, -87.71539)"
"129920","350 N Clark St","60654","Commercial","> 50,000 Sq Ft","2027","Near North Side","8","42","41.88857","-87.63108","(41.88857, -87.63108)"
"250035","231 N Pine Ave","60644","Municipal","> 250,000 Sq Ft","2025","Austin","25","37","41.88456","-87.76218","(41.88456, -87.76218)"
"160293","33 W Ontario St","60654","Residential","> 250,000 Sq F","2027","Near North Side","8","42","41.89324","-87.62923","(41.89324, -87.62923)"
"112395","3600 3608 N Pine Grove Ave","60613","Residential","> 50,000 Sq Ft","2025","Lake View","6","46","41.95402","-87.66203","(41.95402, -87.66203)"
"251694","145 S Campbell Ave","60612","Municipal","> 50,000 Sq Ft","2025","Near West Side","28","27","41.87903","-87.68825","(41.87903, -87.68825)"
"115775","6715 6723 S Paxton Ave","60649","Residential","> 50,000 Sq Ft","2025","South Shore","43","5","41.76259","-87.57232","(41.76259, -87.57232)"
"252030","100 E Chestnut","60611","Residential","> 50,000 Sq Ft","2025","Near North Side","8","42","41.89858","-87.62562","(41.89858, -87.62562)"
"231775","6700 S Shore Dr","60649","Residential","> 250,000 Sq F","2027","South Shore","43","5","41.77304","-87.56716","(41.77304, -87.56716)"
"156576","815 W Van Buren St","60607","Commercial","> 50,000 Sq Ft","2024","Near West Side","28","25","41.87638","-87.64804","(41.87638, -87.64804)"
"101865","150 S Wacker Dr","60606","Commercial","> 250,000 Sq Ft","2027","Loop","32","42","41.87966","-87.63746","(41.87966, -87.63746)"
"242629","5701 N Sheridan Rd","60660","Residential","> 250,000 Sq F","2027","Edgewater","77","48","41.98602","-87.65451","(41.98602, -87.65451)"
"173832","2501 W Bradley Pl","60618","Commercial","> 50,000 Sq Ft","2025","North Center","5","47","41.94876","-87.69167","(41.94876, -87.69167)"
"251488","1865 W Montvale Ave","60643","Municipal","> 50,000 Sq Ft","2027","Morgan Park","75","19","41.68879","-87.66969","(41.68879, -87.66969)"
"113466","720  S Dearborn St","60605","Residential","> 50,000 Sq Ft","2025","Loop","32","4","41.86863","-87.62731","(41.86863, -87.62731)"
"216479","1122 N Dearborn St","60610","Residential","> 250,000 Sq F","2025","Near North Side","8","2","41.90249","-87.63034","(41.90249, -87.63034)"
"175421","7219  N Sheridan Rd","60626","Residential","> 50,000 Sq Ft","2025","Rogers Park","1","49","42.01036","-87.6683","(42.01036, -87.6683)"
"251497","5356 S King Dr","60615","Municipal","> 50,000 Sq Ft","2025","Washington Heights","73","3","41.7971","-87.61657","(41.7971, -87.61657)"
"256893","211 N Harbor Dr","60601","Residential","> 250,000 Sq F","2025","Loop","32","42","41.88626","-87.62231","(41.88626, -87.62231)"
"252059","1212 E 59th St","60637","Commercial","> 50,000 Sq Ft","2027","Hyde Park","41","5","41.78819","-87.59559","(41.78819, -87.59559)"
"160453","3740 N Halsted St","60613","Residential","> 250,000 Sq F","2027","Lake View","6","46","41.95043","-87.64951","(41.95043, -87.64951)"
"113587","1240  N Lake Shore Dr","60610","Residential","> 50,000 Sq Ft","2025","Near North Side","8","43","41.90375","-87.63559","(41.90375, -87.63559)"
"127778","7115 7129 N Ridge Blvd","60645","Residential","> 50,000 Sq Ft","2025","Rogers Park","1","49","42.01182","-87.68266","(42.01182, -87.68266)"
"101708","233 N Michigan Ave","60601","Commercial","> 250,000 Sq Ft","2027","Loop","32","42","41.88696","-87.62306","(41.88696, -87.62306)"
"175242","5870  W Lake St","60644","Residential","> 50,000 Sq Ft","2027","Austin","25","29","41.88039","-87.75827","(41.88039, -87.75827)"
"140771","551 557 W North Ave","60610","Residential","> 50,000 Sq Ft","2025","Near North Side","8","2","41.90375","-87.63559","(41.90375, -87.63559)"
"253959","2333 W Saint Paul Ave","60647","Residential","> 50,000 Sq Ft","2025","West Town","24","32","41.91339","-87.68625","(41.91339, -87.68625)"
"112437","415 421 W Aldine Ave","60657","Residential","> 50,000 Sq Ft","2025","Lake View","6","44","41.93985","-87.65845","(41.93985, -87.65845)"
"251567","3200 S Calumet Ave","60616","Municipal","> 50,000 Sq Ft","2025","Douglas","35","4","41.83649","-87.61819","(41.83649, -87.61819)"
"101850","1 E Wacker Dr","60601","Commercial","> 250,000 Sq Ft","2027","Loop","32","42","41.88653","-87.62754","(41.88653, -87.62754)"
"256535","3535 N Ashland Ave","60657","Residential","> 50,000 Sq Ft","2025","Lake View","6","44","41.94168","-87.6581","(41.94168, -87.6581)"
"255937","710 W Grand Ave","60654","Residential","> 50,000 Sq Ft","2027","West Town","24","27","41.89213","-87.63513","(41.89213, -87.63513)"
"257217","2354 N Washtenaw Ave","60647","Residential","> 50,000 Sq Ft",,"Logan Square","22","1","41.91955","-87.70069","(41.91955, -87.70069)"
"158406","65 E Wacker Pl","60601","Commercial","> 50,000 Sq Ft","2027","Loop","32","42","41.88679","-87.62563","(41.88679, -87.62563)"
"256531","180 N Ada Street","60607","Residential","> 250,000 Sq F","2027","Near West Side","28","27","41.86387","-87.64682","(41.86387, -87.64682)"
"133159","467 W Deming Pl","60614","Commercial","> 50,000 Sq Ft","2026","Lincoln Park","7","43","41.92884","-87.64165","(41.92884, -87.64165)"
"101807","408 410 S Michigan Ave","60605","Commercial","> 50,000 Sq Ft","2024","Loop","32","42","41.87646","-87.62486","(41.87646, -87.62486)"
"257101","1844 N Ridgeway Ave","60647","Commercial","> 50,000 Sq Ft",,"Logan Square","22","26","41.91763","-87.68471","(41.91763, -87.68471)"
"251242","330 N Clinton St","60661","Residential","> 50,000 Sq Ft","2025","Near West Side","28","42","41.88779","-87.64179","(41.88779, -87.64179)"
"102456","5840 S Kenwood Ave","60637","Commercial","> 50,000 Sq Ft","2027","Hyde Park","41","5","41.78856","-87.59396","(41.78856, -87.59396)"
"114515","6901 6915 S Oglesby Ave","60649","Residential","> 50,000 Sq Ft","2025","South Shore","43","5","41.76259","-87.57232","(41.76259, -87.57232)"
"172056","1230  W 76th St","60620","Residential","> 50,000 Sq Ft","2025","Auburn Gresham","71","17","41.74023","-87.65353","(41.74023, -87.65353)"
"101731","175 W Jackson","60604","Commercial","> 250,000 Sq Ft","2027","Loop","32","42","41.87749","-87.6332","(41.87749, -87.6332)"
"175734","620 N Lasalle St","60654","Commercial","> 50,000 Sq Ft","2025","Near North Side","8","42","41.89306","-87.63265","(41.89306, -87.63265)"
"172772","423 439 S Dearborn St","60605","Residential","> 50,000 Sq Ft","2025","Loop","32","4","41.86863","-87.62731","(41.86863, -87.62731)"
"241873","1160 S Michigan Ave","60605","Residential","> 250,000 Sq F","2027","Loop","32","4","41.86776","-87.62465","(41.86776, -87.62465)"
"254061","6700 S Crandon Ave","60649","Residential","> 50,000 Sq Ft","2025","South Shore","43","5","41.76263","-87.57255","(41.76263, -87.57255)"
"131633","1400 W Fulton St","60607","Commercial","> 50,000 Sq Ft","2025","Near West Side","28","27","41.88661","-87.66259","(41.88661, -87.66259)"
"100418","1744 W Pryor Ave","60643","Municipal","> 250,000 Sq Ft","2025","Morgan Park","75","19","41.69165","-87.66578","(41.69165, -87.66578)"
"254976","637 N Wells St","60654","Residential","> 250,000 Sq F","2025","Near North Side","8","42","41.8935","-87.63406","(41.8935, -87.63406)"
"104100","711  W Gordon Ter","60613","Residential","> 50,000 Sq Ft","2025","Uptown","3","46","41.95402","-87.66203","(41.95402, -87.66203)"
"244817","1221 N Dearborn St","60610","Residential","> 50,000 Sq Ft","2027","Near North Side","8","2","41.90469","-87.62961","(41.90469, -87.62961)"
"110743","30  W Oak St","60610","Residential","> 50,000 Sq Ft","2025","Near North Side","8","2","41.90375","-87.63559","(41.90375, -87.63559)"
"255957","1140 N Wells St","60610","Residential","> 250,000 Sq F","2025","Near North Side","8","27","41.90563","-87.63224","(41.90563, -87.63224)"
"251505","3319 N Clifton Ave","60657","Municipal","> 50,000 Sq Ft","2025","Lake View","6","44","41.94231","-87.65756","(41.94231, -87.65756)"
"255940","1767 N Milwaukee Ave","60647","Residential","> 50,000 Sq Ft","2024","West Town","24","32","41.9174","-87.68401","(41.9174, -87.68401)"
"172784","555  E 33rd Pl","60616","Residential","> 50,000 Sq Ft","2025","Douglas","35","4","41.8455","-87.63056","(41.8455, -87.63056)"
"242188","345 N Lasalle St","60654","Residential","> 250,000 Sq F","2027","Near North Side","8","42","41.88841","-87.63247","(41.88841, -87.63247)"
"120445","1 - 15 E Oak St","60611","Commercial","> 50,000 Sq Ft","2027","Near North Side","8","42","41.9007","-87.62775","(41.9007, -87.62775)"
"175899","211 N Stetson Ave","60601","Commercial","> 50,000 Sq Ft","2027","Loop","32","42","41.88596","-87.62226","(41.88596, -87.62226)"
"132489","4537  S Drexel Blvd","60653","Residential","> 50,000 Sq Ft","2025","Kenwood","39","4","41.82021","-87.61247","(41.82021, -87.61247)"
"104879","2600  N Hampden Ct","60614","Residential","> 50,000 Sq Ft","2027","Lincoln Park","7","43","41.92201","-87.65462","(41.92201, -87.65462)"
"100068","555 W Roosevelt Rd","60607","Commercial","> 50,000 Sq Ft","2026","Near West Side","28","11","41.86687","-87.64145","(41.86687, -87.64145)"
"241533","565 W Quincy St","60661","Residential","> 250,000 Sq F","2025","Near West Side","28","42","41.87862","-87.64199","(41.87862, -87.64199)"
"253994","5235 N Ravenswood Ave","60640","Residential","> 50,000 Sq Ft","2025","Edgewater","77","40","41.97265","-87.66491","(41.97265, -87.66491)"
"147816","6101 6111 N Clark St","60660","Residential","> 50,000 Sq Ft","2025","Edgewater","77","48","41.9909","-87.66661","(41.9909, -87.66661)"
"252080","400 W Ontario St","60654","Residential","> 50,000 Sq Ft","2025","Near North Side","8","42","41.89336","-87.63899","(41.89336, -87.63899)"
"252123","7200 S Ingleside Ave","60619","Commercial","> 50,000 Sq Ft","2026","Greater Grand Crossing","69","5","41.764","-87.6019","(41.764, -87.6019)"
"130634","560 - 566 W Lake St","60661","Commercial","> 50,000 Sq Ft","2027","Near West Side","28","42","41.88593","-87.64271","(41.88593, -87.64271)"
"256419","3360 S State Street","60616","Commercial","> 50,000 Sq Ft","2025","Douglas","35","3","41.84233","-87.62715","(41.84233, -87.62715)"
"102825","4510 4518 N Ashland Ave","60640","Residential","> 50,000 Sq Ft","2025","Uptown","3","47","41.97223","-87.6646","(41.97223, -87.6646)"
"105302","810  E Hyde Park Blvd","60615","Residential","> 50,000 Sq Ft","2025","Kenwood","39","4","41.80224","-87.60333","(41.80224, -87.60333)"
"251386","2128 S St Louis Ave","60623","Municipal","> 50,000 Sq Ft","2025","North Lawndale","29","24","41.85259","-87.7128","(41.85259, -87.7128)"
"256771","2942 W North Ave","60647","Residential","> 50,000 Sq Ft","2025","West Town","24","1","41.92103","-87.69138","(41.92103, -87.69138)"
"251403","3250 W Monroe St","60624","Municipal","> 50,000 Sq Ft","2025","East Garfield Park","27","28","41.87991","-87.70782","(41.87991, -87.70782)"
"115956","1245  S Wood St","60608","Commercial","> 50,000 Sq Ft","2025","Near West Side","28","28","41.84915","-87.6709","(41.84915, -87.6709)"
"159528","353 N Des Plaines St","60661","Residential","> 250,000 Sq F","2027","Near West Side","28","42","41.88838","-87.64399","(41.88838, -87.64399)"
"254994","118 N Jefferson St","60661","Residential","> 250,000 Sq F","2025","Near West Side","28","42","41.88365","-87.64277","(41.88365, -87.64277)"
"113485","1366  N Dearborn St","60610","Residential","> 50,000 Sq Ft","2025","Near North Side","8","2","41.90375","-87.63559","(41.90375, -87.63559)"
"172157","437  E 60th St","60637","Residential","> 50,000 Sq Ft","2025","Woodlawn","42","20","41.78046","-87.60531","(41.78046, -87.60531)"
"241133","1845 S Michigan Ave","60616","Residential","> 50,000 Sq Ft","2026","Near South Side","33","3","41.85654","-87.62356","(41.85654, -87.62356)"
"130218","2430 2458 W George St","60618","Commercial","> 50,000 Sq Ft",,"Avondale","21","33","41.934","-87.68971","(41.934, -87.68971)"
"101789","200 W Madison","60606","Commercial","> 250,000 Sq Ft","2027","Loop","32","42","41.88235","-87.63436","(41.88235, -87.63436)"
"174498","670 W Wayman St","60661","Residential","> 250,000 Sq F","2027","Near West Side","28","42","41.88749","-87.645","(41.88749, -87.645)"
"117367","6540 Irving Park Rd","60634","Residential","> 50,000 Sq Ft","2027","Dunning","17","38","41.9453","-87.80187","(41.9453, -87.80187)"
"159417","401 E 32nd St","60616","Residential","> 250,000 Sq F","2027","Douglas","35","4","41.8364","-87.6162","(41.8364, -87.6162)"
"134775","116 S Michigan Ave","60603","Commercial","> 50,000 Sq Ft","2024","Loop","32","42","41.88021","-87.62448","(41.88021, -87.62448)"
"251724","5835 N Lincoln Ave","60659","Municipal","> 50,000 Sq Ft","2025","West Ridge","2","40","41.98818","-87.7006","(41.98818, -87.7006)"
"103602","190 S Lasalle St","60603","Commercial","> 250,000 Sq Ft","2027","Loop","32","42","41.87976","-87.63269","(41.87976, -87.63269)"
"244760","50 E Bellevue Pl","60611","Residential","> 250,000 Sq F","2027","Near North Side","8","42","41.90191","-87.6267","(41.90191, -87.6267)"
"175987","11840 S Marshfield Ave","60643","Commercial","> 50,000 Sq Ft","2027","Morgan Park","75","34","41.67905","-87.66509","(41.67905, -87.66509)"
"257024","1454 W Randolph","60607","Residential","> 250,000 Sq F","2027","Near West Side","28","27","41.88425","-87.63245","(41.88425, -87.63245)"
"102286","3000 N Halsted St","60657","Commercial","> 50,000 Sq Ft","2027","Lake View","6","44","41.93673","-87.64981","(41.93673, -87.64981)"
"251322","990 W Fullerton Ave","60614","Commercial","> 50,000 Sq Ft","2027","Lincoln Park","7","43","41.92542","-87.65323","(41.92542, -87.65323)"
"136887","5050 S Kedzie Ave","60632","Commercial","> 50,000 Sq Ft","2025","Gage Park","63","14","41.80188","-87.70454","(41.80188, -87.70454)"
"254049","1337 W Fargo Ave","60626","Residential","> 50,000 Sq Ft","2025","Rogers Park","1","49","42.01707","-87.66475","(42.01707, -87.66475)"
"255952","221 W Hubbard St","60654","Residential","> 50,000 Sq Ft","2026","Near North Side","8","42","41.89213","-87.63513","(41.89213, -87.63513)"
"114201","1350 1358 N Astor St","60610","Residential","> 50,000 Sq Ft","2025","Near North Side","8","43","41.90375","-87.63559","(41.90375, -87.63559)"
"101745","161 N Clark","60601","Commercial","> 250,000 Sq Ft","2025","Loop","32","42","41.88491","-87.63052","(41.88491, -87.63052)"
"237018","125 E 13th St","60605","Residential","> 250,000 Sq F","2026","Near South Side","33","3","41.86555","-87.62305","(41.86555, -87.62305)"
"251903","1051 W 13th Ave","60608","Municipal","> 50,000 Sq Ft","2025","Near West Side","28","25","41.86521","-87.65546","(41.86521, -87.65546)"
"257175","1132 S Jefferson St","60607","Commercial","> 50,000 Sq Ft","2027","Near West Side","28","28","41.88323","-87.6324","(41.88323, -87.6324)"
"242950","600 N Kingsbury St","60654","Residential","> 250,000 Sq F","2025","Near North Side","8","42","41.89287","-87.64141","(41.89287, -87.64141)"
"256959","849 W Ohio Street","60642","Residential","> 50,000 Sq Ft","2025","West Town","24","27","41.89441","-87.65955","(41.89441, -87.65955)"
"160082","10000 W O'hare Dr","60666","Residential","> 250,000 Sq F","2025","Ohare","76","41","41.97762","-87.90421","(41.97762, -87.90421)"
"234823","525 W Hawthorne Pl","60657","Residential","> 250,000 Sq F","2027","Lake View","6","44","41.94421","-87.64215","(41.94421, -87.64215)"
"101958","17 N State St","60602","Commercial","> 250,000 Sq Ft","2025","Loop","32","42","41.88257","-87.62779","(41.88257, -87.62779)"
"238365","1255 S State St","60605","Residential","> 250,000 Sq F","2025","Near South Side","33","3","41.86615","-87.62696","(41.86615, -87.62696)"
"252052","1118 1132 E 58th St","60637","Commercial","> 50,000 Sq Ft","2027","Hyde Park","41","5","41.78963","-87.59713","(41.78963, -87.59713)"
"250017","1440 N Sacramento Dr","60622","Municipal","> 50,000 Sq Ft","2025","North Lawndale","29","24","41.90676","-87.70136","(41.90676, -87.70136)"
"251320","370 N Desplaines St","60661","Commercial","> 50,000 Sq Ft","2026","West Town","24","42","41.88836","-87.64431","(41.88836, -87.64431)"
"250161","1551 N Kedzie Ave","60651","Commercial","> 50,000 Sq Ft","2024","West Town","24","26","41.90927","-87.70693","(41.90927, -87.70693)"
"251688","7350 S Evans Ave","60619","Municipal","> 50,000 Sq Ft","2025","Greater Grand Crossing","69","6","41.76067","-87.60718","(41.76067, -87.60718)"
"254163","1 11 E Pearson Ave","60611","Commercial","> 50,000 Sq Ft","2027","Near North Side","8","42","41.89579","-87.62247","(41.89579, -87.62247)"
"260025","4239 N Oakpark Ave","60634","Commercial","> 50,000 Sq Ft","2025","Dunning","17","38","41.95763","-87.79758","(41.95763, -87.79758)"
"132017","1300 1310 N Dearborn St","60610","Commercial","> 50,000 Sq Ft","2025","Near North Side","8","2","41.90615","-87.63008","(41.90615, -87.63008)"
"251655","521 E 35th St","60616","Municipal","> 50,000 Sq Ft","2027","Douglas","35","4","41.83075","-87.61355","(41.83075, -87.61355)"
"257207","1730 S Wabash Ave","60616","Commercial","> 50,000 Sq Ft",,"Near South Side","33","3","41.84665","-87.62703","(41.84665, -87.62703)"
"251622","820 S Carpenter St","60607","Municipal","> 50,000 Sq Ft","2025","Near West Side","28","25","41.87084","-87.65374","(41.87084, -87.65374)"
"257032","3460 North Broadway Street","60657","Residential","> 250,000 Sq F","2027","Lake View","6","44","41.88425","-87.63245","(41.88425, -87.63245)"
"101753","222 S Riverside Plz","60606","Commercial","> 250,000 Sq Ft","2024","Near West Side","28","42","41.87874","-87.63899","(41.87874, -87.63899)"
"254388","805 N La Salle Dr","60610","Residential","> 250,000 Sq F","2027","Near North Side","8","2","41.90412","-87.63142","(41.90412, -87.63142)"
"159894","6700 S Oglesby Ave","60649","Residential","> 50,000 Sq Ft","2025","South Shore","43","5","41.77312","-87.56893","(41.77312, -87.56893)"
"104384","6011 6015 N Kenmore Ave","60660","Residential","> 50,000 Sq Ft","2025","Edgewater","77","48","41.9909","-87.66661","(41.9909, -87.66661)"
"118831","2140 N Elston Ave","60614","Residential","> 250,000 Sq F","2024","Logan Square","22","32","41.92048","-87.67181","(41.92048, -87.67181)"
"172221","5109 5151 S Pulaski Rd","60632","Commercial","> 50,000 Sq Ft","2025","West Elsdon","62","23","41.79915","-87.72267","(41.79915, -87.72267)"
"257137","1723 S Michigan Ave","60616","Residential","> 50,000 Sq Ft",,"Near South Side","33","3","41.85284","-87.62788","(41.85284, -87.62788)"
"251463","615 W Kemper Pl","60614","Municipal","> 50,000 Sq Ft","2025","Lincoln Park","7","43","41.9244","-87.64454","(41.9244, -87.64454)"
"251447","8500 S Wood St","60620","Municipal","> 50,000 Sq Ft","2025","Auburn Gresham","71","21","41.73927","-87.66804","(41.73927, -87.66804)"
"103310","1336 1352 N Sedgwick St","60610","Residential","> 250,000 Sq F","2025","Near North Side","8","27","41.90375","-87.63559","(41.90375, -87.63559)"
"251399","7037 S Rhodes Ave","60637","Municipal","> 50,000 Sq Ft","2025","Greater Grand Crossing","69","6","41.76679","-87.61131","(41.76679, -87.61131)"
"240956","155 N Harbor Dr","60601","Residential","> 250,000 Sq F","2027","Loop","32","42","41.88498","-87.61481","(41.88498, -87.61481)"
"260074","2804  E 77th Pl","60649","Commercial","> 50,000 Sq Ft","2025","South Shore","43","7","41.76259","-87.57232","(41.76259, -87.57232)"
"251624","4707 W Marquette Rd","60629","Municipal","> 50,000 Sq Ft","2025","West Lawn","65","13","41.77053","-87.73984","(41.77053, -87.73984)"
"256736","10810 S Avenue H","60617","Commercial","> 50,000 Sq Ft","2027","East Side","52","10","41.74246","-87.58007","(41.74246, -87.58007)"
"251328","2350 N Kenmore Ave","60614","Commercial","> 50,000 Sq Ft","2027","Lincoln Park","7","43","41.92501","-87.65543","(41.92501, -87.65543)"
"251944","820 S Michigan Ave","60605","Residential","> 50,000 Sq Ft","2027","Loop","32","4","41.87113","-87.62471","(41.87113, -87.62471)"
"251553","5248 S Sawyer Ave","60632","Municipal","> 50,000 Sq Ft","2025","Gage Park","63","14","41.79758","-87.70526","(41.79758, -87.70526)"
"251372","3212 W George St","60618","Municipal","> 50,000 Sq Ft","2026","Avondale","21","35","41.93427","-87.70801","(41.93427, -87.70801)"
"156782","515 N Dearborn St","60654","Commercial","> 50,000 Sq Ft","2024","Near North Side","8","42","41.89142","-87.62936","(41.89142, -87.62936)"
"175172","3810 3816 W 16th St","60623","Residential","> 50,000 Sq Ft","2025","North Lawndale","29","24","41.84725","-87.71738","(41.84725, -87.71738)"
"244840","235 W Van Buren St","60607","Residential","> 250,000 Sq F","2027","Loop","32","25","41.87626","-87.63572","(41.87626, -87.63572)"
"173837","4450 N Clark St","60640","Commercial","> 50,000 Sq Ft","2025","Uptown","3","47","41.96322","-87.6666","(41.96322, -87.6666)"
"254353","1415 N Kingsbury St","60642","Commercial","> 50,000 Sq Ft","2025","Near North Side","8","27","41.89548","-87.66036","(41.89548, -87.66036)"
"251234","100 E Huron St","60611","Residential","> 250,000 Sq F","2027","Near North Side","8","42","41.89496","-87.62533","(41.89496, -87.62533)"
"250068","1300 W Jackson Blvd","60607","Municipal","> 50,000 Sq Ft","2027","Near West Side","28","27","41.87842","-87.66057","(41.87842, -87.66057)"
"175539","6244  S King Dr","60637","Residential","> 50,000 Sq Ft","2026","Washington Heights","73","20","41.78046","-87.60531","(41.78046, -87.60531)"
"254053","1255 N State Parkway","60610","Residential","> 50,000 Sq Ft","2025","Near North Side","8","43","41.88425","-87.63245","(41.88425, -87.63245)"
"159091","1330 1358 W 76th St","60620","Residential","> 50,000 Sq Ft","2027","Auburn Gresham","71","17","41.75604","-87.65677","(41.75604, -87.65677)"
"256774","1957 N Fairfield Ave","60647","Residential","> 50,000 Sq Ft","2025","Logan Square","22","1","41.92103","-87.69138","(41.92103, -87.69138)"
"175727","130 S Jefferson St","60661","Commercial","> 50,000 Sq Ft","2027","Near West Side","28","42","41.88014","-87.64262","(41.88014, -87.64262)"
"251317","225 N Wabash","60601","Residential","> 50,000 Sq Ft","2025","Loop","32","42","41.88652","-87.62599","(41.88652, -87.62599)"
"257091","624 E Pershing Rd","60653","Residential","> 50,000 Sq Ft","2025","Oakland","36","4","41.81851","-87.61148","(41.81851, -87.61148)"
"116752","3333  W Maypole Ave","60624","Residential","> 50,000 Sq Ft","2027","East Garfield Park","27","28","41.88082","-87.72328","(41.88082, -87.72328)"
"173805","1000 W Leland Ave","60640","Residential","> 50,000 Sq Ft","2025","Uptown","3","46","41.97223","-87.6646","(41.97223, -87.6646)"
"172129","73  E Elm St","60611","Residential","> 50,000 Sq Ft","2025","Near North Side","8","2","41.89579","-87.62248","(41.89579, -87.62248)"
"175953","500  S Dearborn St","60605","Residential","> 50,000 Sq Ft","2027","Loop","32","4","41.86863","-87.62731","(41.86863, -87.62731)"
"251211","35 W 87th St","60620","Commercial","> 50,000 Sq Ft","2025","Chatham","44","21","41.73626","-87.62663","(41.73626, -87.62663)"
"156573","2 12 S Halsted St","60661","Commercial","> 50,000 Sq Ft","2025","Near West Side","28","27","41.88172","-87.64749","(41.88172, -87.64749)"
"242510","8 E Randolph St","60601","Residential","> 250,000 Sq F","2027","Loop","32","42","41.88447","-87.62763","(41.88447, -87.62763)"
"254348","1000 S Clark St","60605","Residential","> 250,000 Sq F","2027","Loop","32","4","41.86821","-87.62733","(41.86821, -87.62733)"
"101889","333 N Michigan Ave","60601","Commercial","> 250,000 Sq Ft","2025","Loop","32","42","41.88764","-87.62452","(41.88764, -87.62452)"
"175693","4501  N Central Park Ave","60625","Residential","> 50,000 Sq Ft","2025","Albany Park","14","33","41.97208","-87.70235","(41.97208, -87.70235)"
"256897","1646 N Halsted St","60614","Commercial","> 50,000 Sq Ft","2026","Lincoln Park","7","43","41.92247","-87.65477","(41.92247, -87.65477)"
"160345","4550 N Clarendon Ave","60640","Residential","> 250,000 Sq F","2024","Uptown","3","46","41.965","-87.65054","(41.965, -87.65054)"
"257114","1134 S Wood St","60612","Commercial","> 50,000 Sq Ft",,"Near West Side","28","27","41.88078","-87.68395","(41.88078, -87.68395)"
"159999","7337 S South Shore Dr","60649","Residential","> 250,000 Sq F","2025","South Shore","43","7","41.76342","-87.55825","(41.76342, -87.55825)"
"254062","221 E Cullerton Ave","60616","Residential","> 50,000 Sq Ft","2025","Near South Side","33","3","41.84586","-87.62921","(41.84586, -87.62921)"
"164980","5400 N St Louis Ave","60625","Commercial","> 50,000 Sq Ft","2027","North Park","13","39","41.97981","-87.71769","(41.97981, -87.71769)"
"119039","2626 2644 W 63rd St","60629","Commercial","> 50,000 Sq Ft","2027","Chicago Lawn","66","16","41.77517","-87.7139","(41.77517, -87.7139)"
"135181","350 W Hubbard St","60654","Commercial","> 50,000 Sq Ft","2027","Near North Side","8","42","41.88995","-87.63762","(41.88995, -87.63762)"
"257155","1229 W Concord Pl","60642","Commercial","> 50,000 Sq Ft","2025","West Town","24","32","41.89983","-87.66192","(41.89983, -87.66192)"
"175595","714  N Waveland Ave","60613","Residential","> 50,000 Sq Ft","2025","Lake View","6","46","41.95402","-87.66203","(41.95402, -87.66203)"
"117814","3119 N Pulaski Rd","60641","Commercial","> 50,000 Sq Ft","2025","Avondale","21","30","41.93801","-87.7271","(41.93801, -87.7271)"
"175808","5161  N Ashland Ave","60640","Residential","> 50,000 Sq Ft","2025","Uptown","3","40","41.97223","-87.6646","(41.97223, -87.6646)"
"253954","1717 N Crilly Ct","60614","Residential","> 50,000 Sq Ft","2025","Lincoln Park","7","43","41.92174","-87.65392","(41.92174, -87.65392)"
"254093","123 N Desplaines St","60661","Residential","> 250,000 Sq F","2025","Near West Side","28","42","41.88321","-87.64337","(41.88321, -87.64337)"
"102380","4600  N Cumberland Ave","60656","Residential","> 50,000 Sq Ft","2027","Ohare","76","38","41.97087","-87.79893","(41.97087, -87.79893)"
"130553","4700 N Marine Dr","60640","Commercial","> 50,000 Sq Ft","2025","Uptown","3","46","41.96763","-87.64973","(41.96763, -87.64973)"
"103645","203 N Lasalle St","60601","Commercial","> 250,000 Sq Ft","2025","Loop","32","42","41.88606","-87.63169","(41.88606, -87.63169)"
"254105","500 S Clinton St","60607","Residential","> 250,000 Sq F","2024","Near West Side","28","25","41.87513","-87.64101","(41.87513, -87.64101)"
"252071","520 S State St","60605","Residential","> 250,000 Sq F","2027","Loop","32","4","41.87511","-87.62797","(41.87511, -87.62797)"
"254975","367 W Locust St","60610","Residential","> 50,000 Sq Ft","2025","Near North Side","8","27","41.89883","-87.63808","(41.89883, -87.63808)"
"251765","5550 N Kenmore Ave","60640","Residential","> 50,000 Sq Ft","2025","Edgewater","77","48","41.98352","-87.65701","(41.98352, -87.65701)"
"175793","811 833 E 46th St","60653","Residential","> 50,000 Sq Ft","2025","Kenwood","39","4","41.82021","-87.61247","(41.82021, -87.61247)"
"256769","2773 N Hampden Ct","60614","Residential","> 50,000 Sq Ft","2025","Lincoln Park","7","43","41.92247","-87.65477","(41.92247, -87.65477)"
"224416","400 E Ohio St","60611","Residential","> 250,000 Sq F","2027","Near North Side","8","42","41.89285","-87.61741","(41.89285, -87.61741)"
"116697","1322 1328 S Wabash Ave","60605","Residential","> 50,000 Sq Ft","2025","Near South Side","33","3","41.86863","-87.62731","(41.86863, -87.62731)"
"101900","309 W Washngton St","60606","Commercial","> 50,000 Sq Ft","2027","Loop","32","42","41.883","-87.63566","(41.883, -87.63566)"
"108602","2701 2741 N Leavitt St","60647","Residential","> 50,000 Sq Ft","2025","Lincoln Park","7","1","41.92075","-87.70153","(41.92075, -87.70153)"
"256501","1117-1137 W Monroe","60607","Residential","> 50,000 Sq Ft","2027","Near West Side","28","25","41.86387","-87.64682","(41.86387, -87.64682)"
"252105","611 S Wells St","60607","Residential","> 250,000 Sq F","2024","Loop","32","25","41.87406","-87.63331","(41.87406, -87.63331)"
"256804","810 W Wayman St","60607","Commercial","> 50,000 Sq Ft","2025","Near West Side","28","27","41.88321","-87.65877","(41.88321, -87.65877)"
"121264","1407 E 60th St","60637","Commercial","> 50,000 Sq Ft","2027","Woodlawn","42","20","41.78605","-87.59124","(41.78605, -87.59124)"
"256547","8647 W Higgins Road","60631","Commercial","> 250,000 Sq Ft","2024","Ohare","76","41","42.0007","-87.81019","(42.0007, -87.81019)"
"251580","9301 S State St","60619","Municipal","> 50,000 Sq Ft","2027","Roseland","49","9","41.72471","-87.62321","(41.72471, -87.62321)"
"101030","3750  S Cottage Grove Ave","60653","Residential","> 50,000 Sq Ft","2025","Oakland","36","4","41.82021","-87.61247","(41.82021, -87.61247)"
"114316","6433  W Belle Plaine Ave","60634","Residential","> 50,000 Sq Ft","2025","Dunning","17","38","41.9453","-87.80187","(41.9453, -87.80187)"
"110848","929 E 57th St","60637","Commercial","> 250,000 Sq Ft","2027","Hyde Park","41","5","41.79133","-87.6029","(41.79133, -87.6029)"
"164460","3900 W Peterson Ave","60659","Commercial","> 50,000 Sq Ft","2027","North Park","13","39","41.99091","-87.72792","(41.99091, -87.72792)"
"256406","375 E Chicago Ave","60611","Commercial","> 250,000 Sq Ft","2027","Near North Side","8","2","41.89837","-87.62282","(41.89837, -87.62282)"
"237722","3100 N Lake Shore Dr","60657","Residential","> 250,000 Sq F","2027","Lake View","6","44","41.93804","-87.63808","(41.93804, -87.63808)"
"101748","1 S Wacker","60606","Commercial","> 250,000 Sq Ft","2025","Loop","32","42","41.88156","-87.63615","(41.88156, -87.63615)"
"112699","6245 6259 N Sheridan Rd","60660","Residential","> 50,000 Sq Ft","2025","Edgewater","77","48","41.9909","-87.66661","(41.9909, -87.66661)"
"251359","6450 S Lowe Ave","60621","Municipal","> 50,000 Sq Ft","2025","Englewood","68","20","41.77674","-87.64116","(41.77674, -87.64116)"
"251542","6710 N Washtenaw Ave","60645","Municipal","> 50,000 Sq Ft","2025","West Ridge","2","50","42.00373","-87.69786","(42.00373, -87.69786)"
"251392","3740 N Panama Ave","60634","Municipal","> 50,000 Sq Ft","2025","Dunning","17","38","41.94793","-87.82972","(41.94793, -87.82972)"
"257000","445 W Erie","60654","Commercial","> 50,000 Sq Ft","2026","Near North Side","8","42","41.8924","-87.6338","(41.8924, -87.6338)"
"112698","6300 6326 N Sheridan Rd","60660","Residential","> 50,000 Sq Ft","2025","Edgewater","77","48","41.9909","-87.66661","(41.9909, -87.66661)"
"156536","228 S Wabash Ave","60604","Commercial","> 50,000 Sq Ft","2024","Loop","32","42","41.87912","-87.62611","(41.87912, -87.62611)"
"159661","3101-3121 N Sheridan Rd","60657","Residential","> 50,000 Sq Ft","2027","Lake View","6","44","41.9378","-87.63933","(41.9378, -87.63933)"
"165253","1850  W Roosevelt Rd","60608","Commercial","> 50,000 Sq Ft","2025","Near West Side","28","27","41.84915","-87.6709","(41.84915, -87.6709)"
"174155","1040  W Granville Ave","60660","Residential","> 50,000 Sq Ft","2027","Edgewater","77","48","41.9909","-87.66661","(41.9909, -87.66661)"
"118351","46 64 W Hubbard St","60654","Commercial","> 50,000 Sq Ft","2027","Near North Side","8","42","41.89009","-87.62979","(41.89009, -87.62979)"
"244534","1211 S Prairie Ave","60605","Residential","> 250,000 Sq F","2027","Near South Side","33","3","41.86619","-87.62122","(41.86619, -87.62122)"
"159000","9652 S Michigan Ave","60628","Municipal","> 50,000 Sq Ft","2025","Roseland","49","9","41.71752","-87.6213","(41.71752, -87.6213)"
"172318","1307 1325 N California Ave","60622","Residential","> 50,000 Sq Ft","2025","West Town","24","26","41.90225","-87.68448","(41.90225, -87.68448)"
"255936","675 N Wells St","60654","Residential","> 50,000 Sq Ft","2025","Near North Side","8","42","41.89213","-87.63513","(41.89213, -87.63513)"
"251942","4900 S Lake Shore Dr","60615","Residential","> 50,000 Sq Ft","2025","Kenwood","39","5","41.80591","-87.58593","(41.80591, -87.58593)"
"251689","1431 N Leamington Ave","60651","Municipal","> 50,000 Sq Ft","2025","Austin","25","37","41.90707","-87.7543","(41.90707, -87.7543)"
"225170","5601 N Sheridan Rd","60660","Residential","> 50,000 Sq Ft","2025","Edgewater","77","48","41.98401","-87.65458","(41.98401, -87.65458)"
"251568","4355 N Linder Ave","60641","Municipal","> 50,000 Sq Ft","2025","Portage Park","15","38","41.96026","-87.76437","(41.96026, -87.76437)"
"111431","15 25 S Throop St","60607","Residential","> 50,000 Sq Ft","2023","Near West Side","28","25","41.87399","-87.65168","(41.87399, -87.65168)"
"106017","6900 S South Shore Dr","60649","Residential","> 50,000 Sq Ft","2025","South Shore","43","5","41.76259","-87.57232","(41.76259, -87.57232)"
"251418","5625 N Mcvicker Ave","60646","Municipal","> 50,000 Sq Ft","2025","Norwood Park","10","45","41.98409","-87.77885","(41.98409, -87.77885)"
"251608","4418 S Sacramento","60632","Municipal","> 50,000 Sq Ft","2025","Brighton Park","58","15","41.81327","-87.6993","(41.81327, -87.6993)"
"112765","5333 N Sheridan Rd","60640","Commercial","> 250,000 Sq Ft","2024","Edgewater","77","48","41.97932","-87.65409","(41.97932, -87.65409)"
"129621","7350 7352 N Sheridan Rd","60626","Commercial","> 50,000 Sq Ft","2025","Rogers Park","1","49","42.01036","-87.6683","(42.01036, -87.6683)"
"158644","1340 N Astor St","60610","Residential","> 50,000 Sq Ft","2027","Near North Side","8","43","41.90704","-87.62818","(41.90704, -87.62818)"
"159425","3510 S Rhodes Ave","60653","Residential","> 250,000 Sq F","2025","Douglas","35","4","41.83084","-87.61542","(41.83084, -87.61542)"
"234838","1400 S Michigan Ave","60605","Residential","> 250,000 Sq F","2027","Near South Side","33","3","41.86378","-87.62455","(41.86378, -87.62455)"
"175263","1725  W North Ave","60622","Residential","> 50,000 Sq Ft","2025","West Town","24","2","41.90225","-87.68448","(41.90225, -87.68448)"
"251258","707 W Sheridan Rd","60613","Residential","> 50,000 Sq Ft","2024","Lake View","6","46","41.95247","-87.6484","(41.95247, -87.6484)"
"103475","7235 7245 S Jeffery Blvd","60649","Residential","> 50,000 Sq Ft","2025","South Shore","43","5","41.76259","-87.57232","(41.76259, -87.57232)"
"175867","3970 - 3982 N Milwaukee Ave","60641","Commercial","> 50,000 Sq Ft","2025","Portage Park","15","45","41.9529","-87.74653","(41.9529, -87.74653)"
"173719","330 W Webster Ave","60614","Commercial","> 50,000 Sq Ft","2025","Lincoln Park","7","43","41.92315","-87.63734","(41.92315, -87.63734)"
"102285","836 W Wellington Ave","60657","Commercial","> 250,000 Sq Ft","2027","Lake View","6","44","41.93679","-87.65091","(41.93679, -87.65091)"
"175521","5460 5470 S Harper Ave","60615","Residential","> 50,000 Sq Ft","2025","Hyde Park","41","5","41.80224","-87.60333","(41.80224, -87.60333)"
"175954","4626 W Diversey Ave","60639","Commercial","> 50,000 Sq Ft","2027","Hermosa","20","31","41.93162","-87.74256","(41.93162, -87.74256)"
"241007","505 N Mcclurg Ct","60611","Residential","> 250,000 Sq F","2025","Near North Side","8","42","41.89146","-87.61724","(41.89146, -87.61724)"
"244182","655 W Irving Park Rd","60613","Residential","> 250,000 Sq F","2027","Lake View","6","46","41.95382","-87.64691","(41.95382, -87.64691)"
"229016","345-355 N Canal St","60606","Residential","> 50,000 Sq Ft","2025","Near West Side","28","42","41.88806","-87.63991","(41.88806, -87.63991)"
"252076","2916 W 47th St","60632","Commercial","> 50,000 Sq Ft","2025","Brighton Park","58","15","41.80856","-87.69719","(41.80856, -87.69719)"
"158121","10 S Dearborn St","60603","Commercial","> 250,000 Sq Ft","2026","Loop","32","42","41.88164","-87.63011","(41.88164, -87.63011)"
"174306","540  N Lake Shore Dr","60611","Residential","> 50,000 Sq Ft","2026","Near North Side","8","42","41.89579","-87.62248","(41.89579, -87.62248)"
"104239","517 525 W Brompton Ave","60657","Residential","> 50,000 Sq Ft","2025","Lake View","6","46","41.93985","-87.65845","(41.93985, -87.65845)"
"255013","504 N Green St","60642","Residential","> 50,000 Sq Ft","2024","West Town","24","27","41.89143","-87.64881","(41.89143, -87.64881)"
"173622","444 W Jackson Blvd","60606","Commercial","> 50,000 Sq Ft","2025","Near West Side","28","42","41.87809","-87.63895","(41.87809, -87.63895)"
"100397","3939 W 79th St","60652","Municipal","> 50,000 Sq Ft","2025","Ashburn","70","18","41.74946","-87.72015","(41.74946, -87.72015)"
"114191","228 240 E Walton St","60611","Residential","> 50,000 Sq Ft","2025","Near North Side","8","2","41.89579","-87.62248","(41.89579, -87.62248)"
"244073","900 N Lake Shore Dr","60611","Residential","> 250,000 Sq F","2027","Near North Side","8","2","41.8995","-87.61957","(41.8995, -87.61957)"
"251516","9928 S Crandon Ave","60617","Municipal","> 50,000 Sq Ft","2025","South Deering","51","7","41.71442","-87.56748","(41.71442, -87.56748)"
"105819","532 542 W Briar Pl","60657","Residential","> 50,000 Sq Ft","2025","Lake View","6","44","41.93985","-87.65845","(41.93985, -87.65845)"
"255083","165 N Desplaines St","60661","Residential","> 50,000 Sq Ft","2025","Near West Side","28","42","41.88328","-87.64388","(41.88328, -87.64388)"
"243246","1255 N Sandburg Ter","60610","Residential","> 250,000 Sq F","2027","Near North Side","8","2","41.9054","-87.63189","(41.9054, -87.63189)"
"250037","4251 N Clarendon Ave","60613","Municipal","> 50,000 Sq Ft","2025","Uptown","3","46","41.96004","-87.64916","(41.96004, -87.64916)"
"251872","7651 S Homan Ave","60652","Municipal","> 50,000 Sq Ft","2025","Ashburn","70","18","41.75399","-87.70741","(41.75399, -87.70741)"
"105788","4242 4246 N Sheridan Rd","60613","Residential","> 50,000 Sq Ft","2025","Uptown","3","46","41.95402","-87.66203","(41.95402, -87.66203)"
"105921","1246 1248 W Pratt Blvd","60626","Residential","> 50,000 Sq Ft","2025","Rogers Park","1","49","42.01036","-87.6683","(42.01036, -87.6683)"
"227382","179 E Lakeshore Dr","60611","Residential","> 250,000 Sq F","2025","Near North Side","8","2","41.90043","-87.62263","(41.90043, -87.62263)"
"159416","900 S Clark St","60605","Residential","> 250,000 Sq F","2025","Loop","32","4","41.87033","-87.63101","(41.87033, -87.63101)"
"241747","2754 N Hampden Ct","60614","Residential","> 50,000 Sq Ft","2025","Lincoln Park","7","43","41.93216","-87.64276","(41.93216, -87.64276)"
"254376","416 N Laramie Ave","60644","Commercial","> 50,000 Sq Ft","2025","Austin","25","37","41.88333","-87.76502","(41.88333, -87.76502)"
"124961","2769 2789 N Milwaukee Ave","60647","Residential","> 50,000 Sq Ft","2027","Logan Square","22","35","41.92075","-87.70153","(41.92075, -87.70153)"
"256885","740 N Aberdeen St","60642","Residential","> 50,000 Sq Ft","2027","West Town","24","27","41.89441","-87.65955","(41.89441, -87.65955)"
"160354","750 N Dearborn St","60654","Residential","> 250,000 Sq F","2027","Near North Side","8","2","41.89603","-87.62978","(41.89603, -87.62978)"
"256955","3141 N Sheffield Ave","60657","Residential","> 50,000 Sq Ft","2025","Lake View","6","44","41.9397","-87.66901","(41.9397, -87.66901)"
"135007","150 N Clinton St","60661","Commercial","> 50,000 Sq Ft","2025","Near West Side","28","42","41.88478","-87.64128","(41.88478, -87.64128)"
"250086","1845 N Larrabee St","60614","Residential","> 50,000 Sq Ft","2027","Lincoln Park","7","43","41.91596","-87.64326","(41.91596, -87.64326)"
"101579","2901 S King Dr","60616","Residential","> 250,000 Sq F","2027","Douglas","35","4","41.84146","-87.61667","(41.84146, -87.61667)"
"251661","648 E 91st Pl","60619","Municipal","> 50,000 Sq Ft","2025","Chatham","44","8","41.72842","-87.60827","(41.72842, -87.60827)"
"243773","680 N Lake Shore Dr","60611","Residential","> 250,000 Sq F","2025","Near North Side","8","42","41.89466","-87.61676","(41.89466, -87.61676)"
"113569","1310  N Ritchie Ct","60610","Residential","> 50,000 Sq Ft","2025","Near North Side","8","43","41.90375","-87.63559","(41.90375, -87.63559)"
"173821","4157  N Clarendon Ave","60613","Residential","> 50,000 Sq Ft","2024","Uptown","3","46","41.95402","-87.66203","(41.95402, -87.66203)"
"101999","1415  W Lunt Ave","60626","Residential","> 50,000 Sq Ft","2026","Rogers Park","1","49","42.01036","-87.6683","(42.01036, -87.6683)"
"254170","6327 N Kenmore Ave","60660","Residential","> 50,000 Sq Ft","2027","Edgewater","77","48","41.99724","-87.65689","(41.99724, -87.65689)"
"251680","7050 S May St","60621","Municipal","> 50,000 Sq Ft","2027","Englewood","68","6","41.76532","-87.65331","(41.76532, -87.65331)"
"234740","1600 S Indiana Ave","60616","Residential","> 250,000 Sq F","2027","Near South Side","33","3","41.85995","-87.62289","(41.85995, -87.62289)"
"244325","7033 N Kedzie Ave","60645","Residential","> 250,000 Sq F","2025","West Ridge","2","50","42.00899","-87.70845","(42.00899, -87.70845)"
"175473","6748 6750 N Ashland Ave","60626","Residential","> 50,000 Sq Ft","2026","Rogers Park","1","49","42.01036","-87.6683","(42.01036, -87.6683)"
"251398","221 E 49th St","60615","Residential","> 50,000 Sq Ft","2025","Grand Boulevard","38","3","41.80534","-87.62028","(41.80534, -87.62028)"
"256456","2815-27 N. Leavitt Street","60618","Residential","> 50,000 Sq Ft","2025","North Center","5","1","41.93264","-87.68095","(41.93264, -87.68095)"
"221751","501 W 24th Pl","60616","Residential","> 250,000 Sq F","2026","Armour Square","34","11","41.84788","-87.63925","(41.84788, -87.63925)"
"111695","399  W Fullerton Pkwy","60614","Residential","> 50,000 Sq Ft","2027","Lincoln Park","7","43","41.92201","-87.65462","(41.92201, -87.65462)"
"253982","111 W Polk St","60605","Residential","> 50,000 Sq Ft","2027","Loop","32","4","41.86842","-87.62414","(41.86842, -87.62414)"
"105034","5030 N Marine Dr","60640","Residential","> 250,000 Sq F","2025","Uptown","3","48","41.97403","-87.65193","(41.97403, -87.65193)"
"251423","3000 S Lawndale Ave","60623","Municipal","> 50,000 Sq Ft","2025","South Lawndale","30","22","41.83824","-87.71771","(41.83824, -87.71771)"
"250079","661 E 69th St","60637","Residential","> 50,000 Sq Ft","2027","Woodlawn","42","20","41.76941","-87.609","(41.76941, -87.609)"
"251789","2226 N Hoyne Ave","60647","Commercial","> 50,000 Sq Ft","2025","Logan Square","22","32","41.92225","-87.68068","(41.92225, -87.68068)"
"251599","1940 W 18th St","60608","Municipal","> 50,000 Sq Ft","2025","Lower West Side","31","25","41.85798","-87.67512","(41.85798, -87.67512)"
"251557","137 W 108th Pl","60628","Municipal","> 50,000 Sq Ft","2025","Roseland","49","34","41.69707","-87.62652","(41.69707, -87.62652)"
"254037","1728 N Damen Ave","60647","Residential","> 50,000 Sq Ft","2025","West Town","24","32","41.91317","-87.67767","(41.91317, -87.67767)"
"119504","1201 W Adams St","60607","Residential","> 50,000 Sq Ft","2025","Near West Side","28","28","41.8788","-87.65745","(41.8788, -87.65745)"
"251584","7240 S Wabash Ave","60619","Municipal","> 50,000 Sq Ft","2025","Greater Grand Crossing","69","6","41.7624","-87.62374","(41.7624, -87.62374)"
"107970","37 41 W 47th St","60609","Municipal","> 50,000 Sq Ft","2027","Grand Boulevard","38","3","41.81195","-87.65513","(41.81195, -87.65513)"
"115942","501  W Surf St","60657","Residential","> 250,000 Sq F","2027","Lake View","6","44","41.93985","-87.65845","(41.93985, -87.65845)"
"251425","5414 N Linder Ave","60630","Municipal","> 50,000 Sq Ft","2025","Jefferson Park","11","45","41.97997","-87.76631","(41.97997, -87.76631)"
"102029","5220  S Drexel Ave","60615","Residential","> 50,000 Sq Ft","2025","Hyde Park","41","5","41.80224","-87.60333","(41.80224, -87.60333)"
"251928","2121 W Harrison St","60612","Commercial","> 50,000 Sq Ft","2024","Near West Side","28","28","41.8736","-87.68027","(41.8736, -87.68027)"
"101838","191 N Wacker Dr","60606","Commercial","> 250,000 Sq Ft","2024","Loop","32","42","41.88538","-87.63644","(41.88538, -87.63644)"
"251375","8507 S Ingleside","60619","Municipal","> 50,000 Sq Ft","2027","Chatham","44","8","41.74017","-87.60123","(41.74017, -87.60123)"
"252020","1420 N Lake Shore Dr","60610","Residential","> 50,000 Sq Ft","2025","Near North Side","8","43","41.90861","-87.62598","(41.90861, -87.62598)"
"257188","2928 S Archer Avenue","60608","Residential","> 50,000 Sq Ft","2025","Bridgeport","60","11","41.88323","-87.6324","(41.88323, -87.6324)"
"254168","1050 W  Sheridan","60660","Commercial","> 50,000 Sq Ft","2027","Rogers Park","1","49","41.99828","-87.65758","(41.99828, -87.65758)"
"251401","8555 S Michigan Ave","60619","Municipal","> 50,000 Sq Ft","2025","Chatham","44","6","41.73857","-87.62025","(41.73857, -87.62025)"
"257202","4822 S Cottage Grove Ave","60615","Commercial","> 50,000 Sq Ft",,"Grand Boulevard","38","4","41.80142","-87.60138","(41.80142, -87.60138)"
"101972","150 N Wacker Dr","60606","Commercial","> 250,000 Sq Ft","2027","Loop","32","42","41.88477","-87.63735","(41.88477, -87.63735)"
"254004","2700 N Halsted St","60614","Residential","> 50,000 Sq Ft","2025","Lincoln Park","7","43","41.92174","-87.65392","(41.92174, -87.65392)"
"173872","5244 N Lakewood Ave","60640","Commercial","> 50,000 Sq Ft","2025","Edgewater","77","48","41.97771","-87.66278","(41.97771, -87.66278)"
"252256","7018 S Cregier Ave","60649","Residential","> 50,000 Sq Ft","2025","South Shore","43","5","41.76757","-87.58129","(41.76757, -87.58129)"
"105792","424  W Diversey Pkwy","60614","Residential","> 50,000 Sq Ft","2025","Lake View","6","44","41.92201","-87.65462","(41.92201, -87.65462)"
"160305","550 N St Clair St","60611","Residential","> 250,000 Sq F","2025","Near North Side","8","42","41.89206","-87.62272","(41.89206, -87.62272)"
"105483","5200 5220 N Sheridan Rd","60640","Residential","> 50,000 Sq Ft","2027","Edgewater","77","48","41.97223","-87.6646","(41.97223, -87.6646)"
"135080","537  S Dearborn St","60605","Residential","> 50,000 Sq Ft","2025","Loop","32","4","41.86863","-87.62731","(41.86863, -87.62731)"
"256457","2737 N. Hoyne Avenue","60647","Residential","> 50,000 Sq Ft","2025","Lincoln Park","7","1","41.93109","-87.67887","(41.93109, -87.67887)"
"113602","1209 1217 N Astor St","60610","Residential","> 50,000 Sq Ft","2025","Near North Side","8","43","41.90375","-87.63559","(41.90375, -87.63559)"
"105596","2751 2765 N Pine Grove Ave","60614","Residential","> 50,000 Sq Ft","2025","Lincoln Park","7","43","41.92201","-87.65462","(41.92201, -87.65462)"
"257057","234 West Polk St","60607","Residential","> 50,000 Sq Ft","2025","Loop","32","34","41.88425","-87.63245","(41.88425, -87.63245)"
"175508","5353 N Elston Ave","60630","Commercial","> 50,000 Sq Ft","2027","Jefferson Park","11","39","41.97887","-87.75758","(41.97887, -87.75758)"
"175493","4812 4846 N Clark St","60640","Residential","> 50,000 Sq Ft","2025","Uptown","3","47","41.97223","-87.6646","(41.97223, -87.6646)"
"257081","150 E Ontario St","60611","Residential","> 50,000 Sq Ft",,"Near North Side","8","42","41.89535","-87.62278","(41.89535, -87.62278)"
"101283","4058 W Melrose St","60641","Commercial","> 50,000 Sq Ft","2025","Irving Park","16","30","41.94024","-87.72896","(41.94024, -87.72896)"
"251569","1016 N Laramie Ave","60651","Municipal","> 50,000 Sq Ft","2025","Austin","25","37","41.89894","-87.75574","(41.89894, -87.75574)"
"103596","550 W Jackson Blvd","60661","Commercial","> 250,000 Sq Ft","2027","Near West Side","28","42","41.87835","-87.64153","(41.87835, -87.64153)"
"160197","220 S Michigan Ave","60604","Commercial","> 250,000 Sq Ft","2025","Loop","32","42","41.879","-87.62512","(41.879, -87.62512)"
"133242","1444  N Orleans St","60610","Residential","> 50,000 Sq Ft","2025","Near North Side","8","27","41.90375","-87.63559","(41.90375, -87.63559)"
"116749","3300  W Maypole Ave","60624","Residential","> 50,000 Sq Ft","2025","East Garfield Park","27","28","41.88082","-87.72328","(41.88082, -87.72328)"
"171887","1824 N Spaulding Ave","60647","Residential","> 50,000 Sq Ft","2027","Logan Square","22","1","41.92075","-87.70153","(41.92075, -87.70153)"
"253967","20 N State St","60602","Residential","> 50,000 Sq Ft","2027","Loop","32","42","41.8833","-87.62933","(41.8833, -87.62933)"
"252324","1116 N Kedzie Ave","60651","Commercial","> 50,000 Sq Ft","2027","Humboldt Park","23","26","41.90151","-87.70676","(41.90151, -87.70676)"
"159298","1911 S Indiana Ave","60616","Commercial","> 50,000 Sq Ft","2025","Near South Side","33","3","41.85635","-87.62186","(41.85635, -87.62186)"
"102643","5400  N Northwest Hwy","60630","Commercial","> 50,000 Sq Ft","2025","Jefferson Park","11","45","41.972","-87.75757","(41.972, -87.75757)"
"137570","2145 W Grand Ave","60612","Commercial","> 50,000 Sq Ft","2025","West Town","24","26","41.89053","-87.68113","(41.89053, -87.68113)"
"251643","1425 N Tripp Ave","60651","Municipal","> 50,000 Sq Ft","2025","Humboldt Park","23","26","41.90687","-87.73217","(41.90687, -87.73217)"
"255165","801 S Financial Place","60605","Residential","> 250,000 Sq F","2025","Loop","32","25","41.86815","-87.62702","(41.86815, -87.62702)"
"158654","2300 N Lincoln Park West","60614","Residential","> 250,000 Sq F","2027","Lincoln Park","7","43","41.92385","-87.63654","(41.92385, -87.63654)"
"136845","815 W 63rd St","60621","Commercial","> 50,000 Sq Ft","2024","Englewood","68","20","41.77942","-87.64554","(41.77942, -87.64554)"
"251697","1616 S Spaulding Ave","60623","Municipal","> 50,000 Sq Ft","2027","North Lawndale","29","24","41.85828","-87.70819","(41.85828, -87.70819)"
"251333","2358 N Sheffield Ave","60614","Commercial","> 50,000 Sq Ft","2027","Lincoln Park","7","43","41.92456","-87.6536","(41.92456, -87.6536)"
"158630","375 425 W Erie St","60654","Residential","> 50,000 Sq Ft","2027","Near North Side","8","42","41.89369","-87.63934","(41.89369, -87.63934)"
"112724","6119 6125 N Winchester Ave","60660","Residential","> 50,000 Sq Ft","2026","West Ridge","2","40","41.9909","-87.66661","(41.9909, -87.66661)"
"238355","1322 S Prairie Ave","60605","Residential","> 250,000 Sq F","2027","Near South Side","33","3","41.86523","-87.62167","(41.86523, -87.62167)"
"250081","150 S Campbell Ave","60612","Residential","> 50,000 Sq Ft","2027","Near West Side","28","27","41.87888","-87.68954","(41.87888, -87.68954)"
"251753","1460 W 112th St","60643","Municipal","> 50,000 Sq Ft","2025","Morgan Park","75","34","41.69097","-87.65937","(41.69097, -87.65937)"
"214742","1301 N Dearborn St","60610","Residential","> 50,000 Sq Ft","2025","Near North Side","8","2","41.90616","-87.62972","(41.90616, -87.62972)"
"256844","1308 N Elston","60642","Commercial","> 50,000 Sq Ft","2026","West Town","24","27","41.89441","-87.65955","(41.89441, -87.65955)"
"122919","1341 N Paulina St","60622","Commercial","> 50,000 Sq Ft","2026","West Town","24","1","41.90616","-87.66997","(41.90616, -87.66997)"
"251419","8 W Root St","60609","Municipal","> 50,000 Sq Ft","2025","Grand Boulevard","38","3","41.81948","-87.627","(41.81948, -87.627)"
"242148","1841 S Calumet Ave","60616","Residential","> 250,000 Sq F","2025","Near South Side","33","3","41.85728","-87.61932","(41.85728, -87.61932)"
"251219","555 W Cornelia Ave","60657","Residential","> 250,000 Sq F","2027","Lake View","6","46","41.94581","-87.64409","(41.94581, -87.64409)"
"251484","1746 S Miller St","60608","Municipal","> 50,000 Sq Ft","2025","Lower West Side","31","25","41.85866","-87.65256","(41.85866, -87.65256)"
"173783","4840  N Linder Ave","60630","Residential","> 50,000 Sq Ft","2025","Jefferson Park","11","45","41.972","-87.75757","(41.972, -87.75757)"
"252333","1250 W Morse Ave","60626","Residential","> 50,000 Sq Ft","2025","Rogers Park","1","49","42.00799","-87.66357","(42.00799, -87.66357)"
"103778","4646 N Marine Dr","60640","Commercial","> 250,000 Sq Ft","2025","Uptown","3","46","41.96683","-87.64962","(41.96683, -87.64962)"
"175296","5623  W Washington Blvd","60644","Residential","> 50,000 Sq Ft","2025","Austin","25","29","41.88039","-87.75827","(41.88039, -87.75827)"
"238747","1250 N Dearborn St","60610","Residential","> 50,000 Sq Ft","2024","Near North Side","8","2","41.90541","-87.63046","(41.90541, -87.63046)"
"159639","2960 N Lake Shore Dr","60657","Residential","> 250,000 Sq F","2027","Lake View","6","44","41.93596","-87.63737","(41.93596, -87.63737)"
"250053","6545 W Hurlbut St","60631","Municipal","> 250,000 Sq Ft","2025","Norwood Park","10","41","41.98559","-87.79178","(41.98559, -87.79178)"
"102368","2500 W Bradley Pl","60618","Commercial","> 250,000 Sq Ft","2024","North Center","5","47","41.95031","-87.69253","(41.95031, -87.69253)"
"257125","4720 S California Ave","60632","Commercial","> 50,000 Sq Ft","2025","Brighton Park","58","14","41.81912","-87.69604","(41.81912, -87.69604)"
"102340","200  W Grand Ave","60654","Residential","> 50,000 Sq Ft","2025","Near North Side","8","42","41.89198","-87.637","(41.89198, -87.637)"
"111083","3506  S State St","60609","Residential","> 50,000 Sq Ft","2025","Douglas","35","3","41.81195","-87.65513","(41.81195, -87.65513)"
"168174","4136 S California Ave","60632","Municipal","> 250,000 Sq Ft","2025","Brighton Park","58","12","41.81905","-87.69457","(41.81905, -87.69457)"
"164517","721 N Lasalle St","60654","Commercial","> 50,000 Sq Ft","2025","Near North Side","8","2","41.8955","-87.63264","(41.8955, -87.63264)"
"115376","3950  W Bryn Mawr Ave","60659","Residential","> 50,000 Sq Ft","2025","North Park","13","39","41.99046","-87.70621","(41.99046, -87.70621)"
"251534","730 E 103rd St","60628","Municipal","> 50,000 Sq Ft","2027","Pullman","50","8","41.70782","-87.60527","(41.70782, -87.60527)"
"257089","6311 S Maryland Ave","60637","Residential","> 50,000 Sq Ft","2025","Woodlawn","42","20","41.77672","-87.6089","(41.77672, -87.6089)"
"256961","1201 N Clark","60610","Residential","> 50,000 Sq Ft","2025","Near North Side","8","2","41.90423","-87.63823","(41.90423, -87.63823)"
"140901","2800 N Orchard St","60614","Residential","> 50,000 Sq Ft","2025","Lake View","6","44","41.92201","-87.65462","(41.92201, -87.65462)"
"135620","8704 S Constance Ave","60617","Commercial","> 50,000 Sq Ft","2025","Calumet Heights","48","8","41.73673","-87.57979","(41.73673, -87.57979)"
"222707","1516 1518 S Wabash Ave","60605","Residential","> 50,000 Sq Ft","2025","Near South Side","33","3","41.86159","-87.62618","(41.86159, -87.62618)"
"250043","11220 S Wallace St","60628","Municipal","> 250,000 Sq Ft","2025","Roseland","49","34","41.68908","-87.63836","(41.68908, -87.63836)"
"166787","110 W Madison St","60602","Residential","> 50,000 Sq Ft","2025","Loop","32","42","41.88233","-87.63149","(41.88233, -87.63149)"
"256433","3301 S State Street","60616","Commercial","> 50,000 Sq Ft","2025","Douglas","35","3","41.84233","-87.62715","(41.84233, -87.62715)"
"256541","508 W Diversey Pkwy","60614","Residential","> 50,000 Sq Ft","2026","Lake View","6","44","41.9222","-87.64961","(41.9222, -87.64961)"
"172607","1734 1740 N Marshfield Ave","60622","Residential","> 50,000 Sq Ft","2025","West Town","24","32","41.90225","-87.68448","(41.90225, -87.68448)"
"252286","5042 N. Winthrop","60640","Residential","> 50,000 Sq Ft","2025","Uptown","3","48","41.97432","-87.6577","(41.97432, -87.6577)"
"103617","33 E Congress Pkwy","60605","Commercial","> 50,000 Sq Ft","2027","Loop","32","4","41.8754","-87.62651","(41.8754, -87.62651)"
"173769","541 547 W Oakdale Ave","60657","Residential","> 50,000 Sq Ft","2025","Lake View","6","44","41.93985","-87.65845","(41.93985, -87.65845)"
"173811","3620 N. Pine Grove Ave","60613","Residential","> 50,000 Sq Ft","2027","Lake View","6","46","41.95402","-87.66203","(41.95402, -87.66203)"
"105233","7064  N Sheridan Rd","60626","Residential","> 50,000 Sq Ft","2025","Rogers Park","1","49","42.01036","-87.6683","(42.01036, -87.6683)"
"251701","1231 S Damen Ave","60608","Commercial","> 50,000 Sq Ft","2025","Near West Side","28","28","41.86523","-87.67591","(41.86523, -87.67591)"
"256734","3542 S Washtenaw Avenue","60632","Commercial","> 50,000 Sq Ft","2027","Brighton Park","58","12","41.81912","-87.69604","(41.81912, -87.69604)"
"250076","2437 E 106th St","60617","Residential","> 250,000 Sq F","2027","South Deering","51","7","41.70256","-87.56422","(41.70256, -87.56422)"
"251449","5300 S Loomis Blvd","60609","Municipal","> 50,000 Sq Ft","2025","New City","61","20","41.79737","-87.66015","(41.79737, -87.66015)"
"251692","5250 S Rockwell St","60632","Municipal","> 50,000 Sq Ft","2025","Gage Park","63","14","41.79805","-87.68984","(41.79805, -87.68984)"
"252289","2128-40 N Kedzie","60647","Residential","> 50,000 Sq Ft","2025","Logan Square","22","26","41.92017","-87.70707","(41.92017, -87.70707)"
"114197","1316 1326 N State Pkwy","60610","Residential","> 50,000 Sq Ft","2025","Near North Side","8","2","41.90375","-87.63559","(41.90375, -87.63559)"
"251358","3815 N Kedvale Ave","60641","Municipal","> 50,000 Sq Ft","2025","Irving Park","16","45","41.95048","-87.73013","(41.95048, -87.73013)"
"102460","5700 S Lake Shore Dr","60637","Commercial","> 250,000 Sq Ft","2027","Hyde Park","41","5","41.79055","-87.58295","(41.79055, -87.58295)"
"159735","4601 4613 N Sheridan Rd","60640","Residential","> 50,000 Sq Ft","2025","Uptown","3","46","41.96573","-87.65424","(41.96573, -87.65424)"
"175567","233  E Ontario St","60611","Residential","> 50,000 Sq Ft","2025","Near North Side","8","42","41.89579","-87.62248","(41.89579, -87.62248)"
"251294","954 W Washington Blvd","60607","Commercial","> 50,000 Sq Ft","2027","Near West Side","28","27","41.88352","-87.65172","(41.88352, -87.65172)"
"251270","811 - 833 W 15th Pl","60608","Residential","> 250,000 Sq F","2025","Near West Side","28","11","41.8608","-87.64836","(41.8608, -87.64836)"
"256956","320 N Michigan Ave","60601","Residential","> 50,000 Sq Ft","2025","Loop","32","42","41.88545","-87.6223","(41.88545, -87.6223)"
"251871","1955 E 75th St","60649","Municipal","> 50,000 Sq Ft","2027","South Shore","43","8","41.75883","-87.57716","(41.75883, -87.57716)"
"173773","530  W Diversey Pkwy","60614","Residential","> 50,000 Sq Ft","2025","Lake View","6","44","41.92201","-87.65462","(41.92201, -87.65462)"
"128292","6408 - 6450 W Irving Park Rd","60634","Commercial","> 250,000 Sq Ft","2027","Dunning","17","38","41.95398","-87.78661","(41.95398, -87.78661)"
"252107","205 E Randolph St","60601","Commercial","> 50,000 Sq Ft","2025","Loop","32","42","41.88401","-87.6218","(41.88401, -87.6218)"
"253964","7150 S Cyril Ct","60649","Residential","> 50,000 Sq Ft","2025","South Shore","43","5","41.76263","-87.57255","(41.76263, -87.57255)"
"251891","3301 W Franklin Blvd","60624","Municipal","> 50,000 Sq Ft","2025","Humboldt Park","23","28","41.88976","-87.70991","(41.88976, -87.70991)"
"251487","2510 S Kildare Ave","60623","Municipal","> 50,000 Sq Ft","2025","South Lawndale","30","22","41.84552","-87.73228","(41.84552, -87.73228)"
"165328","2750 W Roosevelt","60608","Residential","> 50,000 Sq Ft","2027","North Lawndale","29","28","41.86685","-87.69531","(41.86685, -87.69531)"
"120503","1040 W Randolph St","60607","Commercial","> 50,000 Sq Ft","2027","Near West Side","28","27","41.88437","-87.6536","(41.88437, -87.6536)"
"251640","6543 S Champlain Ave","60637","Municipal","> 50,000 Sq Ft","2025","Woodlawn","42","20","41.77518","-87.609","(41.77518, -87.609)"
"175603","1701 - 1741 W Howard St","60626","Commercial","> 50,000 Sq Ft","2027","Rogers Park","1","49","42.01936","-87.67389","(42.01936, -87.67389)"
"253952","8439-8503 W Catherine Ave","60656","Residential","> 50,000 Sq Ft","2025","Ohare","76","41","41.97098","-87.8036","(41.97098, -87.8036)"
"112515","1237 W Fullerton Ave","60614","Residential","> 250,000 Sq F","2027","Lincoln Park","7","43","41.92521","-87.65993","(41.92521, -87.65993)"
"222598","123 - 125 S Green St","60607","Residential","> 250,000 Sq F","2025","Near West Side","28","27","41.88023","-87.64817","(41.88023, -87.64817)"
"158265","188 W Randolph St","60601","Residential","> 250,000 Sq F","2026","Loop","32","42","41.88481","-87.63361","(41.88481, -87.63361)"
"229826","11 E Walton St","60611","Residential","> 250,000 Sq F","2025","Near North Side","8","42","41.89977","-87.62764","(41.89977, -87.62764)"
"256527","55 E 11th St","60605","Commercial","> 50,000 Sq Ft","2025","Loop","32","4","41.86586","-87.61953","(41.86586, -87.61953)"
"172131","1765 N Elston Ave","60642","Commercial","> 50,000 Sq Ft","2025","West Town","24","2","41.91459","-87.66498","(41.91459, -87.66498)"
"172078","11030 S Longwood Dr","60643","Commercial","> 50,000 Sq Ft","2025","Morgan Park","75","19","41.69377","-87.67197","(41.69377, -87.67197)"
"254054","2 S Leavitt St","60612","Residential","> 50,000 Sq Ft","2025","Near West Side","28","27","41.8812","-87.68664","(41.8812, -87.68664)"
"101527","4041  W Roosevelt Rd","60624","Residential","> 50,000 Sq Ft","2027","North Lawndale","29","24","41.88082","-87.72328","(41.88082, -87.72328)"
"229402","1101 S State St","60605","Residential","> 250,000 Sq F","2027","Loop","32","4","41.86838","-87.62702","(41.86838, -87.62702)"
"256879","2755 N Milwaukee Ave","60647","Residential","> 50,000 Sq Ft","2025","Logan Square","22","35","41.92079","-87.69098","(41.92079, -87.69098)"
"257070","920 N Wells St","60606","Residential","> 50,000 Sq Ft","2025","Near North Side","8","27","41.88324","-87.6358","(41.88324, -87.6358)"
"102323","3515 3525 W Franklin Blvd","60624","Residential","> 50,000 Sq Ft","2025","Humboldt Park","23","27","41.88082","-87.72328","(41.88082, -87.72328)"
"132870","112 W 87th St","60620","Commercial","> 50,000 Sq Ft","2027","Chatham","44","21","41.73773","-87.62819","(41.73773, -87.62819)"
"256830","717 S. Wells","60607","Commercial","> 50,000 Sq Ft","2025","Loop","32","34","41.88425","-87.63245","(41.88425, -87.63245)"
"256737","3419 S Bell Avenue","60608","Commercial","> 50,000 Sq Ft","2025","McKinley Park","59","12","41.85904","-87.66014","(41.85904, -87.66014)"
"254355","16 E Pearson St","60611","Commercial","> 50,000 Sq Ft","2027","Near North Side","8","2","41.89535","-87.62273","(41.89535, -87.62273)"
"251945","916 S Wabash Ave","60605","Commercial","> 50,000 Sq Ft","2027","Loop","32","4","41.87031","-87.62591","(41.87031, -87.62591)"
"101981","4724 4730 S Woodlawn Ave","60615","Residential","> 50,000 Sq Ft","2025","Kenwood","39","4","41.80224","-87.60333","(41.80224, -87.60333)"
"101854","10 S Riverside Plz","60606","Commercial","> 250,000 Sq Ft","2025","Near West Side","28","42","41.88124","-87.63912","(41.88124, -87.63912)"
"175507","18  E Elm St","60611","Residential","> 50,000 Sq Ft","2025","Near North Side","8","2","41.89579","-87.62248","(41.89579, -87.62248)"
"106052","6214 6218 N Winthrop Ave","60660","Residential","> 50,000 Sq Ft","2025","Edgewater","77","48","41.9909","-87.66661","(41.9909, -87.66661)"
"103712","845 N Michigan Ave","60611","Commercial","> 250,000 Sq Ft","2026","Near North Side","8","2","41.8983","-87.62404","(41.8983, -87.62404)"
"252269","1143-53 N Lavergne","60651","Residential","> 50,000 Sq Ft","2026","Austin","25","37","41.90126","-87.7508","(41.90126, -87.7508)"
"243108","3600 N Lake Shore Dr","60613","Residential","> 250,000 Sq F","2027","Lake View","6","46","41.94897","-87.64428","(41.94897, -87.64428)"
"175986","1228  W Monroe","60607","Residential","> 50,000 Sq Ft","2025","Near West Side","28","25","41.87399","-87.65168","(41.87399, -87.65168)"
"175894","4900  N Sheridan Rd","60640","Residential","> 50,000 Sq Ft","2025","Uptown","3","48","41.97223","-87.6646","(41.97223, -87.6646)"
"251440","2040 W 62nd St","60636","Municipal","> 50,000 Sq Ft","2025","West Englewood","67","16","41.78167","-87.67568","(41.78167, -87.67568)"
"101177","6901 6921 S Paxton Ave","60649","Residential","> 50,000 Sq Ft","2025","South Shore","43","5","41.76259","-87.57232","(41.76259, -87.57232)"
"101679","8600 W Bryn Mawr Ave","60631","Commercial","> 250,000 Sq Ft","2024","Ohare","76","41","41.98293","-87.84222","(41.98293, -87.84222)"
"172128","1609 - 1641 N Lasalle St","60614","Commercial","> 50,000 Sq Ft","2027","Lincoln Park","7","2","41.91181","-87.63262","(41.91181, -87.63262)"
"101396","4640 N Sheridan Rd","60640","Residential","> 50,000 Sq Ft","2025","Uptown","3","46","41.96653","-87.65508","(41.96653, -87.65508)"
"104431","5948 5958 N Broadway","60660","Residential","> 50,000 Sq Ft","2025","Edgewater","77","48","41.9909","-87.66661","(41.9909, -87.66661)"
"251298","5157 N Francisco Ave","60625","Commercial","> 50,000 Sq Ft","2027","Lincoln Square","4","40","41.97548","-87.70063","(41.97548, -87.70063)"
"260104","5101 5113 S Ingleside Ave","60615","Residential","> 50,000 Sq Ft","2025","Hyde Park","41","5","41.80224","-87.60333","(41.80224, -87.60333)"
"175751","750 N Orleans St","60654","Commercial","> 50,000 Sq Ft","2025","Near North Side","8","42","41.89611","-87.63721","(41.89611, -87.63721)"
"115692","460  E 41st St","60653","Residential","> 50,000 Sq Ft","2025","Grand Boulevard","38","3","41.82021","-87.61247","(41.82021, -87.61247)"
"134911","643 N Orleans St","60654","Commercial","> 50,000 Sq Ft","2027","Near North Side","8","42","41.89365","-87.63707","(41.89365, -87.63707)"
"244592","1901 S Calumet Ave","60616","Residential","> 250,000 Sq F","2027","Near South Side","33","3","41.85622","-87.61864","(41.85622, -87.61864)"
"257027","8711 W Bryn Mawr","60631","Residential","> 50,000 Sq Ft","2026","O'Hare","76","41","41.9991","-87.81389","(41.9991, -87.81389)"
"250098","3245 S Prairie Ave","60616","Residential","> 250,000 Sq F","2027","Douglas","35","3","41.83536","-87.62022","(41.83536, -87.62022)"
"255149","6135-6199 North Lincoln","60659","Commercial","> 50,000 Sq Ft","2025","North Park","13","50","41.99361","-87.69548","(41.99361, -87.69548)"
"240284","2700 N Hampden Ct","60614","Residential","> 50,000 Sq Ft","2025","Lincoln Park","7","43","41.93081","-87.64198","(41.93081, -87.64198)"
"101913","567 W Lake St","60661","Municipal","> 250,000 Sq Ft","2026","Near West Side","28","42","41.88528","-87.64235","(41.88528, -87.64235)"
"251530","5825 S Kostner Ave","60629","Municipal","> 50,000 Sq Ft","2025","West Elsdon","62","13","41.78617","-87.73238","(41.78617, -87.73238)"
"251775","251 N Albany Avenue","60612","Residential","> 50,000 Sq Ft","2025","East Garfield Park","27","27","41.88568","-87.70344","(41.88568, -87.70344)"
"109191","1020 W Bryn Mawr","60660","Commercial","> 50,000 Sq Ft","2025","Edgewater","77","48","41.9909","-87.66661","(41.9909, -87.66661)"
"251412","4255 W Adams","60624","Municipal","> 50,000 Sq Ft","2025","West Garfield Park","26","28","41.87786","-87.7318","(41.87786, -87.7318)"
"251404","1621 W Wabansia Ave","60622","Municipal","> 50,000 Sq Ft","2025","West Town","24","32","41.91241","-87.66859","(41.91241, -87.66859)"
"105936","12 18 W Elm St","60610","Residential","> 50,000 Sq Ft","2025","Near North Side","8","2","41.90375","-87.63559","(41.90375, -87.63559)"
"160211","633 N St Clair St","60611","Residential","> 250,000 Sq Ft","2026","Near North Side","8","42","41.8935","-87.62269","(41.8935, -87.62269)"
"158841","6631 N Bosworth Ave","60626","Municipal","> 50,000 Sq Ft","2025","Rogers Park","1","49","42.00281","-87.66893","(42.00281, -87.66893)"
"252247","222 E Chestnut","60611","Residential","> 50,000 Sq Ft","2025","Near North Side","8","2","41.89847","-87.62109","(41.89847, -87.62109)"
"158412","630 N Rush St","60611","Commercial","> 50,000 Sq Ft","2025","Near North Side","8","42","41.89361","-87.62638","(41.89361, -87.62638)"
"103681","6427-6455 N Sheridan Rd","60626","Residential","> 50,000 Sq Ft","2027","Rogers Park","1","49","41.99972","-87.66065","(41.99972, -87.66065)"
"145926","7301 N Sheridan Rd","60626","Residential","> 50,000 Sq Ft","2025","Rogers Park","1","49","42.01036","-87.6683","(42.01036, -87.6683)"
"256655","1140 N La Salle Dr","60610","Residential","> 50,000 Sq Ft","2026","Near North Side","8","2","41.90423","-87.63823","(41.90423, -87.63823)"
"100856","1901 W Madison St","60612","Commercial","> 250,000 Sq Ft","2025","Near West Side","28","27","41.88068","-87.67418","(41.88068, -87.67418)"
"114638","5543 5559 S Kimbark Ave","60637","Residential","> 50,000 Sq Ft","2026","Hyde Park","41","5","41.78046","-87.60531","(41.78046, -87.60531)"
"254079","3946 N Ravenswood Ave","60613","Residential","> 50,000 Sq Ft","2025","North Center","5","47","41.95431","-87.6618","(41.95431, -87.6618)"
"119223","3500 N Kimball Ave","60618","Commercial","> 50,000 Sq Ft","2025","Avondale","21","35","41.94472","-87.71267","(41.94472, -87.71267)"
"251226","325 W Huron St","60654","Commercial","> 50,000 Sq Ft","2027","Near North Side","8","42","41.89472","-87.63667","(41.89472, -87.63667)"
"146828","1373 1383 W Greenleaf Ave","60626","Residential","> 50,000 Sq Ft","2025","Rogers Park","1","49","42.01036","-87.6683","(42.01036, -87.6683)"
"251213","40 E 9th St","60605","Residential","> 250,000 Sq F","2027","Loop","32","4","41.87078","-87.62642","(41.87078, -87.62642)"
"251884","5631 S Kimbark Ave","60637","Municipal","> 50,000 Sq Ft","2025","Hyde Park","41","5","41.79232","-87.5944","(41.79232, -87.5944)"
"134280","2512  N Bosworth Ave","60614","Residential","> 50,000 Sq Ft","2025","Lincoln Park","7","32","41.92201","-87.65462","(41.92201, -87.65462)"
"257169","4600 N Kenmore","60640","Residential","> 50,000 Sq Ft","2025","Uptown","3","46","41.88323","-87.6324","(41.88323, -87.6324)"
"173760","559 561 W Surf St","60657","Residential","> 50,000 Sq Ft","2025","Lake View","6","44","41.93985","-87.65845","(41.93985, -87.65845)"
"172387","1132 W Blackhawk St","60642","Commercial","> 250,000 Sq Ft","2025","Near North Side","8","27","41.90716","-87.65672","(41.90716, -87.65672)"
"113670","219 227 E Lake Shore Dr","60611","Residential","> 50,000 Sq Ft","2025","Near North Side","8","2","41.89579","-87.62248","(41.89579, -87.62248)"
"102610","420  432 W Ontario St","60654","Residential","> 50,000 Sq Ft","2025","Near North Side","8","42","41.89198","-87.637","(41.89198, -87.637)"
"114200","1515  N Astor St","60610","Residential","> 50,000 Sq Ft","2025","Near North Side","8","43","41.90375","-87.63559","(41.90375, -87.63559)"
"120343","5101 5115 N Sheridan Rd","60640","Residential","> 50,000 Sq Ft","2027","Uptown","3","48","41.97559","-87.65457","(41.97559, -87.65457)"
"162258","541 W Hawthorne Pl","60657","Commercial","> 50,000 Sq Ft","2025","Lake View","6","44","41.94405","-87.64298","(41.94405, -87.64298)"
"252216","5801 N Sheridan Rd","60660","Residential","> 50,000 Sq Ft","2025","Edgewater","77","48","41.9876","-87.65521","(41.9876, -87.65521)"
"250137","75 E Wacker Dr","60601","Residential","> 50,000 Sq Ft","2027","Loop","32","42","41.88778","-87.62566","(41.88778, -87.62566)"
"101537","4532 4542 S Drexel Blvd","60653","Residential","> 50,000 Sq Ft","2025","Kenwood","39","4","41.82021","-87.61247","(41.82021, -87.61247)"
"103271","1344  N Dearborn St","60610","Residential","> 50,000 Sq Ft","2025","Near North Side","8","2","41.90375","-87.63559","(41.90375, -87.63559)"
"256556","727 W Madison St","60661","Residential","> 250,000 Sq F","2025","Near West Side","28","27","41.88316","-87.64374","(41.88316, -87.64374)"
"242655","10 E Delaware Pl","60611","Residential","> 250,000 Sq F","2027","Near North Side","8","42","41.89939","-87.6279","(41.89939, -87.6279)"
"100668","3245 W Arthington St","60624","Commercial","> 250,000 Sq Ft","2025","East Garfield Park","27","24","41.87049","-87.70744","(41.87049, -87.70744)"
"160151","515 N Clark St","60654","Residential","> 250,000 Sq F","2027","Near North Side","8","42","41.89137","-87.63107","(41.89137, -87.63107)"
"159646","337 339 W Barry Ave","60657","Residential","> 50,000 Sq Ft","2025","Lake View","6","44","41.93735","-87.63846","(41.93735, -87.63846)"
"251899","4250 S Rockwell St","60632","Municipal","> 50,000 Sq Ft","2025","Brighton Park","58","15","41.81616","-87.69017","(41.81616, -87.69017)"
"251767","1311 N Halsted","60642","Residential","> 50,000 Sq Ft","2025","Near North Side","8","27","41.90532","-87.64808","(41.90532, -87.64808)"
"252249","4623 W Galdys Ave","60644","Residential","> 50,000 Sq Ft","2025","Austin","25","24","41.87596","-87.74103","(41.87596, -87.74103)"
"101492","4300 N Narragansett","60634","Commercial","> 250,000 Sq Ft","2025","Dunning","17","38","41.95813","-87.78958","(41.95813, -87.78958)"
"164777","840 W Irving Park Rd","60613","Commercial","> 50,000 Sq Ft","2027","Uptown","3","46","41.95455","-87.65138","(41.95455, -87.65138)"
"254094","3041 S Michigan Ave","60616","Residential","> 50,000 Sq Ft","2025","Douglas","35","3","41.84586","-87.62921","(41.84586, -87.62921)"
"103598","222 N Lasalle St","60601","Commercial","> 250,000 Sq Ft","2026","Loop","32","42","41.88652","-87.63324","(41.88652, -87.63324)"
"106042","1211 1217 N Lasalle Dr","60610","Residential","> 50,000 Sq Ft","2025","Near North Side","8","2","41.90375","-87.63559","(41.90375, -87.63559)"
"253996","2100 N Lincoln Park West","60614","Residential","> 50,000 Sq Ft","2025","Lincoln Park","7","43","41.92174","-87.65392","(41.92174, -87.65392)"
"119629","2746 N Clybourn Ave","60614","Commercial","> 50,000 Sq Ft","2025","Lincoln Park","7","32","41.93131","-87.67737","(41.93131, -87.67737)"
"250145","180 N Wabash Ave","60601","Commercial","> 50,000 Sq Ft","2025","Loop","32","42","41.88542","-87.62667","(41.88542, -87.62667)"
"251518","2230 W Mclean Ave","60647","Municipal","> 50,000 Sq Ft","2025","Logan Square","22","32","41.91879","-87.68378","(41.91879, -87.68378)"
"251656","243 N Parkside Ave","60644","Municipal","> 50,000 Sq Ft","2027","Austin","25","29","41.88487","-87.76661","(41.88487, -87.76661)"
"251900","4201 W Henderson St","60641","Municipal","> 50,000 Sq Ft","2025","Irving Park","16","30","41.94127","-87.73388","(41.94127, -87.73388)"
"101657","1329 1337 W Touhy Ave","60626","Residential","> 50,000 Sq Ft","2025","Rogers Park","1","49","42.01036","-87.6683","(42.01036, -87.6683)"
"251759","5900 N Winthrop Ave","60660","Municipal","> 50,000 Sq Ft","2025","Edgewater","77","48","41.9892","-87.65862","(41.9892, -87.65862)"
"250091","4030 S Lake Park Ave","60653","Residential","> 50,000 Sq Ft","2027","Oakland","36","4","41.82184","-87.60246","(41.82184, -87.60246)"
"103767","11 S Lasalle St","60603","Residential","> 250,000 Sq F","2027","Loop","32","42","41.88177","-87.63194","(41.88177, -87.63194)"
"251737","2022 W Washington Blvd","60612","Municipal","> 50,000 Sq Ft","2025","Near West Side","28","27","41.88336","-87.67765","(41.88336, -87.67765)"
"244747","201 N Westshore Dr","60601","Residential","> 250,000 Sq F","2027","Loop","32","42","41.88627","-87.616","(41.88627, -87.616)"
"102987","4048  S Lake Park Ave","60653","Residential","> 50,000 Sq Ft","2025","Oakland","36","4","41.82021","-87.61247","(41.82021, -87.61247)"
"102365","4015 N Ashland Ave","60613","Municipal","> 250,000 Sq Ft","2025","Lake View","6","47","41.95525","-87.6686","(41.95525, -87.6686)"
"257194","3000-3048 S. Halsted Street","60608","Commercial","> 50,000 Sq Ft","2025","Bridgeport","60","11","41.88323","-87.6324","(41.88323, -87.6324)"
"255150","4756-4770  South Kedzie Avenue","60632","Commercial","> 50,000 Sq Ft","2025","Brighton Park","58","14","41.8145","-87.70299","(41.8145, -87.70299)"
"114874","4900 4918 S Drexel Blvd","60615","Residential","> 50,000 Sq Ft","2025","Kenwood","39","4","41.80224","-87.60333","(41.80224, -87.60333)"
"101032","5110  S Dr Martin Luther King Jr Dr","60615","Residential","> 50,000 Sq Ft","2025","Washington Heights","73","3","41.80224","-87.60333","(41.80224, -87.60333)"
"113632","1130 N Lake Shore Dr","60611","Residential","> 50,000 Sq Ft","2025","Near North Side","8","2","41.89579","-87.62247","(41.89579, -87.62247)"
"229057","2740 N Pine Grove Ave","60614","Residential","> 50,000 Sq Ft","2025","Lincoln Park","7","43","41.93214","-87.64142","(41.93214, -87.64142)"
"160427","5844 S Stony Island Ave","60637","Residential","> 250,000 Sq F","2027","Hyde Park","41","5","41.78849","-87.5871","(41.78849, -87.5871)"
"250044","10309 S Morgan St","60643","Municipal","> 50,000 Sq Ft","2025","Washington Heights","73","34","41.7066","-87.64706","(41.7066, -87.64706)"
"251679","3320 W Hirsch St","60651","Municipal","> 50,000 Sq Ft","2025","Humboldt Park","23","26","41.90669","-87.71051","(41.90669, -87.71051)"
"113487","1340  N Dearborn St","60610","Residential","> 50,000 Sq Ft","2025","Near North Side","8","2","41.90375","-87.63559","(41.90375, -87.63559)"
"256856","3444 N Elaine Pl","60657","Residential","> 50,000 Sq Ft","2025","Lake View","6","44","41.9397","-87.66901","(41.9397, -87.66901)"
"101918","205 W Randolph St","60606","Commercial","> 50,000 Sq Ft","2025","Loop","32","42","41.88411","-87.63418","(41.88411, -87.63418)"
"104263","444 454 W Melrose St","60657","Residential","> 50,000 Sq Ft","2025","Lake View","6","44","41.93985","-87.65845","(41.93985, -87.65845)"
"134965","176 W Washington St","60602","Commercial","> 50,000 Sq Ft","2025","Loop","32","42","41.88345","-87.63336","(41.88345, -87.63336)"
"254155","5700 North Harlem Avenue","60631","Commercial","> 50,000 Sq Ft","2025","Norwood Park","10","41","41.99993","-87.81741","(41.99993, -87.81741)"
"256678","14 N Peoria Street","60607","Residential","> 50,000 Sq Ft","2026","Near West Side","28","34","41.88119","-87.65437","(41.88119, -87.65437)"
"251658","1040 N Keeler Ave","60651","Municipal","> 50,000 Sq Ft","2027","Humboldt Park","23","37","41.9003","-87.73182","(41.9003, -87.73182)"
"251220","304 S State St","60604","Commercial","> 50,000 Sq Ft","2025","Loop","32","4","41.87795","-87.62805","(41.87795, -87.62805)"
"172707","4006 4016 N Austin Ave","60634","Residential","> 50,000 Sq Ft","2025","Portage Park","15","38","41.9453","-87.80187","(41.9453, -87.80187)"
"105391","6253  S Michigan Ave","60637","Residential","> 50,000 Sq Ft","2024","Washington Heights","73","20","41.78046","-87.60531","(41.78046, -87.60531)"
"173757","431  W Oakdale Ave","60657","Residential","> 50,000 Sq Ft","2025","Lake View","6","44","41.93985","-87.65845","(41.93985, -87.65845)"
"254361","201 N Garland Ct","60601","Residential","> 250,000 Sq F","2025","Loop","32","42","41.88582","-87.62537","(41.88582, -87.62537)"
"101567","53 W Jackson Blvd","60604","Commercial","> 250,000 Sq Ft","2027","Loop","32","4","41.87752","-87.62955","(41.87752, -87.62955)"
"256966","6445 W Strong Street","60656","Commercial","> 50,000 Sq Ft","2025","Norwood Park","10","41","41.97636","-87.80108","(41.97636, -87.80108)"
"257189","852-854 W. Sunnyside Ave","60640","Residential","> 50,000 Sq Ft","2025","Uptown","3","46","41.88323","-87.6324","(41.88323, -87.6324)"
"130442","210 N Green St","60607","Commercial","> 50,000 Sq Ft","2026","Near West Side","28","27","41.8863","-87.64919","(41.8863, -87.64919)"
"148904","3727 3741 N Milwaukee Ave","60641","Residential","> 50,000 Sq Ft","2025","Irving Park","16","45","41.94615","-87.74708","(41.94615, -87.74708)"
"102284","330 W Diversey Pkwy","60657","Residential","> 250,000 Sq F","2027","Lake View","6","44","41.93294","-87.63875","(41.93294, -87.63875)"
"252318","7600 N Bosworth","60626","Residential","> 50,000 Sq Ft","2025","Rogers Park","1","49","42.01945","-87.66951","(42.01945, -87.66951)"
"251669","3651 W Schubert Ave","60647","Municipal","> 50,000 Sq Ft","2025","Logan Square","22","35","41.92992","-87.71919","(41.92992, -87.71919)"
"251705","7025 S Princeton Ave","60621","Municipal","> 50,000 Sq Ft","2025","Greater Grand Crossing","69","6","41.76677","-87.63189","(41.76677, -87.63189)"
"103653","350 N Orleans St","60654","Commercial","> 250,000 Sq Ft","2026","Near North Side","8","42","41.88852","-87.63778","(41.88852, -87.63778)"
"158958","7531 S Stony Island Ave","60649","Commercial","> 250,000 Sq Ft","2025","South Shore","43","8","41.75764","-87.58518","(41.75764, -87.58518)"
"101703","1606  E 50th Pl","60615","Residential","> 50,000 Sq Ft","2025","Kenwood","39","5","41.80224","-87.60333","(41.80224, -87.60333)"
"251272","8331 S Stewart Ave","60620","Commercial","> 50,000 Sq Ft","2025","Chatham","44","21","41.7425","-87.63405","(41.7425, -87.63405)"
"173455","521 531 S Dearborn St","60605","Residential","> 50,000 Sq Ft","2025","Loop","32","4","41.86863","-87.62731","(41.86863, -87.62731)"
"174126","3454 - 3620 E 118th St","60617","Commercial","> 50,000 Sq Ft","2025","Hegewisch","55","10","41.68095","-87.53555","(41.68095, -87.53555)"
"251914","838 W Marquette Rd","60621","Municipal","> 50,000 Sq Ft","2025","Englewood","68","6","41.77278","-87.64643","(41.77278, -87.64643)"
"260088","5839  S Harlem Ave","60638","Commercial","> 50,000 Sq Ft","2025","Garfield Ridge","56","23","41.78388","-87.78156","(41.78388, -87.78156)"
"251420","5516 S Maplewood Ave","60629","Municipal","> 50,000 Sq Ft","2025","Gage Park","63","15","41.7933","-87.68838","(41.7933, -87.68838)"
"172394","26 N Halsted St","60661","Commercial","> 50,000 Sq Ft","2027","Near West Side","28","27","41.88261","-87.64773","(41.88261, -87.64773)"
"252039","5604 - 5620 S Ellis Ave","60637","Commercial","> 50,000 Sq Ft","2027","Hyde Park","41","5","41.79304","-87.60136","(41.79304, -87.60136)"
"164965","2653 W Ogden Ave","60608","Commercial","> 50,000 Sq Ft","2025","North Lawndale","29","28","41.86174","-87.69294","(41.86174, -87.69294)"
"254327","3125 W Fullerton","60647","Residential","> 50,000 Sq Ft","2025","Logan Square","22","32","41.91724","-87.6849","(41.91724, -87.6849)"
"100211","73 E Lake St","60601","Residential","> 250,000 Sq F","2027","Loop","32","42","41.88524","-87.62547","(41.88524, -87.62547)"
"251411","834 E 50th St","60615","Municipal","> 50,000 Sq Ft","2025","Kenwood","39","4","41.80456","-87.60536","(41.80456, -87.60536)"
"157158","2800 S Ashland Ave","60608","Commercial","> 250,000 Sq Ft","2027","Lower West Side","31","25","41.84193","-87.66808","(41.84193, -87.66808)"
"173857","5230 5244 N Sheridan Rd","60640","Residential","> 50,000 Sq Ft","2025","Edgewater","77","48","41.97223","-87.6646","(41.97223, -87.6646)"
"251486","7831 S Prairie Ave","60619","Municipal","> 50,000 Sq Ft","2025","Greater Grand Crossing","69","6","41.75228","-87.61759","(41.75228, -87.61759)"
"251558","3525 S. Honroe","60609","Municipal","> 50,000 Sq Ft","2025","McKinley Park","59","12","41.8297","-87.67124","(41.8297, -87.67124)"
"159411","1130 S Michigan Ave","60605","Residential","> 250,000 Sq F","2025","Loop","32","4","41.8685","-87.6247","(41.8685, -87.6247)"
"122005","5320 S Pulaski Rd","60632","Commercial","> 50,000 Sq Ft","2026","West Elsdon","62","23","41.79586","-87.72503","(41.79586, -87.72503)"
"251230","1448 N Lake Shore Dr","60610","Residential","> 50,000 Sq Ft","2025","Near North Side","8","43","41.90933","-87.62655","(41.90933, -87.62655)"
"256777","939 W Washington Blvd","60607","Residential","> 250,000 Sq F","2025","Near West Side","28","25","41.88321","-87.65877","(41.88321, -87.65877)"
"160279","151 - 155 N Michigan Ave","60601","Residential","> 250,000 Sq F","2027","Loop","32","42","41.88468","-87.62412","(41.88468, -87.62412)"
"158874","5800 S Stony Island Ave","60637","Commercial","> 50,000 Sq Ft","2027","Hyde Park","41","5","41.78956","-87.58709","(41.78956, -87.58709)"
"101519","7430  S Rockwell St","60629","Commercial","> 50,000 Sq Ft","2025","Chicago Lawn","66","18","41.77517","-87.7139","(41.77517, -87.7139)"
"146897","1624  W Division St","60622","Residential","> 50,000 Sq Ft","2027","West Town","24","1","41.90225","-87.68448","(41.90225, -87.68448)"
"171878","1501 N Oakley Blvd","60622","Commercial","> 50,000 Sq Ft","2024","West Town","24","1","41.90877","-87.68434","(41.90877, -87.68434)"
"252219","5555 S Everett Ave","60637","Residential","> 50,000 Sq Ft","2027","Hyde Park","41","5","41.79374","-87.58243","(41.79374, -87.58243)"
"175542","3260  N Lake Shore Dr","60657","Residential","> 250,000 Sq F","2025","Lake View","6","44","41.93985","-87.65845","(41.93985, -87.65845)"
"175914","5225  S Harper Ave","60615","Residential","> 50,000 Sq Ft","2025","Hyde Park","41","4","41.80224","-87.60333","(41.80224, -87.60333)"
"260032","1616  E 50th Pl","60615","Residential","> 50,000 Sq Ft","2025","Kenwood","39","5","41.80224","-87.60333","(41.80224, -87.60333)"
"257198","1237 N California Ave","60622","Residential","> 50,000 Sq Ft",,"West Town","24","26","41.90315","-87.68142","(41.90315, -87.68142)"
"175320","240 W 107th Pl","60628","Residential","> 50,000 Sq Ft","2027","Roseland","49","34","41.69755","-87.61478","(41.69755, -87.61478)"
"251996","1600 S Prairie Ave","60616","Residential","> 250,000 Sq F","2026","Near South Side","33","3","41.85995","-87.62128","(41.85995, -87.62128)"
"250148","8 S Michigan Ave","60603","Commercial","> 50,000 Sq Ft","2025","Loop","32","42","41.88174","-87.62452","(41.88174, -87.62452)"
"251407","2851 N Seminary Ave","60657","Municipal","> 50,000 Sq Ft","2025","Lake View","6","44","41.93398","-87.65583","(41.93398, -87.65583)"
"172679","1740 N Kostner Ave","60639","Commercial","> 250,000 Sq Ft","2025","Humboldt Park","23","36","41.91269","-87.73621","(41.91269, -87.73621)"
"107939","5040 N Kenmore Ave","60640","Residential","> 50,000 Sq Ft","2027","Uptown","3","48","41.97223","-87.6646","(41.97223, -87.6646)"
"251367","5900 N Nina Ave","60631","Municipal","> 50,000 Sq Ft","2025","Norwood Park","10","41","41.98925","-87.80266","(41.98925, -87.80266)"
"255948","728 N Morgan St","60642","Residential","> 250,000 Sq F","2025","West Town","24","27","41.89598","-87.66056","(41.89598, -87.66056)"
"117509","1500 1554 E 55th St","60615","Commercial","> 50,000 Sq Ft","2027","Hyde Park","41","5","41.79553","-87.58809","(41.79553, -87.58809)"
"146019","4730  N Kimball Ave","60625","Residential","> 50,000 Sq Ft","2025","Albany Park","14","33","41.97208","-87.70235","(41.97208, -87.70235)"
"138605","3300 W Belmont Ave","60618","Commercial","> 50,000 Sq Ft","2024","Avondale","21","35","41.93935","-87.71016","(41.93935, -87.71016)"
"175447","7601 S Kostner Ave","60652","Commercial","> 50,000 Sq Ft","2025","West Lawn","65","18","41.75453","-87.73191","(41.75453, -87.73191)"
"257112","1802 W Berenice Ave","60613","Residential","> 50,000 Sq Ft","2025","North Center","5","47","41.95459","-87.67062","(41.95459, -87.67062)"
"113688","70 76 E Cedar St","60611","Residential","> 50,000 Sq Ft","2025","Near North Side","8","2","41.89579","-87.62248","(41.89579, -87.62248)"
"137704","346 N Justine St","60607","Commercial","> 50,000 Sq Ft","2024","Near West Side","28","27","41.88804","-87.66592","(41.88804, -87.66592)"
"251391","533 W 27th St","60616","Municipal","> 50,000 Sq Ft","2025","Bridgeport","60","11","41.84421","-87.64112","(41.84421, -87.64112)"
"159529","700 N Michigan Ave","60611","Commercial","> 50,000 Sq Ft","2025","Near North Side","8","42","41.89534","-87.62494","(41.89534, -87.62494)"
"251382","24 W Walton St","60610","Municipal","> 50,000 Sq Ft","2025","Near North Side","8","2","41.90029","-87.62906","(41.90029, -87.62906)"
"160137","610 S Canal St","60607","Commercial","> 250,000 Sq Ft","2025","Near West Side","28","25","41.87398","-87.64002","(41.87398, -87.64002)"
"159897","5454 S Shore Dr","60615","Residential","> 250,000 Sq F","2025","Hyde Park","41","5","41.79624","-87.5815","(41.79624, -87.5815)"
"254169","6350 N Kenmore Ave","60660","Residential","> 50,000 Sq Ft","2027","Edgewater","77","48","41.99791","-87.6572","(41.99791, -87.6572)"
"160260","441 E Erie St","60611","Residential","> 250,000 Sq F","2025","Near North Side","8","42","41.89423","-87.61662","(41.89423, -87.61662)"
"254409","728 W Jackson Blvd","60661","Residential","> 250,000 Sq F","2027","Near West Side","28","42","41.8819","-87.64288","(41.8819, -87.64288)"
"105339","5306  N Cumberland Ave","60656","Residential","> 50,000 Sq Ft","2025","Ohare","76","41","41.97087","-87.79893","(41.97087, -87.79893)"
"101784","430 S Michigan Ave","60605","Commercial","> 250,000 Sq Ft","2027","Loop","32","42","41.87603","-87.62519","(41.87603, -87.62519)"
"160322","210 N Wells St","60606","Residential","> 250,000 Sq F","2025","Loop","32","42","41.88603","-87.63398","(41.88603, -87.63398)"
"160363","222 W Erie St","60654","Residential","> 250,000 Sq F","2025","Near North Side","8","42","41.894","-87.63453","(41.894, -87.63453)"
"114543","1755  E 55th St","60615","Residential","> 50,000 Sq Ft","2025","Hyde Park","41","5","41.80224","-87.60333","(41.80224, -87.60333)"
"257068","868 N Wells St","60610","Residential","> 250,000 Sq F",,"Near North Side","8","27","41.90434","-87.63448","(41.90434, -87.63448)"
"232398","1040 N Lake Shore Dr","60611","Residential","> 250,000 Sq F","2027","Near North Side","8","42","41.90201","-87.62472","(41.90201, -87.62472)"
"104931","4600 4616 N Winchester Ave","60640","Residential","> 50,000 Sq Ft","2025","Lincoln Square","4","47","41.97223","-87.6646","(41.97223, -87.6646)"
"158380","104 S Michigan Ave","60603","Commercial","> 50,000 Sq Ft","2025","Loop","32","42","41.88065","-87.62496","(41.88065, -87.62496)"
"101794","225 W Wacker Dr","60606","Commercial","> 250,000 Sq Ft","2025","Loop","32","42","41.88629","-87.63508","(41.88629, -87.63508)"
"251236","1120 N Lake Shore Dr","60611","Residential","> 50,000 Sq Ft","2025","Near North Side","8","2","41.90307","-87.62514","(41.90307, -87.62514)"
"239946","310 S Michigan Ave","60604","Residential","> 250,000 Sq F","2027","Loop","32","42","41.87797","-87.62489","(41.87797, -87.62489)"
"158422","600 W Fulton St","60661","Commercial","> 50,000 Sq Ft","2027","Near West Side","28","42","41.88716","-87.64325","(41.88716, -87.64325)"
"250072","3939 - 3983 S Lake Park Ave","60653","Residential","> 250,000 Sq F","2027","Oakland","36","4","41.82392","-87.60269","(41.82392, -87.60269)"
"240122","6 N Michigan Ave","60602","Residential","> 250,000 Sq F","2025","Loop","32","42","41.88219","-87.62457","(41.88219, -87.62457)"
"256247","2710 N. Clark St","60614","Residential","> 50,000 Sq Ft","2026","Lincoln Park","7","43","41.9222","-87.64961","(41.9222, -87.64961)"
"257117","225 N Elizabeth St","60607","Commercial","> 250,000 Sq Ft","2025","Near West Side","28","27","41.88321","-87.65877","(41.88321, -87.65877)"
"252088","8444 W Wilson Ave","60656","Residential","> 50,000 Sq Ft","2026","Ohare","76","38","41.96376","-87.83853","(41.96376, -87.83853)"
"136695","3636 3646 S Iron St","60609","Commercial","> 50,000 Sq Ft","2025","McKinley Park","59","11","41.82776","-87.65953","(41.82776, -87.65953)"
"160067","505 N Michigan Ave","60611","Residential","> 250,000 Sq F","2027","Near North Side","8","42","41.8912","-87.62409","(41.8912, -87.62409)"
"250176","10510 W Zemke Rd","60666","Commercial","> 250,000 Sq Ft","2027","Ohare","76","41","41.9949","-87.88775","(41.9949, -87.88775)"
"101674","8700 W Bryn Mawr Ave","60631","Commercial","> 250,000 Sq Ft","2024","Ohare","76","41","41.98172","-87.84446","(41.98172, -87.84446)"
"175281","3740  N Pine Grove Ave","60613","Residential","> 50,000 Sq Ft","2025","Lake View","6","46","41.95402","-87.66203","(41.95402, -87.66203)"
"256656","2600 North Kedzie Ave","60647","Residential","> 50,000 Sq Ft","2025","Logan Square","22","35","41.88425","-87.63245","(41.88425, -87.63245)"
"239695","1550 N Lake Shore Dr","60610","Residential","> 250,000 Sq F","2025","Near North Side","8","43","41.91098","-87.62674","(41.91098, -87.62674)"
"251448","6515 S Ashland Ave","60636","Commercial","> 50,000 Sq Ft","2026","West Englewood","67","16","41.77519","-87.66368","(41.77519, -87.66368)"
"251564","5740 S Michigan Ave","60637","Municipal","> 50,000 Sq Ft","2025","Washington Heights","73","20","41.78972","-87.62328","(41.78972, -87.62328)"
"251592","3121 W Byron St","60618","Municipal","> 50,000 Sq Ft","2025","Irving Park","16","33","41.95163","-87.70631","(41.95163, -87.70631)"
"257062","1044 W Van Buren St","60607","Residential","> 50,000 Sq Ft","2025","Near West Side","28","25","41.88321","-87.65877","(41.88321, -87.65877)"
"160186","733 W Madison St","60661","Residential","> 50,000 Sq Ft","2025","Near West Side","28","27","41.88177","-87.64675","(41.88177, -87.64675)"
"121222","4500  N Winchester Ave","60640","Residential","> 50,000 Sq Ft","2025","Lincoln Square","4","47","41.97223","-87.6646","(41.97223, -87.6646)"
"161147","72 E 11th St","60605","Commercial","> 50,000 Sq Ft","2027","Loop","32","4","41.86955","-87.62509","(41.86955, -87.62509)"
"148504","6000 6038 N Cicero Ave","60646","Residential","> 50,000 Sq Ft","2025","Forest Glen","12","39","41.99946","-87.7712","(41.99946, -87.7712)"
"250111","1414 N Damen Ave","60622","Residential","> 50,000 Sq Ft","2027","West Town","24","1","41.90765","-87.67779","(41.90765, -87.67779)"
"159424","2951 S King Dr","60616","Residential","> 250,000 Sq F","2027","Douglas","35","4","41.84051","-87.61621","(41.84051, -87.61621)"
"158472","8 W Monroe St","60603","Residential","> 250,000 Sq F","2025","Loop","32","42","41.88096","-87.6278","(41.88096, -87.6278)"
"160294","1629 S Prairie Ave","60616","Residential","> 250,000 Sq F","2027","Near South Side","33","3","41.8595","-87.62037","(41.8595, -87.62037)"
"105619","521 541 W Wellington Ave","60657","Residential","> 50,000 Sq Ft","2025","Lake View","6","44","41.93985","-87.65845","(41.93985, -87.65845)"
"101776","151 E Wacker Dr","60601","Residential","> 250,000 Sq F","2027","Loop","32","42","41.8877","-87.62267","(41.8877, -87.62267)"
"251437","2400 S Marshall Blvd","60623","Municipal","> 50,000 Sq Ft","2025","South Lawndale","30","12","41.84763","-87.69982","(41.84763, -87.69982)"
"251792","7801 S Throop St","60620","Commercial","> 50,000 Sq Ft","2026","Auburn Gresham","71","17","41.752","-87.65495","(41.752, -87.65495)"
"120965","1615 S Clark St","60616","Commercial","> 50,000 Sq Ft","2027","Near South Side","33","3","41.85989","-87.63022","(41.85989, -87.63022)"
"147855","170  W Polk St","60605","Residential","> 50,000 Sq Ft","2027","Loop","32","4","41.86863","-87.62731","(41.86863, -87.62731)"
"101559","77 W Jackson","60604","Commercial","> 250,000 Sq Ft","2025","Loop","32","4","41.87756","-87.63041","(41.87756, -87.63041)"
"100433","2233 W Division St","60622","Commercial","> 250,000 Sq Ft","2027","West Town","24","2","41.90252","-87.68336","(41.90252, -87.68336)"
"159187","727 E 60th St","60637","Residential","> 250,000 Sq F","2025","Woodlawn","42","20","41.78555","-87.60744","(41.78555, -87.60744)"
"237359","5555 N Sheridan Rd","60640","Residential","> 250,000 Sq F","2025","Edgewater","77","48","41.98321","-87.65462","(41.98321, -87.65462)"
"160336","1401 S Blue Island Ave","60608","Residential","> 50,000 Sq Ft","2025","Near West Side","28","25","41.86302","-87.65536","(41.86302, -87.65536)"
"104095","4600 4650 W Diversey Ave","60639","Commercial","> 50,000 Sq Ft","2025","Hermosa","20","31","41.93162","-87.74253","(41.93162, -87.74253)"
"251748","5600 S Rockwell St","60629","Municipal","> 50,000 Sq Ft","2025","Gage Park","63","15","41.79186","-87.68891","(41.79186, -87.68891)"
"243913","990 N Lake Shore Dr","60611","Residential","> 250,000 Sq F","2027","Near North Side","8","2","41.90026","-87.6199","(41.90026, -87.6199)"
"239488","1111 S Wabash Ave","60605","Residential","> 250,000 Sq F","2027","Loop","32","4","41.86876","-87.62537","(41.86876, -87.62537)"
"117948","5130  W Jackson Blvd","60644","Commercial","> 50,000 Sq Ft","2025","Austin","25","28","41.88039","-87.75827","(41.88039, -87.75827)"
"155614","3447 3457 W Foster Ave","60625","Residential","> 50,000 Sq Ft","2025","North Park","13","39","41.97208","-87.70235","(41.97208, -87.70235)"
"113540","1  E Schiller St","60610","Residential","> 50,000 Sq Ft","2025","Near North Side","8","43","41.90375","-87.63559","(41.90375, -87.63559)"
"251874","7424 S Morgan St","60621","Municipal","> 50,000 Sq Ft","2027","Englewood","68","17","41.75901","-87.64938","(41.75901, -87.64938)"
"233591","40 E Cedar St","60611","Residential","> 50,000 Sq Ft","2025","Near North Side","8","2","41.90272","-87.62691","(41.90272, -87.62691)"
"254107","811 S Lytle St","60607","Residential","> 50,000 Sq Ft","2025","Near West Side","28","28","41.8743","-87.65018","(41.8743, -87.65018)"
"251593","13221 S Burley","60633","Municipal","> 50,000 Sq Ft","2025","Hegewisch","55","10","41.65509","-87.54469","(41.65509, -87.54469)"
"173767","426  W Belmont Ave","60657","Residential","> 50,000 Sq Ft","2024","Lake View","6","44","41.93985","-87.65845","(41.93985, -87.65845)"
"172762","711 S Dearborn St","60605","Residential","> 50,000 Sq Ft","2025","Loop","32","4","41.86863","-87.62731","(41.86863, -87.62731)"
"251532","5145 N Leavitt St","60625","Municipal","> 50,000 Sq Ft","2025","Lincoln Square","4","40","41.97509","-87.68422","(41.97509, -87.68422)"
"238266","25 E Superior St","60611","Residential","> 250,000 Sq F","2025","Near North Side","8","42","41.8953","-87.62728","(41.8953, -87.62728)"
"256837","2150 S Canalport Avenue","60608","Commercial","> 50,000 Sq Ft","2027","Lower West Side","31","25","41.85904","-87.66014","(41.85904, -87.66014)"
"156413","936 N Ashland Ave","60622","Municipal","> 250,000 Sq Ft","2025","West Town","24","1","41.89879","-87.66808","(41.89879, -87.66808)"
"251777","6345 S Stewart","60621","Residential","> 50,000 Sq Ft","2025","Englewood","68","20","41.77851","-87.63461","(41.77851, -87.63461)"
"103743","33 N Dearborn St","60602","Commercial","> 250,000 Sq Ft","2024","Loop","32","42","41.88287","-87.62904","(41.88287, -87.62904)"
"159980","7345 S South Shore Dr","60649","Residential","> 50,000 Sq Ft","2025","South Shore","43","7","41.7632","-87.55908","(41.7632, -87.55908)"
"251902","900 W Wilson Ave","60640","Municipal","> 50,000 Sq Ft","2025","Uptown","3","46","41.96605","-87.6522","(41.96605, -87.6522)"
"243596","4250 N Marine Dr","60613","Residential","> 250,000 Sq F","2027","Uptown","3","46","41.9603","-87.64752","(41.9603, -87.64752)"
"103606","233 S Wacker Dr","60606","Commercial","> 250,000 Sq Ft","2026","Loop","32","42","41.87888","-87.63587","(41.87888, -87.63587)"
"160399","400 N Mcclurg Ct","60611","Residential","> 250,000 Sq F","2026","Near North Side","8","42","41.8892","-87.61813","(41.8892, -87.61813)"
"119552","1220 S Ashland Ave","60608","Commercial","> 50,000 Sq Ft","2026","Near West Side","28","28","41.8659","-87.6686","(41.8659, -87.6686)"
"260123","5355 5371 N Delphia Ave","60656","Residential","> 50,000 Sq Ft","2025","Ohare","76","41","41.97087","-87.79893","(41.97087, -87.79893)"
"174228","3330 N Western Ave","60618","Commercial","> 50,000 Sq Ft","2025","North Center","5","47","41.94134","-87.68999","(41.94134, -87.68999)"
"173639","123 W Madison St","60602","Commercial","> 50,000 Sq Ft","2025","Loop","32","42","41.88195","-87.63132","(41.88195, -87.63132)"
"172110","1260  N Dearborn St","60610","Residential","> 50,000 Sq Ft","2025","Near North Side","8","2","41.90375","-87.63559","(41.90375, -87.63559)"
"251337","2350 N Racine Ave","60614","Commercial","> 50,000 Sq Ft","2027","Lincoln Park","7","43","41.92467","-87.65847","(41.92467, -87.65847)"
"251231","211 W Scott St","60610","Residential","> 50,000 Sq Ft","2025","Near North Side","8","2","41.90493","-87.6349","(41.90493, -87.6349)"
"101185","350 E Cermak","60616","Commercial","> 250,000 Sq Ft","2027","Near South Side","33","3","41.85369","-87.61836","(41.85369, -87.61836)"
"160085","55 E Pearson St","60611","Residential","> 250,000 Sq F","2027","Near North Side","8","42","41.89727","-87.62635","(41.89727, -87.62635)"
"255935","6253 S Cottage Grove Ave","60637","Residential","> 50,000 Sq Ft","2025","Woodlawn","42","20","41.78456","-87.61478","(41.78456, -87.61478)"
"251474","3500 N Hoyne Ave","60618","Municipal","> 50,000 Sq Ft","2025","North Center","5","47","41.94541","-87.68145","(41.94541, -87.68145)"
"124312","5033 N Elston Ave","60630","Commercial","> 50,000 Sq Ft","2025","Albany Park","14","39","41.97217","-87.7467","(41.97217, -87.7467)"
"250034","5917 N Broadway Ave","60660","Municipal","> 50,000 Sq Ft","2025","Edgewater","77","48","41.98914","-87.65967","(41.98914, -87.65967)"
"160219","660 N State St","60654","Residential","> 50,000 Sq Ft","2026","Near North Side","8","42","41.89425","-87.62816","(41.89425, -87.62816)"
"257130","3817 N Ashland Ave","60613","Residential","> 50,000 Sq Ft","2025","Lake View","6","47","41.95459","-87.67062","(41.95459, -87.67062)"
"172298","122-134 S Aberdeen St","60607","Residential","> 50,000 Sq Ft","2025","Near West Side","28","25","41.87921","-87.65674","(41.87921, -87.65674)"
"173858","6339 N Sheridan Rd","60660","Commercial","> 50,000 Sq Ft","2027","Edgewater","77","48","41.99781","-87.65505","(41.99781, -87.65505)"
"111555","300 W North Ave","60610","Residential","> 50,000 Sq Ft","2025","Lincoln Park","7","27","41.90384","-87.63668","(41.90384, -87.63668)"
"257153","1135 S Delano Ct E","60605","Commercial","> 250,000 Sq Ft","2027","Loop","32","34","41.86901","-87.62584","(41.86901, -87.62584)"
"172584","3986 W Barry Ave","60618","Commercial","> 50,000 Sq Ft","2025","Avondale","21","30","41.93769","-87.72679","(41.93769, -87.72679)"
"256426","35 W 33rd Street","60616","Commercial","> 50,000 Sq Ft","2025","Douglas","35","3","41.84233","-87.62715","(41.84233, -87.62715)"
"113726","227 239 E Delaware Pl","60611","Residential","> 50,000 Sq Ft","2025","Near North Side","8","2","41.89579","-87.62248","(41.89579, -87.62248)"
"147685","30  W Erie St","60654","Residential","> 50,000 Sq Ft","2025","Near North Side","8","42","41.89198","-87.637","(41.89198, -87.637)"
"112638","1100 S Hamilton Ave","60612","Commercial","> 250,000 Sq Ft","2025","Near West Side","28","27","41.86749","-87.6803","(41.86749, -87.6803)"
"166122","1628 W Washington Blvd","60612","Municipal","> 250,000 Sq Ft","2027","Near West Side","28","27","41.88332","-87.66759","(41.88332, -87.66759)"
"175264","2753 W North Ave","60647","Commercial","> 50,000 Sq Ft","2025","West Town","24","26","41.91","-87.69653","(41.91, -87.69653)"
"257025","700 W. Chicago Ave.","60654","Commercial","> 50,000 Sq Ft","2025","West Town","24","27","41.8924","-87.6338","(41.8924, -87.6338)"
"103638","1400 S Lake Shore Dr","60605","Commercial","> 250,000 Sq Ft","2025","Near South Side","33","4","41.86621","-87.61703","(41.86621, -87.61703)"
"251620","4600 S Hermitage Ave","60609","Municipal","> 50,000 Sq Ft","2025","New City","61","15","41.8099","-87.66901","(41.8099, -87.66901)"
"175130","5925  N Paulina St","60660","Residential","> 50,000 Sq Ft","2025","Edgewater","77","40","41.9909","-87.66661","(41.9909, -87.66661)"
"256888","318 N Carpenter St","60607","Commercial","> 50,000 Sq Ft","2026","Near West Side","28","27","41.88321","-87.65877","(41.88321, -87.65877)"
"104278","429 431 W Roscoe St","60657","Residential","> 50,000 Sq Ft","2025","Lake View","6","44","41.93985","-87.65845","(41.93985, -87.65845)"
"119450","2656 N Elston Ave","60647","Commercial","> 250,000 Sq Ft","2027","Logan Square","22","32","41.92859","-87.68499","(41.92859, -87.68499)"
"113621","1414  N Wells St","60610","Residential","> 50,000 Sq Ft","2024","Near North Side","8","27","41.90375","-87.63559","(41.90375, -87.63559)"
"251511","3825 S Washtenaw Ave","60632","Municipal","> 50,000 Sq Ft","2027","Brighton Park","58","12","41.82369","-87.69186","(41.82369, -87.69186)"
"251529","6333 W Bloomingdale Ave","60639","Municipal","> 50,000 Sq Ft","2025","Austin","25","29","41.91279","-87.78313","(41.91279, -87.78313)"
"120876","224 N Desplaines St","60661","Commercial","> 50,000 Sq Ft","2025","Near West Side","28","42","41.88651","-87.64428","(41.88651, -87.64428)"
"105490","5620 5626 N Kenmore Ave","60660","Residential","> 50,000 Sq Ft","2025","Edgewater","77","48","41.9909","-87.66661","(41.9909, -87.66661)"
"251466","3615 W 16th St","60623","Municipal","> 50,000 Sq Ft","2025","North Lawndale","29","24","41.85849","-87.71581","(41.85849, -87.71581)"
"251396","2819 W 21st Pl","60623","Municipal","> 50,000 Sq Ft","2025","South Lawndale","30","12","41.85254","-87.6963","(41.85254, -87.6963)"
"171880","515 517 N Noble St","60642","Residential","> 50,000 Sq Ft","2025","West Town","24","1","41.89983","-87.65764","(41.89983, -87.65764)"
"144572","5301 5331 S Kimbark Ave","60615","Residential","> 50,000 Sq Ft","2027","Hyde Park","41","4","41.80224","-87.60333","(41.80224, -87.60333)"
"160330","901 E 104th St","60628","Residential","> 250,000 Sq F","2025","Pullman","50","9","41.70541","-87.60227","(41.70541, -87.60227)"
"115046","4200 4212 N Marine Dr","60613","Residential","> 50,000 Sq Ft","2025","Uptown","3","46","41.95402","-87.66203","(41.95402, -87.66203)"
"174209","150  W Superior St","60654","Residential","> 50,000 Sq Ft","2025","Near North Side","8","2","41.89198","-87.637","(41.89198, -87.637)"
"256436","3424 S State Street","60616","Commercial","> 50,000 Sq Ft","2025","Douglas","35","3","41.84233","-87.62715","(41.84233, -87.62715)"
"251455","5009 S Laflin St","60609","Municipal","> 50,000 Sq Ft","2025","New City","61","20","41.80287","-87.66206","(41.80287, -87.66206)"
"103699","69 W Washington St","60602","Commercial","> 250,000 Sq Ft","2027","Loop","32","42","41.88287","-87.6299","(41.88287, -87.6299)"
"251338","2322 N Kenmore Ave","60614","Commercial","> 50,000 Sq Ft","2027","Lincoln Park","7","43","41.92408","-87.65537","(41.92408, -87.65537)"
"252303","6236-44 S King Dr","60637","Residential","> 50,000 Sq Ft","2025","Washington Heights","73","20","41.78083","-87.61568","(41.78083, -87.61568)"
"257180","905 W Fulton Street","60607","Commercial","> 50,000 Sq Ft","2025","Near West Side","28","27","41.87659","-87.65331","(41.87659, -87.65331)"
"158748","640 W Irving Park Rd","60613","Commercial","> 50,000 Sq Ft","2025","Uptown","3","46","41.95492","-87.64599","(41.95492, -87.64599)"
"172126","1340 1350 W Fullerton Ave","60614","Residential","> 50,000 Sq Ft","2025","Lincoln Park","7","2","41.92201","-87.65462","(41.92201, -87.65462)"
"172551","1601 S Indiana Ave","60616","Residential","> 50,000 Sq Ft","2025","Near South Side","33","3","41.8455","-87.63056","(41.8455, -87.63056)"
"160397","1324 S Loomis St","60608","Residential","> 250,000 Sq F","2027","Near West Side","28","28","41.8647","-87.66217","(41.8647, -87.66217)"
"173730","420  W Fullerton Ave","60614","Residential","> 50,000 Sq Ft","2025","Lincoln Park","7","43","41.92201","-87.65462","(41.92201, -87.65462)"
"101954","111 N Wabash Ave","60602","Commercial","> 250,000 Sq Ft","2026","Loop","32","42","41.88357","-87.62621","(41.88357, -87.62621)"
"243929","195 N Harbor Dr","60601","Residential","> 250,000 Sq F","2024","Loop","32","42","41.88567","-87.61471","(41.88567, -87.61471)"
"250065","4455 N Lincoln Ave","60625","Municipal","> 50,000 Sq Ft","2027","Lincoln Square","4","47","41.96277","-87.6844","(41.96277, -87.6844)"
"251635","11941 S Parnell Ave","60628","Residential","> 50,000 Sq Ft","2025","West Pullman","53","34","41.70173","-87.63694","(41.70173, -87.63694)"
"120518","3500  S Giles Ave","60653","Commercial","> 50,000 Sq Ft","2025","Douglas","35","3","41.82021","-87.61247","(41.82021, -87.61247)"
"114282","420 W Belmont Ave","60657","Residential","> 50,000 Sq Ft","2025","Lake View","6","44","41.94058","-87.64043","(41.94058, -87.64043)"
"103278","33  W Huron St","60654","Residential","> 50,000 Sq Ft","2025","Near North Side","8","42","41.89198","-87.637","(41.89198, -87.637)"
"227696","2545 S Dearborn St","60616","Residential","> 50,000 Sq Ft","2025","Near South Side","33","3","41.84617","-87.62782","(41.84617, -87.62782)"
"251883","4525 N Kenmore Ave","60640","Residential","> 50,000 Sq Ft","2027","Uptown","3","46","41.96436","-87.65577","(41.96436, -87.65577)"
"255024","2501 W Armitage Ave","60647","Residential","> 50,000 Sq Ft","2025","Logan Square","22","1","41.91748","-87.68993","(41.91748, -87.68993)"
"260091","5550 5556 S Dorchester Ave","60637","Residential","> 50,000 Sq Ft","2027","Hyde Park","41","5","41.78046","-87.60531","(41.78046, -87.60531)"
"105609","426 432 W Briar Pl","60657","Residential","> 50,000 Sq Ft","2027","Lake View","6","44","41.93985","-87.65845","(41.93985, -87.65845)"
"251880","5815 S Homan Ave","60629","Municipal","> 50,000 Sq Ft","2025","Gage Park","63","23","41.78741","-87.70774","(41.78741, -87.70774)"
"257110","9621 S Cottage Grove Ave","60628","Commercial","> 50,000 Sq Ft",,"Pullman","50","8","41.68711","-87.62527","(41.68711, -87.62527)"
"254977","3201 N Ashland Ave","60657","Commercial","> 50,000 Sq Ft","2025","Lake View","6","44","41.94044","-87.66866","(41.94044, -87.66866)"
"156891","737 N Michigan Ave","60611","Commercial","> 250,000 Sq Ft","2027","Near North Side","8","2","41.89605","-87.62356","(41.89605, -87.62356)"
"256773","1604 N Richmond St","60647","Residential","> 50,000 Sq Ft","2025","West Town","24","1","41.92103","-87.69138","(41.92103, -87.69138)"
"251605","5300 S Hermitage Ave","60609","Municipal","> 50,000 Sq Ft","2025","New City","61","16","41.79731","-87.66871","(41.79731, -87.66871)"
"251476","3024 W Harrison","60612","Municipal","> 50,000 Sq Ft","2025","East Garfield Park","27","28","41.87377","-87.7016","(41.87377, -87.7016)"
"255930","803 W Fulton Market","60607","Commercial","> 50,000 Sq Ft","2027","Near West Side","28","27","41.88","-87.65484","(41.88, -87.65484)"
"160343","100 W Chestnut St","60610","Residential","> 250,000 Sq F","2027","Near North Side","8","2","41.89801","-87.6314","(41.89801, -87.6314)"
"251491","4027 W Grenshaw St","60624","Municipal","> 50,000 Sq Ft","2025","North Lawndale","29","24","41.86684","-87.72624","(41.86684, -87.72624)"
"100984","1604 1610 W Sherwin Ave","60626","Residential","> 50,000 Sq Ft","2025","Rogers Park","1","49","42.01036","-87.6683","(42.01036, -87.6683)"
"101812","1 N Dearborn St","60602","Commercial","> 250,000 Sq Ft","2027","Loop","32","42","41.88234","-87.62866","(41.88234, -87.62866)"
"236822","21 W Chestnut St","60610","Residential","> 50,000 Sq Ft","2027","Near North Side","8","2","41.89773","-87.62883","(41.89773, -87.62883)"
"256903","2310 S State St","60616","Residential","> 50,000 Sq Ft","2025","Near South Side","33","3","41.85284","-87.62862","(41.85284, -87.62862)"
"105530","6900 6910 S Crandon Ave","60649","Residential","> 50,000 Sq Ft","2027","South Shore","43","5","41.76259","-87.57232","(41.76259, -87.57232)"
"101742","100 W Randolph St","60601","Commercial","> 250,000 Sq Ft",,"Loop","32","42","41.88517","-87.63173","(41.88517, -87.63173)"
"105600","2740 2750 N Hampden Ct","60614","Residential","> 50,000 Sq Ft","2025","Lincoln Park","7","43","41.92201","-87.65462","(41.92201, -87.65462)"
"252064","1100 E 57th St","60637","Commercial","> 50,000 Sq Ft","2027","Hyde Park","41","5","41.79221","-87.59995","(41.79221, -87.59995)"
"250088","1750 W Peterson Ave","60660","Residential","> 50,000 Sq Ft","2027","Edgewater","77","40","41.99126","-87.67384","(41.99126, -87.67384)"
"250015","513 W 72nd St","60621","Municipal","> 50,000 Sq Ft","2025","Englewood","68","6","41.76304","-87.63902","(41.76304, -87.63902)"
"175857","900 910 912 W Lake St & 212 N Peoria St","60607","Residential","> 50,000 Sq Ft","2025","Near West Side","28","27","41.87399","-87.65168","(41.87399, -87.65168)"
"251691","6239 N Leavitt St","60659","Municipal","> 50,000 Sq Ft","2025","West Ridge","2","50","41.99545","-87.68444","(41.99545, -87.68444)"
"251355","9811 S Lowe Ave","60628","Municipal","> 50,000 Sq Ft","2025","Washington Heights","73","34","41.71565","-87.63896","(41.71565, -87.63896)"
"158414","301 - 317 N Michigan Ave","60601","Commercial","> 50,000 Sq Ft","2027","Loop","32","42","41.88709","-87.62419","(41.88709, -87.62419)"
"117309","2800  W Montrose Ave","60618","Commercial","> 50,000 Sq Ft","2025","Albany Park","14","33","41.94672","-87.7032","(41.94672, -87.7032)"
"257213","220 N Ada St","60607","Residential","> 50,000 Sq Ft",,"Near West Side","28","27","41.87657","-87.65471","(41.87657, -87.65471)"
"124699","210 214 W Van Buren St","60607","Commercial","> 50,000 Sq Ft","2025","Loop","32","42","41.87688","-87.634","(41.87688, -87.634)"
"172708","4200 N Austin Ave","60634","Commercial","> 50,000 Sq Ft","2027","Portage Park","15","38","41.95785","-87.77734","(41.95785, -87.77734)"
"172169","1443 1447 E 65th St","60637","Residential","> 50,000 Sq Ft","2025","Woodlawn","42","20","41.78046","-87.60531","(41.78046, -87.60531)"
"251774","1244 East 93rd Street","60619","Residential","> 50,000 Sq Ft","2025","Burnside","47","8","41.7251","-87.65454","(41.7251, -87.65454)"
"256785","2217 W Madison St","60612","Commercial","> 50,000 Sq Ft","2025","Near West Side","28","27","41.87988","-87.6856","(41.87988, -87.6856)"
"175546","2236 2296 N Lincoln Park West Ave","60614","Residential","> 50,000 Sq Ft","2025","Lincoln Park","7","43","41.92201","-87.65462","(41.92201, -87.65462)"
"251312","2542 Elston Ave","60647","Commercial","> 50,000 Sq Ft","2025","Logan Square","22","32","41.9277","-87.68133","(41.9277, -87.68133)"
"160375","77 W Huron St","60654","Residential","> 250,000 Sq F","2027","Near North Side","8","42","41.89462","-87.63071","(41.89462, -87.63071)"
"208356","1234 N Monticello Ave","60651","Municipal","> 50,000 Sq Ft","2025","Humboldt Park","23","26","41.90411","-87.71824","(41.90411, -87.71824)"
"250063","66 E Randolph St","60601","Municipal","> 50,000 Sq Ft","2025","Loop","32","42","41.88453","-87.62551","(41.88453, -87.62551)"
"238595","3920 N Lake Shore Dr","60613","Residential","> 50,000 Sq Ft","2025","Lake View","6","46","41.95364","-87.64558","(41.95364, -87.64558)"
"101971","25 E Pearson St","60611","Commercial","> 250,000 Sq Ft","2027","Near North Side","8","42","41.89714","-87.62709","(41.89714, -87.62709)"
"172256","1333 1339 S Independence Blvd","60623","Residential","> 50,000 Sq Ft","2025","North Lawndale","29","24","41.84725","-87.71738","(41.84725, -87.71738)"
"173845","1338 1354 W Argyle St","60640","Residential","> 50,000 Sq Ft","2027","Uptown","3","47","41.97223","-87.6646","(41.97223, -87.6646)"
"254174","4200 W Diversey Ave","60639","Commercial","> 50,000 Sq Ft","2026","Hermosa","20","31","41.9204","-87.7562","(41.9204, -87.7562)"
"256791","4101 W 76th St","60652","Commercial","> 50,000 Sq Ft","2025","West Lawn","65","18","41.74723","-87.7068","(41.74723, -87.7068)"
"252217","1320 W Fullerton Ave","60614","Commercial","> 50,000 Sq Ft","2027","Lincoln Park","7","2","41.92526","-87.66147","(41.92526, -87.66147)"
"251500","111 S Throop St","60607","Municipal","> 50,000 Sq Ft","2025","Near West Side","28","27","41.88083","-87.65951","(41.88083, -87.65951)"
"102136","5301 5311 W Washington Blvd","60644","Residential","> 50,000 Sq Ft","2025","Austin","25","28","41.88039","-87.75827","(41.88039, -87.75827)"
"252054","5850 S Woodlawn Ave","60637","Commercial","> 50,000 Sq Ft","2027","Hyde Park","41","5","41.78921","-87.59644","(41.78921, -87.59644)"
"160445","1350 N Wells St","60610","Residential","> 250,000 Sq F","2025","Near North Side","8","2","41.90706","-87.63504","(41.90706, -87.63504)"
"252086","27 E Monroe St","60603","Commercial","> 50,000 Sq Ft","2025","Loop","32","42","41.88063","-87.62649","(41.88063, -87.62649)"
"105987","7020 7038 S Jeffery Blvd","60649","Residential","> 50,000 Sq Ft","2027","South Shore","43","5","41.76259","-87.57232","(41.76259, -87.57232)"
"250112","1447 S Ashland Ave","60608","Residential","> 50,000 Sq Ft","2027","Near West Side","28","28","41.86192","-87.66584","(41.86192, -87.66584)"
"102568","639  W Grace St","60613","Residential","> 50,000 Sq Ft","2025","Lake View","6","46","41.95402","-87.66203","(41.95402, -87.66203)"
"175888","203  S Sangamon St","60607","Residential","> 50,000 Sq Ft","2025","Near West Side","28","25","41.87399","-87.65168","(41.87399, -87.65168)"
"257044","808 S Michigan Ave","60605","Residential","> 250,000 Sq F","2027","Loop","32","4","41.86926","-87.62626","(41.86926, -87.62626)"
"256550","1200 S Indiana Ave","60605","Residential","> 250,000 Sq F","2027","Near South Side","33","3","41.86586","-87.61953","(41.86586, -87.61953)"
"254082","4917 S Drexel Blvd","60615","Residential","> 50,000 Sq Ft","2025","Kenwood","39","4","41.80224","-87.60352","(41.80224, -87.60352)"
"148673","1154  N Campbell","60622","Residential","> 50,000 Sq Ft","2025","West Town","24","26","41.90225","-87.68448","(41.90225, -87.68448)"
"256409","310 E Superior Street","60611","Commercial","> 50,000 Sq Ft","2027","Near North Side","8","2","41.89837","-87.62282","(41.89837, -87.62282)"
"251252","1445 N State Pkwy","60610","Residential","> 250,000 Sq F","2027","Near North Side","8","43","41.9092","-87.62843","(41.9092, -87.62843)"
"256557","1411 S Michigan Avenue","60605","Residential","> 50,000 Sq Ft","2025","Near South Side","33","3","41.86586","-87.61953","(41.86586, -87.61953)"
"172485","36 50 N Menard Ave","60644","Residential","> 50,000 Sq Ft","2025","Austin","25","29","41.88039","-87.75827","(41.88039, -87.75827)"
"260054","2600  S King Dr","60616","Residential","> 50,000 Sq Ft","2025","Douglas","35","4","41.8455","-87.63056","(41.8455, -87.63056)"
"101988","205 W Wacker Dr","60606","Commercial","> 250,000 Sq Ft","2025","Loop","32","42","41.88638","-87.63428","(41.88638, -87.63428)"
"240518","233 E 13th St","60605","Residential","> 250,000 Sq F","2027","Near South Side","33","3","41.86561","-87.62099","(41.86561, -87.62099)"
"256569","1659 W Washington Blvd","60612","Residential","> 50,000 Sq Ft","2024","Near West Side","28","27","41.8805","-87.68641","(41.8805, -87.68641)"
"256441","3300 S Federal St","60616","Commercial","> 50,000 Sq Ft","2025","Douglas","35","3","41.8343","-87.62926","(41.8343, -87.62926)"
"103705","125 S Clark St","60603","Commercial","> 250,000 Sq Ft","2027","Loop","32","42","41.87999","-87.63076","(41.87999, -87.63076)"
"164922","850 W Irving Park Rd","60613","Commercial","> 50,000 Sq Ft","2025","Uptown","3","46","41.95453","-87.6531","(41.95453, -87.6531)"
"158420","29 S Lasalle St","60603","Residential","> 50,000 Sq Ft","2026","Loop","32","42","41.88116","-87.63181","(41.88116, -87.63181)"
"101840","710 N Lakeshore Dr","60611","Commercial","> 50,000 Sq Ft","2027","Near North Side","8","42","41.89534","-87.61665","(41.89534, -87.61665)"
"250051","8235 S Vincennes Ave","60620","Municipal","> 250,000 Sq Ft","2025","Chatham","44","21","41.74424","-87.63586","(41.74424, -87.63586)"
"113752","1540  N State Pkwy","60610","Residential","> 50,000 Sq Ft","2026","Near North Side","8","2","41.90375","-87.63559","(41.90375, -87.63559)"
"251959","840 N Lasalle St","60610","Commercial","> 50,000 Sq Ft","2027","Near North Side","8","2","41.898","-87.63342","(41.898, -87.63342)"
"251946","1010 N Lake Shore Drive","60611","Residential","> 250,000 Sq F","2027","Near North Side","8","42","41.90088","-87.62424","(41.90088, -87.62424)"
"230281","3440 N Lake Shore Dr","60657","Residential","> 250,000 Sq F","2027","Lake View","6","44","41.94436","-87.64163","(41.94436, -87.64163)"
"105695","1034 1038 N Dearborn St","60610","Residential","> 50,000 Sq Ft","2025","Near North Side","8","2","41.90375","-87.63559","(41.90375, -87.63559)"
"175777","4553 N Magnolia Ave","60640","Residential","> 50,000 Sq Ft","2024","Uptown","3","46","41.97223","-87.6646","(41.97223, -87.6646)"
"256733","5329 S Oak Park Avenue","60656","Commercial","> 50,000 Sq Ft","2027","Garfield Ridge","56","23","41.97553","-87.8018","(41.97553, -87.8018)"
"251574","1119 E 46th St","60653","Municipal","> 50,000 Sq Ft","2025","Kenwood","39","4","41.81099","-87.59801","(41.81099, -87.59801)"
"256607","6149 N. Broadway","60660","Residential","> 50,000 Sq Ft","2025","Edgewater","77","48","41.88425","-87.63245","(41.88425, -87.63245)"
"114125","1430 1440 S Michigan Ave","60605","Residential","> 50,000 Sq Ft","2027","Near South Side","33","3","41.86863","-87.62731","(41.86863, -87.62731)"
"159287","901 903 S Ashland Ave","60607","Residential","> 250,000 Sq F","2027","Near West Side","28","28","41.86977","-87.66601","(41.86977, -87.66601)"
"250131","4510 S Damen Ave","60609","Commercial","> 50,000 Sq Ft","2025","New City","61","12","41.80943","-87.675","(41.80943, -87.675)"
"252240","331 W Surf St","60657","Commercial","> 250,000 Sq Ft","2026","Lake View","6","44","41.93431","-87.63842","(41.93431, -87.63842)"
"254016","5801 N Pulaski Rd - Bldg E","60646","Commercial","> 50,000 Sq Ft","2025","North Park","13","39","41.99959","-87.77148","(41.99959, -87.77148)"
"256953","551 W Elm St","60610","Residential","> 50,000 Sq Ft","2027","Near North Side","8","27","41.90423","-87.63823","(41.90423, -87.63823)"
"251892","6936 S Hermitage Ave","60636","Commercial","> 50,000 Sq Ft","2025","West Englewood","67","17","41.76748","-87.66798","(41.76748, -87.66798)"
"256076","300 N Canal Street","60606","Residential","> 250,000 Sq F","2025","Near West Side","28","42","41.88199","-87.63516","(41.88199, -87.63516)"
"130684","7431 7445 S East End Ave","60649","Commercial","> 50,000 Sq Ft","2025","South Shore","43","8","41.75921","-87.58322","(41.75921, -87.58322)"
"137292","321  N Central Ave","60644","Commercial","> 50,000 Sq Ft","2025","Austin","25","37","41.88039","-87.75827","(41.88039, -87.75827)"
"251324","2315 N Kenmore Ave","60614","Commercial","> 50,000 Sq Ft","2027","Lincoln Park","7","43","41.92404","-87.65452","(41.92404, -87.65452)"
"134779","243 S Wabash Ave","60604","Commercial","> 50,000 Sq Ft","2027","Loop","32","42","41.8785","-87.62559","(41.8785, -87.62559)"
"175679","240 N Ashland Ave","60607","Commercial","> 50,000 Sq Ft","2026","Near West Side","28","27","41.88655","-87.6676","(41.88655, -87.6676)"
"251390","2301 W 21st Pl","60608","Municipal","> 50,000 Sq Ft","2025","Lower West Side","31","25","41.85279","-87.68352","(41.85279, -87.68352)"
"102487","3639 3649 N Pine Grove Ave","60613","Residential","> 50,000 Sq Ft","2025","Lake View","6","46","41.95402","-87.66203","(41.95402, -87.66203)"
"175580","7200  S South Shore Dr","60649","Residential","> 50,000 Sq Ft","2025","South Shore","43","7","41.76259","-87.57232","(41.76259, -87.57232)"
"160244","1040 W Adams St","60607","Residential","> 250,000 Sq F","2027","Near West Side","28","25","41.87915","-87.65364","(41.87915, -87.65364)"
"101834","1 N Franklin","60606","Commercial","> 50,000 Sq Ft","2026","Loop","32","42","41.88231","-87.63496","(41.88231, -87.63496)"
"172053","7901 S Sangamon St","60620","Commercial","> 50,000 Sq Ft","2024","Auburn Gresham","71","17","41.7503","-87.64707","(41.7503, -87.64707)"
"113509","1330  N Lasalle Dr","60610","Residential","> 50,000 Sq Ft","2025","Near North Side","8","2","41.90375","-87.63559","(41.90375, -87.63559)"
"257121","5354 N Sheridan Rd","60640","Residential","> 50,000 Sq Ft",,"Edgewater","77","48","41.96953","-87.65617","(41.96953, -87.65617)"
"251290","163 E Walton Pl","60611","Residential","> 50,000 Sq Ft","2025","Near North Side","8","2","41.89977","-87.6227","(41.89977, -87.6227)"
"256795","2845 W Belden Ave","60647","Residential","> 50,000 Sq Ft","2027","Logan Square","22","1","41.88425","-87.63245","(41.88425, -87.63245)"
"106221","532 536 W Stratford Pl","60657","Residential","> 50,000 Sq Ft","2025","Lake View","6","46","41.93985","-87.65845","(41.93985, -87.65845)"
"251245","3800 Lake Shore Dr","60613","Residential","> 50,000 Sq Ft","2027","Lake View","6","46","41.95274","-87.64559","(41.95274, -87.64559)"
"243703","4800 S Chicago Beach Dr","60615","Residential","> 250,000 Sq F","2024","Kenwood","39","4","41.80657","-87.5867","(41.80657, -87.5867)"
"254386","6458 N Winthrop Ave","60626","Commercial","> 50,000 Sq Ft","2027","Rogers Park","1","49","42.0066","-87.66729","(42.0066, -87.66729)"
"252035","57 E Delaware Pl","60611","Residential","> 250,000 Sq F","2027","Near North Side","8","42","41.89891","-87.62623","(41.89891, -87.62623)"
"256634","6134 S. Cottage Grove Avenue","60637","Residential","> 50,000 Sq Ft","2026","Woodlawn","42","20","41.88425","-87.63245","(41.88425, -87.63245)"
"157993","343 S Dearborn St","60604","Residential","> 50,000 Sq Ft","2025","Loop","32","4","41.87699","-87.62919","(41.87699, -87.62919)"
"252315","6151 N Winthrop Ave","60660","Residential","> 50,000 Sq Ft","2025","Edgewater","77","48","41.9938","-87.6582","(41.9938, -87.6582)"
"256998","609 W Randolph St.","60661","Commercial","> 50,000 Sq Ft","2027","Near West Side","28","34","41.88425","-87.63245","(41.88425, -87.63245)"
"103630","1901 W Harrison St","60612","Commercial","> 250,000 Sq Ft","2025","Near West Side","28","27","41.87407","-87.67414","(41.87407, -87.67414)"
"251301","1960 N Lincoln Park West","60614","Residential","> 250,000 Sq F","2027","Lincoln Park","7","43","41.91806","-87.63701","(41.91806, -87.63701)"
"251554","2701 S Shields Ave","60616","Municipal","> 50,000 Sq Ft","2025","Armour Square","34","11","41.84344","-87.63512","(41.84344, -87.63512)"
"105983","1330  N Dearborn St","60610","Residential","> 50,000 Sq Ft","2025","Near North Side","8","2","41.90375","-87.63559","(41.90375, -87.63559)"
"252040","5720 S Ellis Ave","60637","Commercial","> 50,000 Sq Ft","2027","Hyde Park","41","5","41.79107","-87.60165","(41.79107, -87.60165)"
"251310","3400 N Western Ave","60618","Commercial","> 50,000 Sq Ft","2026","North Center","5","47","41.94318","-87.68821","(41.94318, -87.68821)"
"255016","4339 W 18th Pl","60623","Commercial","> 50,000 Sq Ft","2026","North Lawndale","29","24","41.85579","-87.73383","(41.85579, -87.73383)"
"256792","845 W Madison St","60607","Residential","> 250,000 Sq F","2027","Near West Side","28","27","41.88321","-87.65877","(41.88321, -87.65877)"
"251690","3533 S Giles Ave","60653","Municipal","> 50,000 Sq Ft","2024","Douglas","35","3","41.83033","-87.61897","(41.83033, -87.61897)"
"256669","4011 N Francisco Avenue","60618","Residential","> 50,000 Sq Ft","2026","Irving Park","16","33","41.88425","-87.63245","(41.88425, -87.63245)"
"256614","108 North State Street","60602","Commercial","> 250,000 Sq Ft","2026","Loop","32","34","41.88425","-87.63245","(41.88425, -87.63245)"
"256405","303 E Superior Street","60611","Commercial","> 250,000 Sq Ft","2027","Near North Side","8","42","41.89837","-87.62282","(41.89837, -87.62282)"
"103789","3434 S Michigan Ave","60616","Commercial","> 50,000 Sq Ft","2024","Douglas","35","3","41.83222","-87.62332","(41.83222, -87.62332)"
"149143","950  W Monroe St","60607","Residential","> 50,000 Sq Ft","2025","Near West Side","28","25","41.87399","-87.65168","(41.87399, -87.65168)"
"254382","5640 S Ellis Ave","60637","Commercial","> 250,000 Sq Ft","2027","Hyde Park","41","5","41.7804","-87.6027","(41.7804, -87.6027)"
"112954","1509 1521 W Morse Ave","60626","Residential","> 50,000 Sq Ft","2027","Rogers Park","1","49","42.01036","-87.6683","(42.01036, -87.6683)"
"157208","400 S Jefferson St","60607","Commercial","> 250,000 Sq Ft","2027","Near West Side","28","25","41.87626","-87.6431","(41.87626, -87.6431)"
"251598","7931 S Honore St","60620","Municipal","> 50,000 Sq Ft","2027","Auburn Gresham","71","17","41.7495","-87.66913","(41.7495, -87.66913)"
"260029","5724 5734 S Blackstone Ave","60637","Residential","> 50,000 Sq Ft","2025","Hyde Park","41","5","41.78046","-87.60531","(41.78046, -87.60531)"
"254261","1800 West Roscoe","60657","Residential","> 50,000 Sq Ft","2025","North Center","5","47","41.88425","-87.63245","(41.88425, -87.63245)"
"163380","1101 W Jackson Blvd","60607","Commercial","> 50,000 Sq Ft","2027","Near West Side","28","25","41.87781","-87.65493","(41.87781, -87.65493)"
"101217","850  W Eastwood Ave","60640","Residential","> 50,000 Sq Ft","2025","Uptown","3","46","41.97223","-87.6646","(41.97223, -87.6646)"
"160395","305 W Fullerton Pkwy","60614","Residential","> 50,000 Sq Ft","2025","Lincoln Park","7","43","41.92493","-87.64808","(41.92493, -87.64808)"
"251237","1242 N Lake Shore Dr","60610","Residential","> 50,000 Sq Ft","2025","Near North Side","8","43","41.90531","-87.62553","(41.90531, -87.62553)"
"156414","1313 N Claremont Ave","60622","Municipal","> 50,000 Sq Ft","2025","West Town","24","1","41.9058","-87.68553","(41.9058, -87.68553)"
"168538","401 465 E Illinois St","60611","Residential","> 250,000 Sq F","2025","Near North Side","8","42","41.89104","-87.61719","(41.89104, -87.61719)"
"257211","217 N Sangamon St","60607","Commercial","> 250,000 Sq Ft",,"Near West Side","28","27","41.87657","-87.65471","(41.87657, -87.65471)"
"251648","214 N Lavergne Ave","60644","Municipal","> 50,000 Sq Ft","2025","Austin","25","28","41.88503","-87.75076","(41.88503, -87.75076)"
"251647","3707 W Polk St","60624","Municipal","> 50,000 Sq Ft","2025","East Garfield Park","27","24","41.87079","-87.71833","(41.87079, -87.71833)"
"251269","182 W Lake St","60601","Residential","> 250,000 Sq F","2025","Loop","32","42","41.88576","-87.63376","(41.88576, -87.63376)"
"116144","633  S Plymouth Ct","60605","Residential","> 50,000 Sq Ft","2027","Loop","32","4","41.86863","-87.62731","(41.86863, -87.62731)"
"256759","1533 W.Warren Blvd","60607","Residential","> 50,000 Sq Ft","2025","Near West Side","28","27","41.88425","-87.63245","(41.88425, -87.63245)"
"243745","1749 N Wells St","60614","Residential","> 250,000 Sq F","2027","Lincoln Park","7","43","41.9142","-87.63477","(41.9142, -87.63477)"
"173476","2727 W Winona St","60625","Commercial","> 50,000 Sq Ft","2027","Lincoln Square","4","40","41.9742","-87.69687","(41.9742, -87.69687)"
"257063","710 S Seeley Ave","60612","Commercial","> 50,000 Sq Ft","2025","Near West Side","28","28","41.88078","-87.68395","(41.88078, -87.68395)"
"172066","4400 W 83rd St","60652","Commercial","> 50,000 Sq Ft","2025","Ashburn","70","18","41.74245","-87.73187","(41.74245, -87.73187)"
"175049","7311 7339 S Cottage Grove Ave","60619","Residential","> 50,000 Sq Ft","2025","Greater Grand Crossing","69","8","41.74401","-87.6055","(41.74401, -87.6055)"
"256808","205 S Peoria St","60607","Residential","> 250,000 Sq F","2027","Near West Side","28","25","41.88321","-87.65877","(41.88321, -87.65877)"
"251214","1026 - 1032 W Montrose Ave","60613","Commercial","> 250,000 Sq Ft","2027","Uptown","3","46","41.96182","-87.65547","(41.96182, -87.65547)"
"101873","24 W Randolph","60601","Commercial","> 50,000 Sq Ft","2027","Loop","32","42","41.88485","-87.62883","(41.88485, -87.62883)"
"252313","5040 N. Pulaski","60630","Commercial","> 50,000 Sq Ft","2026","North Park","13","39","41.9721","-87.7576","(41.9721, -87.7576)"
"244591","630 N State St","60654","Residential","> 250,000 Sq F","2027","Near North Side","8","42","41.89359","-87.62849","(41.89359, -87.62849)"
"256761","403 N Wabash","60611","Residential","> 50,000 Sq Ft","2024","Near North Side","8","42","41.89535","-87.62278","(41.89535, -87.62278)"
"158088","8765 W Higgins Rd","60631","Commercial","> 250,000 Sq Ft","2025","Ohare","76","41","41.98713","-87.84592","(41.98713, -87.84592)"
"257170","5440 N Sheridan","60640","Residential","> 50,000 Sq Ft","2025","Edgewater","77","48","41.88323","-87.6324","(41.88323, -87.6324)"
"251728","2035 N Mobile Ave","60639","Municipal","> 50,000 Sq Ft","2025","Belmont Cragin","19","29","41.91739","-87.78212","(41.91739, -87.78212)"
"251745","5110 N Damen Ave","60625","Municipal","> 50,000 Sq Ft","2025","Lincoln Square","4","40","41.97462","-87.68032","(41.97462, -87.68032)"
"175548","15 S Wood St","60612","Commercial","> 50,000 Sq Ft","2027","Near West Side","28","27","41.88114","-87.67169","(41.88114, -87.67169)"
"251433","708 W Willow St","60614","Municipal","> 50,000 Sq Ft","2025","Lincoln Park","7","43","41.91389","-87.64636","(41.91389, -87.64636)"
"135032","350  N Lasalle St","60654","Commercial","> 50,000 Sq Ft","2025","Near North Side","8","42","41.89198","-87.637","(41.89198, -87.637)"
"174279","3300 3306 W Diversey Ave","60647","Residential","> 50,000 Sq Ft","2025","Avondale","21","35","41.92075","-87.70153","(41.92075, -87.70153)"
"256886","215 N Peoria St","60607","Commercial","> 50,000 Sq Ft","2027","Near West Side","28","27","41.88321","-87.65877","(41.88321, -87.65877)"
"173322","8560 S Cottage Grove Ave","60619","Commercial","> 50,000 Sq Ft","2025","Chatham","44","6","41.73933","-87.60677","(41.73933, -87.60677)"
"150282","744  N Clark St","60654","Residential","> 50,000 Sq Ft","2027","Near North Side","8","2","41.89198","-87.637","(41.89198, -87.637)"
"254385","6307 S Stewart Ave","60621","Commercial","> 50,000 Sq Ft","2024","Englewood","68","20","41.77391","-87.63872","(41.77391, -87.63872)"
"112762","6800  N California Ave","60645","Residential","> 50,000 Sq Ft","2025","West Ridge","2","50","42.0088","-87.69503","(42.0088, -87.69503)"
"256829","366 W. Superior","60654","Residential","> 50,000 Sq Ft","2025","Near North Side","8","42","41.89238","-87.63491","(41.89238, -87.63491)"
"231486","4170 N Marine Dr","60613","Residential","> 250,000 Sq F","2027","Uptown","3","46","41.95765","-87.64711","(41.95765, -87.64711)"
"171972","3045 3101 W 26th St","60623","Commercial","> 50,000 Sq Ft","2025","South Lawndale","30","12","41.84368","-87.70196","(41.84368, -87.70196)"
"257082","41 W 36th St","60609","Residential","> 250,000 Sq F","2025","Douglas","35","3","41.80679","-87.66648","(41.80679, -87.66648)"
"251442","646 W 71st St","60621","Municipal","> 50,000 Sq Ft","2025","Englewood","68","6","41.76558","-87.64137","(41.76558, -87.64137)"
"254512","347 W Chestnut St","60610","Residential","> 250,000 Sq F","2027","Near North Side","8","27","41.90412","-87.63142","(41.90412, -87.63142)"
"251657","2845 N Newcastle Ave","60634","Municipal","> 50,000 Sq Ft","2025","Montclare","18","36","41.93212","-87.79632","(41.93212, -87.79632)"
"257151","215 West Lake Steet","60606","Residential","> 250,000 Sq F","2027","Loop","32","42","41.88166","-87.63681","(41.88166, -87.63681)"
"222552","222 232 W Division St","60610","Residential","> 250,000 Sq F","2025","Near North Side","8","2","41.90384","-87.63521","(41.90384, -87.63521)"
"238554","336 W Wellington Ave","60657","Residential","> 50,000 Sq Ft","2025","Lake View","6","44","41.93694","-87.63851","(41.93694, -87.63851)"
"106025","640 644 N Wabash Ave","60611","Residential","> 50,000 Sq Ft","2025","Near North Side","8","42","41.89579","-87.62248","(41.89579, -87.62248)"
"254066","1515 S Michigan Ave","60605","Residential","> 50,000 Sq Ft","2025","Near South Side","33","3","41.86842","-87.62414","(41.86842, -87.62414)"
"230101","6145 6147 N Sheridan Rd","60660","Residential","> 250,000 Sq F","2025","Edgewater","77","48","41.99356","-87.65487","(41.99356, -87.65487)"
"244535","1355 N Sandburg Ter","60610","Residential","> 250,000 Sq F","2025","Near North Side","8","2","41.90706","-87.6319","(41.90706, -87.6319)"
"140359","312 328 N May St","60607","Residential","> 50,000 Sq Ft","2025","Near West Side","28","27","41.87399","-87.65168","(41.87399, -87.65168)"
"159525","233 E Wacker Dr","60601","Residential","> 250,000 Sq F","2027","Loop","32","42","41.88762","-87.6212","(41.88762, -87.6212)"
"103812","400 W Superior St","60654","Municipal","> 50,000 Sq Ft","2027","Near North Side","8","42","41.89575","-87.6389","(41.89575, -87.6389)"
"173934","5316 5320 S Dorchester Ave","60615","Residential","> 50,000 Sq Ft","2026","Hyde Park","41","5","41.80224","-87.60333","(41.80224, -87.60333)"
"252025","1817 W 80th St","60620","Commercial","> 50,000 Sq Ft","2027","Auburn Gresham","71","17","41.74799","-87.66913","(41.74799, -87.66913)"
"146136","533 549 W Barry Ave","60657","Residential","> 50,000 Sq Ft","2024","Lake View","6","44","41.93985","-87.65845","(41.93985, -87.65845)"
"158287","320 N Dearborn Ave","60654","Residential","> 250,000 Sq F","2027","Near North Side","8","42","41.90757","-87.63009","(41.90757, -87.63009)"
"114819","5401  S Hyde Park Blvd","60615","Residential","> 50,000 Sq Ft","2027","Hyde Park","41","5","41.80224","-87.60333","(41.80224, -87.60333)"
"101343","2015  S Morgan St","60608","Residential","> 50,000 Sq Ft","2025","Lower West Side","31","25","41.84915","-87.6709","(41.84915, -87.6709)"
"252246","4131 W Cortland St","60639","Commercial","> 50,000 Sq Ft","2025","Hermosa","20","35","41.91527","-87.73027","(41.91527, -87.73027)"
"161225","6010 S Throop St","60636","Municipal","> 50,000 Sq Ft","2025","West Englewood","67","16","41.78451","-87.65741","(41.78451, -87.65741)"
"250099","344 W 28th Pl","60616","Residential","> 50,000 Sq Ft","2027","Armour Square","34","11","41.84332","-87.636","(41.84332, -87.636)"
"256960","1922 W Ogden Ave","60612","Residential","> 250,000 Sq F","2026","Near West Side","28","28","41.88425","-87.63245","(41.88425, -87.63245)"
"159524","175 N Harbor Dr","60601","Residential","> 250,000 Sq F","2027","Loop","32","42","41.88545","-87.61546","(41.88545, -87.61546)"
"100429","875 N Michigan Ave","60611","Commercial","> 250,000 Sq Ft","2025","Near North Side","8","2","41.8988","-87.62298","(41.8988, -87.62298)"
"256502","1442 E. 59th Street","60637","Residential","> 50,000 Sq Ft","2027","Hyde Park","41","5","41.7805","-87.59849","(41.7805, -87.59849)"
"160370","2025 W Granville Ave","60659","Residential","> 250,000 Sq F","2027","West Ridge","2","40","41.99379","-87.68192","(41.99379, -87.68192)"
"257030","2322 S. Canal St","60609","Residential","> 50,000 Sq Ft","2026","Near North Side","8","11","41.82418","-87.64099","(41.82418, -87.64099)"
"250016","1230 W Greenleaf Ave","60626","Municipal","> 50,000 Sq Ft","2025","Rogers Park","1","49","42.0109","-87.66161","(42.0109, -87.66161)"
"252264","1257 1265 W Pratt Blvd","60626","Residential","> 50,000 Sq Ft","2025","Rogers Park","1","49","42.00547","-87.66333","(42.00547, -87.66333)"
"101935","500 N Michigan Ave","60611","Commercial","> 250,000 Sq Ft","2025","Near North Side","8","42","41.89117","-87.6247","(41.89117, -87.6247)"
"251666","10015 S Leavitt St","60643","Municipal","> 50,000 Sq Ft","2025","Beverly","72","19","41.71129","-87.67655","(41.71129, -87.67655)"
"251926","910 W Huron St","60642","Residential","> 250,000 Sq F","2025","West Town","24","27","41.89506","-87.6506","(41.89506, -87.6506)"
"175411","7350  S Phillips Ave","60649","Residential","> 50,000 Sq Ft","2025","South Shore","43","7","41.76259","-87.57232","(41.76259, -87.57232)"
"257226","4521 W Roosevelt Rd","60624","Commercial","> 250,000 Sq Ft",,"North Lawndale","29","24","41.88078","-87.7232","(41.88078, -87.7232)"
"165439","610 S Michigan Ave","60605","Commercial","> 50,000 Sq Ft","2025","Loop","32","42","41.87405","-87.62483","(41.87405, -87.62483)"
"142232","2424  N Clark St","60614","Residential","> 50,000 Sq Ft","2025","Lincoln Park","7","43","41.92201","-87.65462","(41.92201, -87.65462)"
"256544","451 E Grand Ave","60611","Residential","> 250,000 Sq F","2026","Near North Side","8","42","41.89841","-87.62263","(41.89841, -87.62263)"
"103962","2828  N Cambridge Ave","60657","Residential","> 50,000 Sq Ft","2026","Lake View","6","44","41.93985","-87.65845","(41.93985, -87.65845)"
"251604","1010 E 72nd St","60619","Municipal","> 50,000 Sq Ft","2025","Greater Grand Crossing","69","5","41.76457","-87.60031","(41.76457, -87.60031)"
"113768","1555  N Dearborn Pkwy","60610","Residential","> 50,000 Sq Ft","2025","Near North Side","8","2","41.90375","-87.63559","(41.90375, -87.63559)"
"105586","712 720 W Diversey Pkwy","60614","Residential","> 50,000 Sq Ft","2025","Lake View","6","44","41.92201","-87.65462","(41.92201, -87.65462)"
"106101","443 447 W Wrightwood Ave","60614","Residential","> 50,000 Sq Ft","2025","Lincoln Park","7","43","41.92201","-87.65462","(41.92201, -87.65462)"
"239630","440 N Wabash Ave","60611","Residential","> 250,000 Sq F","2027","Near North Side","8","42","41.89033","-87.62712","(41.89033, -87.62712)"
"132821","2550 2558 S Wabash Ave","60616","Residential","> 50,000 Sq Ft","2025","Near South Side","33","3","41.84576","-87.62545","(41.84576, -87.62545)"
"256420","10 W 32nd Street","60616","Commercial","> 50,000 Sq Ft","2025","Douglas","35","3","41.84233","-87.62715","(41.84233, -87.62715)"
"251734","4343 W Wrightwood Ave","60639","Municipal","> 50,000 Sq Ft","2027","Hermosa","20","31","41.92724","-87.73605","(41.92724, -87.73605)"
"102283","2900 N Lake Shore Dr","60657","Commercial","> 250,000 Sq Ft","2027","Lake View","6","44","41.93498","-87.63728","(41.93498, -87.63728)"
"255006","839 S Wells St","60607","Residential","> 50,000 Sq Ft","2024","Loop","32","25","41.87158","-87.6335","(41.87158, -87.6335)"
"172347","925 W Huron St","60642","Residential","> 50,000 Sq Ft","2025","West Town","24","27","41.89983","-87.65764","(41.89983, -87.65764)"
"243527","445 E North Water St","60611","Residential","> 250,000 Sq F","2025","Near North Side","8","42","41.88925","-87.61595","(41.88925, -87.61595)"
"100372","2701 W 68th St","60629","Commercial","> 250,000 Sq Ft","2027","Chicago Lawn","66","17","41.77","-87.69084","(41.77, -87.69084)"
"241550","1305 S Michigan Ave","60605","Residential","> 250,000 Sq F","2027","Near South Side","33","3","41.86563","-87.62407","(41.86563, -87.62407)"
"254360","1929 W Wilson Ave","60640","Commercial","> 50,000 Sq Ft","2024","Lincoln Square","4","47","41.96952","-87.65621","(41.96952, -87.65621)"
"173718","420  W Wrightwood Ave","60614","Residential","> 50,000 Sq Ft","2027","Lincoln Park","7","43","41.92201","-87.65462","(41.92201, -87.65462)"
"103849","1632 S Indiana Ave","60616","Residential","> 50,000 Sq Ft","2025","Near South Side","33","3","41.8455","-87.63056","(41.8455, -87.63056)"
"252270","25 E Delaware Pl","60611","Residential","> 50,000 Sq Ft","2025","Near North Side","8","2","41.89915","-87.6273","(41.89915, -87.6273)"
"102397","1734  N Paulina St","60622","Residential","> 50,000 Sq Ft","2027","West Town","24","32","41.90225","-87.68448","(41.90225, -87.68448)"
"256813","639 W Roosevelt Rd","60605","Commercial","> 50,000 Sq Ft","2025","Near West Side","28","11","41.86926","-87.62626","(41.86926, -87.62626)"
"156900","6160 N Cicero Ave","60646","Commercial","> 50,000 Sq Ft","2025","Forest Glen","12","39","41.99305","-87.74837","(41.99305, -87.74837)"
"172542","1430  S Indiana Ave","60605","Residential","> 250,000 Sq F","2024","Near South Side","33","3","41.86863","-87.62731","(41.86863, -87.62731)"
"254227","945 W 69th St","60621","Commercial","> 50,000 Sq Ft","2026","Englewood","68","6","41.76867","-87.6487","(41.76867, -87.6487)"
"113677","221  E Walton Pl","60611","Residential","> 50,000 Sq Ft","2025","Near North Side","8","2","41.89579","-87.62248","(41.89579, -87.62248)"
"137104","1503 1509 S State St","60605","Residential","> 50,000 Sq Ft","2027","Near South Side","33","3","41.86863","-87.62731","(41.86863, -87.62731)"
"253989","820 N Orleans St","60610","Commercial","> 50,000 Sq Ft","2025","Near North Side","8","27","41.90384","-87.63668","(41.90384, -87.63668)"
"160163","1366 W Fullerton Ave","60614","Commercial","> 50,000 Sq Ft","2025","Lincoln Park","7","2","41.92527","-87.663","(41.92527, -87.663)"
"252266","4829 S Cottage Grove","60615","Residential","> 50,000 Sq Ft","2027","Kenwood","39","4","41.80723","-87.60649","(41.80723, -87.60649)"
"232062","1717 S Prairie Ave","60616","Residential","> 250,000 Sq F","2027","Near South Side","33","3","41.85848","-87.61985","(41.85848, -87.61985)"
"251606","646 N Lawndale Ave","60624","Municipal","> 50,000 Sq Ft","2025","Humboldt Park","23","27","41.89331","-87.71906","(41.89331, -87.71906)"
"159421","400 E 33rd St","60616","Residential","> 250,000 Sq F","2027","Douglas","35","4","41.83521","-87.61618","(41.83521, -87.61618)"
"251376","8300 S St Louis Ave","60652","Municipal","> 50,000 Sq Ft","2025","Ashburn","70","18","41.7419","-87.70981","(41.7419, -87.70981)"
"159276","6201 S Emerald Dr","60621","Commercial","> 50,000 Sq Ft","2025","Englewood","68","16","41.77035","-87.64317","(41.77035, -87.64317)"
"172759","161  W Harrison St","60605","Residential","> 50,000 Sq Ft","2025","Loop","32","4","41.86863","-87.62731","(41.86863, -87.62731)"
"134800","47 W Polk St","60605","Commercial","> 50,000 Sq Ft","2024","Loop","32","4","41.87227","-87.62912","(41.87227, -87.62912)"
"252127","922 W Washington Blvd","60607","Residential","> 50,000 Sq Ft","2025","Near West Side","28","27","41.88314","-87.65056","(41.88314, -87.65056)"
"160412","26 E Pearson St","60611","Residential","> 50,000 Sq Ft","2027","Near North Side","8","2","41.89757","-87.62726","(41.89757, -87.62726)"
"251859","8255 S Houston Ave","60617","Municipal","> 50,000 Sq Ft","2026","South Chicago","46","7","41.74548","-87.55011","(41.74548, -87.55011)"
"119676","1919 N Cicero Ave","60639","Commercial","> 50,000 Sq Ft","2025","Belmont Cragin","19","36","41.91609","-87.74433","(41.91609, -87.74433)"
"256264","1808 S Michigan","60616","Residential","> 50,000 Sq Ft","2026","Near South Side","33","3","41.88425","-87.63245","(41.88425, -87.63245)"
"162360","7414 N Wolcott Ave","60626","Municipal","> 50,000 Sq Ft","2025","Rogers Park","1","49","42.01712","-87.67803","(42.01712, -87.67803)"
"251370","6700 N Whipple St","60645","Municipal","> 50,000 Sq Ft","2025","West Ridge","2","50","42.00274","-87.70629","(42.00274, -87.70629)"
"251607","4837 W Erie St","60644","Municipal","> 50,000 Sq Ft","2025","Austin","25","37","41.89204","-87.74738","(41.89204, -87.74738)"
"157161","909 W Washington Blvd","60607","Residential","> 50,000 Sq Ft","2025","Near West Side","28","25","41.88284","-87.65031","(41.88284, -87.65031)"
"175383","5152 5178 S King Dr","60615","Residential","> 50,000 Sq Ft","2025","Washington Heights","73","3","41.80224","-87.60333","(41.80224, -87.60333)"
"105768","4750  N Clarendon Ave","60640","Residential","> 50,000 Sq Ft","2025","Uptown","3","46","41.97223","-87.6646","(41.97223, -87.6646)"
"129245","2011 2023 W Belmont Ave","60618","Residential","> 50,000 Sq Ft","2027","North Center","5","32","41.94672","-87.7032","(41.94672, -87.7032)"
"156854","875 N Dearborn St","60610","Residential","> 50,000 Sq Ft","2025","Near North Side","8","2","41.89888","-87.62936","(41.89888, -87.62936)"
"251479","3800 N New England Ave","60634","Municipal","> 50,000 Sq Ft","2025","Dunning","17","38","41.94967","-87.79939","(41.94967, -87.79939)"
"251299","201 E Delaware St","60611","Residential","> 50,000 Sq Ft","2025","Near North Side","8","2","41.89906","-87.62158","(41.89906, -87.62158)"
"140570","720 726 W Randolph St","60661","Residential","> 50,000 Sq Ft","2025","Near West Side","28","27","41.88321","-87.64337","(41.88321, -87.64337)"
"257046","1400 S Wabash Ave","60605","Residential","> 50,000 Sq Ft","2027","Near South Side","33","3","41.86926","-87.62626","(41.86926, -87.62626)"
"256874","717 S Clark St","60605","Residential","> 250,000 Sq F","2027","Loop","32","4","41.86926","-87.62626","(41.86926, -87.62626)"
"173789","5332 5340 W Windsor","60630","Residential","> 50,000 Sq Ft","2025","Portage Park","15","45","41.972","-87.75757","(41.972, -87.75757)"
"255956","465 N Park Dr","60611","Residential","> 250,000 Sq F","2027","Near North Side","8","42","41.89524","-87.6232","(41.89524, -87.6232)"
"257206","4305 W Madison St","60624","Commercial","> 50,000 Sq Ft",,"West Garfield Park","26","28","41.88078","-87.7232","(41.88078, -87.7232)"
"251241","212 E Cullerton St","60616","Residential","> 50,000 Sq Ft","2027","Near South Side","33","3","41.85554","-87.62198","(41.85554, -87.62198)"
"129303","2940 N Ashland Ave","60657","Commercial","> 50,000 Sq Ft","2026","Lake View","6","32","41.93554","-87.66855","(41.93554, -87.66855)"
"160349","850 S Clark St","60605","Residential","> 50,000 Sq Ft","2025","Loop","32","4","41.89817","-87.63173","(41.89817, -87.63173)"
"104208","4401 4409 N Malden St","60640","Residential","> 50,000 Sq Ft","2027","Uptown","3","46","41.97223","-87.6646","(41.97223, -87.6646)"
"256546","7621 S Greenwood Ave","60619","Commercial","> 50,000 Sq Ft","2025","Greater Grand Crossing","69","8","41.74397","-87.60525","(41.74397, -87.60525)"
"254160","6430 N Kenmore Ave","60626","Commercial","> 50,000 Sq Ft","2027","Rogers Park","1","49","41.99158","-87.65677","(41.99158, -87.65677)"
"250087","3916 W Washington","60624","Residential","> 50,000 Sq Ft","2027","West Garfield Park","26","28","41.88234","-87.7239","(41.88234, -87.7239)"
"103721","209 S Lasalle St","60604","Commercial","> 250,000 Sq Ft","2027","Loop","32","42","41.87909","-87.63182","(41.87909, -87.63182)"
"175494","1415 N Dayton St","60642","Commercial","> 50,000 Sq Ft","2025","Near North Side","8","27","41.90676","-87.64908","(41.90676, -87.64908)"
"251941","5450 N Cumberland Ave","60656","Commercial","> 50,000 Sq Ft","2025","Ohare","76","41","41.97879","-87.83785","(41.97879, -87.83785)"
"138379","6200 N Hiawatha Ave","60646","Commercial","> 50,000 Sq Ft","2025","Forest Glen","12","39","41.99367","-87.74969","(41.99367, -87.74969)"
"175475","333 S Ashland Ave","60607","Commercial","> 50,000 Sq Ft","2025","Near West Side","28","28","41.87719","-87.66665","(41.87719, -87.66665)"
"102556","7450  N Rogers Ave","60626","Residential","> 50,000 Sq Ft","2025","Rogers Park","1","49","42.01036","-87.6683","(42.01036, -87.6683)"
"101038","2111 W Roosevelt Rd","60608","Commercial","> 250,000 Sq Ft","2027","Near West Side","28","28","41.86578","-87.67979","(41.86578, -87.67979)"
"255925","1955 N Richmond St","60647","Residential","> 50,000 Sq Ft","2027","Logan Square","22","26","41.9174","-87.68401","(41.9174, -87.68401)"
"135660","558 W Webster Ave","60614","Residential","> 50,000 Sq Ft","2024","Lincoln Park","7","43","41.92189","-87.64289","(41.92189, -87.64289)"
"103782","136 148 E Huron St","60611","Residential","> 250,000 Sq F","2024","Near North Side","8","42","41.89522","-87.62421","(41.89522, -87.62421)"
"253957","7201-09 S Yates Blvd","60649","Residential","> 50,000 Sq Ft","2025","South Shore","43","7","41.76263","-87.57255","(41.76263, -87.57255)"
"175858","1201 1213 W Leland Ave","60640","Residential","> 50,000 Sq Ft","2025","Uptown","3","46","41.97223","-87.6646","(41.97223, -87.6646)"
"134792","1006 1012 S Michigan Ave","60605","Commercial","> 50,000 Sq Ft","2027","Loop","32","4","41.86971","-87.62438","(41.86971, -87.62438)"
"251550","8441 S Yates Blvd","60617","Municipal","> 50,000 Sq Ft","2025","South Chicago","46","7","41.74148","-87.56567","(41.74148, -87.56567)"
"113086","1001  W Madison St","60607","Residential","> 50,000 Sq Ft","2025","Near West Side","28","25","41.87399","-87.65168","(41.87399, -87.65168)"
"244826","5415 N Sheridan Rd","60640","Residential","> 250,000 Sq F","2027","Edgewater","77","48","41.9803","-87.65446","(41.9803, -87.65446)"
"224902","209 E Lake Shore Dr","60611","Residential","> 250,000 Sq F","2025","Near North Side","8","2","41.9009","-87.62124","(41.9009, -87.62124)"
"253904","1250 W Van Buren St","60607","Residential","> 50,000 Sq Ft","2025","Near West Side","28","28","41.87399","-87.65168","(41.87399, -87.65168)"
"172761","1133 1137 S Wabash Ave","60605","Residential","> 50,000 Sq Ft","2025","Loop","32","4","41.86863","-87.62731","(41.86863, -87.62731)"
"251650","2723 N Fairfield Ave","60647","Municipal","> 50,000 Sq Ft","2027","Logan Square","22","32","41.93099","-87.69605","(41.93099, -87.69605)"
"160277","208 S Lasalle St","60604","Residential","> 250,000 Sq F","2025","Loop","32","42","41.87909","-87.63302","(41.87909, -87.63302)"
"251738","7740 S Ingleside Ave","60619","Municipal","> 50,000 Sq Ft","2025","Greater Grand Crossing","69","8","41.75392","-87.60198","(41.75392, -87.60198)"
"256876","1432 S Clinton St","60607","Commercial","> 50,000 Sq Ft","2027","Near West Side","28","28","41.88321","-87.65877","(41.88321, -87.65877)"
"251282","1100 N Dearborn St","60610","Residential","> 50,000 Sq Ft","2024","Near North Side","8","2","41.90202","-87.63036","(41.90202, -87.63036)"
"251638","4640 S Lamon Ave","60638","Municipal","> 50,000 Sq Ft","2025","Garfield Ridge","56","22","41.80854","-87.74616","(41.80854, -87.74616)"
"251329","900 W Belden Ave","60614","Commercial","> 50,000 Sq Ft","2027","Lincoln Park","7","43","41.92397","-87.65155","(41.92397, -87.65155)"
"174123","400 W 76th St","60620","Commercial","> 50,000 Sq Ft","2025","Greater Grand Crossing","69","6","41.75649","-87.63511","(41.75649, -87.63511)"
"104430","1215 1225 W Granville Ave","60660","Residential","> 50,000 Sq Ft","2025","Edgewater","77","48","41.9909","-87.66661","(41.9909, -87.66661)"
"161131","731 S Plymouth Ct","60605","Residential","> 50,000 Sq Ft","2027","Loop","32","4","41.87269","-87.62838","(41.87269, -87.62838)"
"242935","3660 N Lake Shore Dr","60613","Residential","> 250,000 Sq F","2027","Lake View","6","46","41.94953","-87.64586","(41.94953, -87.64586)"
"165664","4740 N Western Ave","60625","Commercial","> 50,000 Sq Ft","2025","Lincoln Square","4","40","41.96812","-87.68927","(41.96812, -87.68927)"
"103698","22 W Washington St","60602","Commercial","> 250,000 Sq Ft","2027","Loop","32","42","41.88356","-87.6288","(41.88356, -87.6288)"
"157919","5801 N Pulaski Rd - Bldg H","60646","Commercial","> 250,000 Sq Ft","2025","North Park","13","39","41.9858","-87.72846","(41.9858, -87.72846)"
"159738","4100 N Marine Dr","60613","Residential","> 250,000 Sq F","2027","Uptown","3","46","41.95589","-87.64627","(41.95589, -87.64627)"
"250062","558 W De Koven St","60607","Municipal","> 50,000 Sq Ft","2027","Near West Side","28","25","41.86906","-87.64161","(41.86906, -87.64161)"
"257098","2924 W Medill Ave","60647","Residential","> 50,000 Sq Ft","2025","Logan Square","22","1","41.91763","-87.68471","(41.91763, -87.68471)"
"101887","550 W Adams","60661","Commercial","> 250,000 Sq Ft","2024","Near West Side","28","42","41.87955","-87.64174","(41.87955, -87.64174)"
"257100","3759 W Cortland St","60647","Residential","> 50,000 Sq Ft",,"Logan Square","22","26","41.91763","-87.68471","(41.91763, -87.68471)"
"251863","2730 S Kostner Ave","60623","Municipal","> 50,000 Sq Ft","2025","South Lawndale","30","22","41.84134","-87.73549","(41.84134, -87.73549)"
"105012","1016 1030 W Balmoral Ave","60640","Residential","> 50,000 Sq Ft","2025","Edgewater","77","48","41.97223","-87.6646","(41.97223, -87.6646)"
"114858","5100 5110 S Cornell Ave","60615","Residential","> 50,000 Sq Ft","2025","Hyde Park","41","5","41.80224","-87.60333","(41.80224, -87.60333)"
"101788","333 W Wacker Dr","60606","Commercial","> 250,000 Sq Ft","2027","Loop","32","42","41.8861","-87.63592","(41.8861, -87.63592)"
"250140","177 N State St","60601","Commercial","> 50,000 Sq Ft","2023","Loop","32","42","41.8855","-87.62759","(41.8855, -87.62759)"
"141122","6801 6813 N Sheridan Rd","60626","Residential","> 50,000 Sq Ft","2025","Rogers Park","1","49","42.01036","-87.6683","(42.01036, -87.6683)"
"251259","2470 N Clark St","60614","Residential","> 50,000 Sq Ft","2024","Lincoln Park","7","43","41.92732","-87.64211","(41.92732, -87.64211)"
"172529","5 E 14th Pl","60605","Residential","> 50,000 Sq Ft","2025","Near South Side","33","3","41.86215","-87.62699","(41.86215, -87.62699)"
"251785","1439 W Wellington Ave","60657","Commercial","> 50,000 Sq Ft","2025","Lake View","6","32","41.9358","-87.66571","(41.9358, -87.66571)"
"101720","131 S Dearborn","60603","Commercial","> 250,000 Sq Ft","2027","Loop","32","42","41.87981","-87.62855","(41.87981, -87.62855)"
"101718","70 W Madison St","60602","Commercial","> 250,000 Sq Ft","2025","Loop","32","42","41.8823","-87.6302","(41.8823, -87.6302)"
"253956","3611 W Montrose Ave","60618","Residential","> 50,000 Sq Ft","2025","Irving Park","16","35","41.94662","-87.70269","(41.94662, -87.70269)"
"176020","1515 - 1531 E 53rd St","60615","Commercial","> 50,000 Sq Ft","2024","Hyde Park","41","5","41.79925","-87.58844","(41.79925, -87.58844)"
"120347","1033 W Van Buren St","60607","Commercial","> 50,000 Sq Ft","2025","Near West Side","28","25","41.87626","-87.65305","(41.87626, -87.65305)"
"251909","5225 N Oak Park Ave","60656","Municipal","> 50,000 Sq Ft","2027","Norwood Park","10","41","41.97639","-87.79592","(41.97639, -87.79592)"
"177315","1919 S Michigan Ave","60616","Residential","> 50,000 Sq Ft","2027","Near South Side","33","3","41.85617","-87.62385","(41.85617, -87.62385)"
"100683","7000  S Parnell Ave","60621","Residential","> 50,000 Sq Ft","2025","Englewood","68","6","41.77613","-87.64069","(41.77613, -87.64069)"
"253991","1735 N Paulina","60622","Residential","> 50,000 Sq Ft","2025","West Town","24","32","41.91343","-87.67006","(41.91343, -87.67006)"
"251344","3570 N Elston Ave","60618","Commercial","> 50,000 Sq Ft","2026","Avondale","21","35","41.94512","-87.70845","(41.94512, -87.70845)"
"175658","50  E 26th St","60616","Residential","> 50,000 Sq Ft","2025","Near South Side","33","3","41.8455","-87.63056","(41.8455, -87.63056)"
"175813","4260  N Broadway St","60613","Residential","> 50,000 Sq Ft","2027","Uptown","3","46","41.95402","-87.66203","(41.95402, -87.66203)"
"173875","6165  N Winthrop Ave","60660","Residential","> 50,000 Sq Ft","2025","Edgewater","77","48","41.9909","-87.66661","(41.9909, -87.66661)"
"255027","720 S Wells St","60607","Residential","> 250,000 Sq F","2025","Loop","32","25","41.87285","-87.63365","(41.87285, -87.63365)"
"257167","306 W Erie St","60654","Commercial","> 50,000 Sq Ft","2025","Near North Side","8","42","41.88323","-87.6324","(41.88323, -87.6324)"
"157346","5236 5252 S Hyde Park Blvd","60615","Residential","> 50,000 Sq Ft","2025","Hyde Park","41","5","41.80224","-87.60333","(41.80224, -87.60333)"
"160257","1130 N Dearborn St","60610","Residential","> 250,000 Sq F","2027","Near North Side","8","2","41.90292","-87.63041","(41.90292, -87.63041)"
"244809","6007 N Sheridan Rd","60660","Residential","> 250,000 Sq F","2027","Edgewater","77","48","41.99124","-87.65463","(41.99124, -87.65463)"
"242554","3001 S Michigan Ave","60616","Residential","> 250,000 Sq F","2025","Douglas","35","3","41.84586","-87.62921","(41.84586, -87.62921)"
"240400","4343 N Clarendon Ave","60613","Residential","> 250,000 Sq F","2025","Uptown","3","46","41.96123","-87.6492","(41.96123, -87.6492)"
"173774","2816 2828 N Burling St","60657","Residential","> 50,000 Sq Ft","2027","Lake View","6","44","41.93985","-87.65845","(41.93985, -87.65845)"
"175291","1200 W Pratt Blvd","60626","Residential","> 50,000 Sq Ft","2027","Rogers Park","1","49","42.01036","-87.6683","(42.01036, -87.6683)"
"251918","1309 N Wells St","60610","Residential","> 50,000 Sq Ft","2027","Near North Side","8","2","41.90604","-87.63411","(41.90604, -87.63411)"
"104237","536 552 W Addison St","60613","Residential","> 50,000 Sq Ft","2025","Lake View","6","46","41.95402","-87.66203","(41.95402, -87.66203)"
"250164","5440 N Cumberland Ave","60656","Commercial","> 250,000 Sq Ft","2025","Ohare","76","41","41.97799","-87.83748","(41.97799, -87.83748)"
"173804","4600  N Clarendon Ave","60640","Residential","> 50,000 Sq Ft","2025","Uptown","3","46","41.97223","-87.6646","(41.97223, -87.6646)"
"114204","1301 1307 N Astor St","60610","Residential","> 50,000 Sq Ft","2025","Near North Side","8","43","41.90375","-87.63559","(41.90375, -87.63559)"
"173250","7427 7433 N Clark St","60626","Commercial","> 50,000 Sq Ft","2027","Rogers Park","1","49","42.01693","-87.67501","(42.01693, -87.67501)"
"130162","19 E Ohio St","60611","Residential","> 50,000 Sq Ft","2027","Near North Side","8","42","41.89235","-87.62733","(41.89235, -87.62733)"
"101960","78 E Washington St","60602","Municipal","> 50,000 Sq Ft","2027","Loop","32","42","41.88387","-87.62497","(41.88387, -87.62497)"
"257191","2614 N Emmett St","60647","Residential","> 50,000 Sq Ft","2025","Logan Square","22","35","41.88323","-87.6324","(41.88323, -87.6324)"
"161901","11710 S Morgan St","60643","Municipal","> 50,000 Sq Ft","2025","West Pullman","53","34","41.68092","-87.64744","(41.68092, -87.64744)"
"125013","122 160 W 79th St","60620","Commercial","> 50,000 Sq Ft","2025","Greater Grand Crossing","69","17","41.75196","-87.62856","(41.75196, -87.62856)"
"104250","544  W Melrose St","60657","Residential","> 50,000 Sq Ft","2025","Lake View","6","44","41.93985","-87.65845","(41.93985, -87.65845)"
"252023","1309 W 95th St","60643","Commercial","> 50,000 Sq Ft","2027","Washington Heights","73","21","41.72123","-87.65505","(41.72123, -87.65505)"
"162430","119 S Central Park Blvd","60624","Commercial","> 50,000 Sq Ft","2024","East Garfield Park","27","28","41.87884","-87.71555","(41.87884, -87.71555)"
"175294","540  W Surf St","60657","Residential","> 50,000 Sq Ft","2025","Lake View","6","44","41.93985","-87.65845","(41.93985, -87.65845)"
"128798","112 S Michigan Ave","60603","Commercial","> 50,000 Sq Ft","2024","Loop","32","42","41.8804","-87.62481","(41.8804, -87.62481)"
"101839","120 S Riverside Plz","60606","Commercial","> 250,000 Sq Ft","2026","Near West Side","28","42","41.87997","-87.63908","(41.87997, -87.63908)"
"175735","2021  S Morgan St","60608","Residential","> 50,000 Sq Ft","2025","Lower West Side","31","25","41.84915","-87.6709","(41.84915, -87.6709)"
"171924","4640 S Halsted St","60609","Commercial","> 250,000 Sq Ft","2024","New City","61","11","41.81001","-87.64727","(41.81001, -87.64727)"
"252031","201 E Walton Pl","60611","Residential","> 50,000 Sq Ft","2027","Near North Side","8","2","41.89981","-87.62141","(41.89981, -87.62141)"
"161181","820 N Lasalle St","60610","Commercial","> 50,000 Sq Ft","2027","Near North Side","8","2","41.89735","-87.63307","(41.89735, -87.63307)"
"251439","10115 S Prairie Ave","60628","Municipal","> 50,000 Sq Ft","2027","Roseland","49","9","41.71036","-87.61704","(41.71036, -87.61704)"
"100431","1100 N Clark St","60610","Commercial","> 50,000 Sq Ft","2025","Near North Side","8","2","41.90238","-87.63184","(41.90238, -87.63184)"
"256811","1201 E 60th St","60637","Commercial","> 50,000 Sq Ft","2027","Woodlawn","42","20","41.77693","-87.60951","(41.77693, -87.60951)"
"251965","3445 3481 S King Dr","60616","Commercial","> 50,000 Sq Ft","2025","Douglas","35","4","41.83151","-87.61643","(41.83151, -87.61643)"
"251559","25 W 47th St","60609","Municipal","> 50,000 Sq Ft","2025","Grand Boulevard","38","3","41.80886","-87.6267","(41.80886, -87.6267)"
"162804","3539  N Halsted St","60657","Residential","> 50,000 Sq Ft","2025","Lake View","6","46","41.93985","-87.65845","(41.93985, -87.65845)"
"101681","7435 W Talcott Ave","60631","Commercial","> 250,000 Sq Ft","2027","Norwood Park","10","41","41.98632","-87.81457","(41.98632, -87.81457)"
"104323","4215 4221 N Broadway","60613","Residential","> 50,000 Sq Ft","2025","Uptown","3","46","41.95402","-87.66203","(41.95402, -87.66203)"
"173724","2320 N Kenmore Ave","60614","Commercial","> 50,000 Sq Ft","2027","Lincoln Park","7","43","41.92408","-87.65537","(41.92408, -87.65537)"
"113668","229 235 E Lake Shore Dr","60611","Residential","> 50,000 Sq Ft","2025","Near North Side","8","2","41.89579","-87.62248","(41.89579, -87.62248)"
"159247","1633 W Madison St","60612","Residential","> 250,000 Sq F","2027","Near West Side","28","27","41.88068","-87.66808","(41.88068, -87.66808)"
"165425","2320  W 113th Pl","60643","Commercial","> 250,000 Sq Ft","2027","Morgan Park","75","19","41.69818","-87.66237","(41.69818, -87.66237)"
"254352","126 E Chestnut St","60611","Commercial","> 50,000 Sq Ft","2025","Near North Side","8","42","41.89535","-87.62273","(41.89535, -87.62273)"
"257087","3431 N Ashland Ave","60657","Residential","> 50,000 Sq Ft","2025","Lake View","6","44","41.9397","-87.66901","(41.9397, -87.66901)"
"255941","1801 W Jackson Blvd","60612","Commercial","> 50,000 Sq Ft","2026","Near West Side","28","27","41.87764","-87.67413","(41.87764, -87.67413)"
"113617","1418  N Lake Shore Dr","60610","Residential","> 50,000 Sq Ft","2025","Near North Side","8","43","41.90375","-87.63559","(41.90375, -87.63559)"
"260184","2728 N Hampden Ct","60614","Residential","> 50,000 Sq Ft","2025","Lincoln Park","7","43","41.92201","-87.65462","(41.92201, -87.65462)"
"167641","4217 W 18th St","60623","Municipal","> 50,000 Sq Ft","2025","North Lawndale","29","24","41.85693","-87.73059","(41.85693, -87.73059)"
"158431","600 N Michigan Ave","60611","Commercial","> 50,000 Sq Ft","2027","Near North Side","8","42","41.89293","-87.62488","(41.89293, -87.62488)"
"176015","2734 S Wentworth Ave","60616","Residential","> 50,000 Sq Ft","2027","Armour Square","34","11","41.8455","-87.63056","(41.8455, -87.63056)"
"250143","325 N Wells St","60654","Commercial","> 50,000 Sq Ft","2025","Near North Side","8","42","41.88833","-87.63394","(41.88833, -87.63394)"
"250029","5531 S Martin Luther King Dr","60637","Municipal","> 50,000 Sq Ft","2025","Washington Park","40","20","41.79355","-87.61525","(41.79355, -87.61525)"
"115816","2061  N Campbell Ave","60647","Residential","> 50,000 Sq Ft","2025","Logan Square","22","1","41.92075","-87.70153","(41.92075, -87.70153)"
"160429","318 S Throop St","60607","Residential","> 50,000 Sq Ft","2026","Near West Side","28","27","41.87711","-87.65983","(41.87711, -87.65983)"
"227642","6171 N Sheridan Rd","60660","Residential","> 250,000 Sq F","2025","Edgewater","77","48","41.99444","-87.65487","(41.99444, -87.65487)"
"240953","700 N Larrabee St","60654","Residential","> 250,000 Sq F","2025","Near North Side","8","42","41.89478","-87.64295","(41.89478, -87.64295)"
"135113","57 - 63 W Grand Ave","60654","Commercial","> 50,000 Sq Ft","2027","Near North Side","8","42","41.89159","-87.6304","(41.89159, -87.6304)"
"172306","900 910 W Vanburen St","60607","Commercial","> 50,000 Sq Ft","2024","Near West Side","28","25","41.87685","-87.64988","(41.87685, -87.64988)"
"251601","4815 S Karlov Ave","60632","Municipal","> 50,000 Sq Ft","2025","Archer Heights","57","14","41.80546","-87.72557","(41.80546, -87.72557)"
"251960","45 W North Blvd","60610","Commercial","> 50,000 Sq Ft","2025","Near North Side","8","2","41.91117","-87.63019","(41.91117, -87.63019)"
"242661","2921 S Michigan Ave","60616","Residential","> 50,000 Sq Ft","2025","Douglas","35","4","41.84171","-87.62283","(41.84171, -87.62283)"
"256952","2100 S Morgan","60608","Commercial","> 50,000 Sq Ft","2025","Lower West Side","31","25","41.8591","-87.66009","(41.8591, -87.66009)"
"105852","7100  S South Shore Dr","60649","Residential","> 50,000 Sq Ft","2025","South Shore","43","7","41.76259","-87.57232","(41.76259, -87.57232)"
"175181","652  E 50th St","60615","Residential","> 50,000 Sq Ft","2024","Grand Boulevard","38","4","41.80224","-87.60333","(41.80224, -87.60333)"
"254996","1521 W North Ave","60642","Commercial","> 50,000 Sq Ft","2025","West Town","24","2","41.91063","-87.66609","(41.91063, -87.66609)"
"244282","600 N Fairbanks Ct","60611","Residential","> 250,000 Sq F","2027","Near North Side","8","42","41.89282","-87.62071","(41.89282, -87.62071)"
"251887","1522 W Fillmore Blvd","60607","Municipal","> 50,000 Sq Ft","2025","Near West Side","28","28","41.86871","-87.66486","(41.86871, -87.66486)"
"251496","4320 W 5th Ave","60624","Municipal","> 50,000 Sq Ft","2025","West Garfield Park","26","24","41.87103","-87.73349","(41.87103, -87.73349)"
"251662","3730 N Laramie Ave","60641","Municipal","> 50,000 Sq Ft","2025","Portage Park","15","45","41.94918","-87.7588","(41.94918, -87.7588)"
"257077","833 W Wilson Ave","60640","Residential","> 50,000 Sq Ft","2025","Uptown","3","46","41.96953","-87.65617","(41.96953, -87.65617)"
"162351","7500 W Talcott Ave","60631","Commercial","> 50,000 Sq Ft","2027","Norwood Park","10","41","41.9912","-87.81565","(41.9912, -87.81565)"
"251340","625 S Ashland Ave","60607","Residential","> 50,000 Sq Ft","2026","Near West Side","28","28","41.89308","-87.66679","(41.89308, -87.66679)"
"251388","832 W Sheridan Rd","60613","Municipal","> 50,000 Sq Ft","2025","Lake View","6","46","41.95314","-87.6506","(41.95314, -87.6506)"
"173935","6920  S Crandon Ave","60649","Residential","> 50,000 Sq Ft","2027","South Shore","43","5","41.76259","-87.57232","(41.76259, -87.57232)"
"175907","5424  W Washington Blvd","60644","Residential","> 50,000 Sq Ft","2025","Austin","25","28","41.88039","-87.75827","(41.88039, -87.75827)"
"251889","4310 N Melvina Ave","60634","Municipal","> 50,000 Sq Ft","2025","Portage Park","15","38","41.95925","-87.78262","(41.95925, -87.78262)"
"256431","3140 S Michigan Avenue","60616","Residential","> 50,000 Sq Ft","2025","Douglas","35","3","41.84233","-87.62715","(41.84233, -87.62715)"
"256882","1648 W Division St","60622","Residential","> 50,000 Sq Ft","2026","West Town","24","1","41.90555","-87.6731","(41.90555, -87.6731)"
"244017","405 N Wabash Ave","60611","Residential","> 250,000 Sq F","2025","Near North Side","8","42","41.88888","-87.62644","(41.88888, -87.62644)"
"101904","2115  W Farwell Ave","60645","Residential","> 50,000 Sq Ft","2025","West Ridge","2","50","42.0088","-87.69503","(42.0088, -87.69503)"
"251721","1010 N Wells St","60610","Municipal","> 50,000 Sq Ft","2025","Near North Side","8","27","41.90088","-87.63439","(41.90088, -87.63439)"
"255015","730 W Couch Pl","60661","Residential","> 250,000 Sq F","2027","Near West Side","28","27","41.88516","-87.64693","(41.88516, -87.64693)"
"254569","833 N Clark St","60610","Residential","> 250,000 Sq F","2025","Near North Side","8","2","41.90412","-87.63142","(41.90412, -87.63142)"
"135082","320 S Plymouth Ct","60604","Commercial","> 50,000 Sq Ft","2025","Loop","32","4","41.87769","-87.62901","(41.87769, -87.62901)"
"101727","500 W Madison St","60661","Commercial","> 250,000 Sq Ft","2025","Near West Side","28","42","41.8824","-87.64048","(41.8824, -87.64048)"
"254074","2007 N Sedgwick","60614","Residential","> 50,000 Sq Ft","2025","Lincoln Park","7","43","41.92174","-87.65392","(41.92174, -87.65392)"
"114228","331  S Peoria St","60607","Residential","> 50,000 Sq Ft","2026","Near West Side","28","25","41.87399","-87.65168","(41.87399, -87.65168)"
"255009","750 N Hudson Ave","60654","Residential","> 250,000 Sq F","2025","Near North Side","8","42","41.89622","-87.64008","(41.89622, -87.64008)"
"251263","111 W Maple St","60610","Commercial","> 250,000 Sq Ft","2027","Near North Side","8","2","41.9018","-87.63245","(41.9018, -87.63245)"
"102309","3601 N Milwaukee Ave","60641","Municipal","> 250,000 Sq Ft","2025","Irving Park","16","45","41.94751","-87.73551","(41.94751, -87.73551)"
"223537","5348-5358 N Cumberland Ave","60656","Residential","> 50,000 Sq Ft","2025","Ohare","76","41","41.97645","-87.83665","(41.97645, -87.83665)"
"242236","1550 S Blue Island Ave","60608","Residential","> 250,000 Sq F","2024","Near West Side","28","25","41.86061","-87.6597","(41.86061, -87.6597)"
"131155","217 221 N Jefferson St","60661","Commercial","> 50,000 Sq Ft","2025","Near West Side","28","42","41.88321","-87.64337","(41.88321, -87.64337)"
"252058","915 E 60th St","60637","Commercial","> 50,000 Sq Ft","2027","Woodlawn","42","20","41.78585","-87.60382","(41.78585, -87.60382)"
"251611","8050 S Chappel Ave","60617","Municipal","> 50,000 Sq Ft","2025","South Chicago","46","8","41.74856","-87.5751","(41.74856, -87.5751)"
"128800","155 E Superior St","60611","Commercial","> 50,000 Sq Ft","2026","Near North Side","8","42","41.89555","-87.62318","(41.89555, -87.62318)"
"251473","6634 W Raven St","60631","Municipal","> 50,000 Sq Ft","2025","Norwood Park","10","41","41.99415","-87.79251","(41.99415, -87.79251)"
"147738","437  W Division St","60610","Residential","> 50,000 Sq Ft","2025","Near North Side","8","27","41.90375","-87.63559","(41.90375, -87.63559)"
"251718","4728 N Wolcott Ave","60640","Municipal","> 50,000 Sq Ft","2025","Lincoln Square","4","47","41.96819","-87.67665","(41.96819, -87.67665)"
"250101","2140 N Clark St","60614","Residential","> 50,000 Sq Ft","2027","Lincoln Park","7","43","41.92119","-87.63816","(41.92119, -87.63816)"
"119914","8411 S Holland Rd","60620","Commercial","> 250,000 Sq Ft","2026","Chatham","44","21","41.74033","-87.63114","(41.74033, -87.63114)"
"251685","6350 S Stewart St","60621","Commercial","> 50,000 Sq Ft","2025","Englewood","68","20","41.77834","-87.63556","(41.77834, -87.63556)"
"256745","4071 N Oak Park Ave","60634","Commercial","> 50,000 Sq Ft","2027","Dunning","17","38","41.93992","-87.80117","(41.93992, -87.80117)"
"260078","1626  W 87th St","60620","Residential","> 50,000 Sq Ft","2025","Auburn Gresham","71","21","41.74023","-87.65353","(41.74023, -87.65353)"
"251715","55 W Cermak Rd","60616","Municipal","> 50,000 Sq Ft","2025","Near South Side","33","3","41.8519","-87.62876","(41.8519, -87.62876)"
"256674","1259 N Wood Street","60622","Residential","> 50,000 Sq Ft","2026","West Town","24","1","41.88425","-87.63245","(41.88425, -87.63245)"
"116716","1819 S Michigan Ave","60616","Residential","> 50,000 Sq Ft","2025","Near South Side","33","3","41.8455","-87.63056","(41.8455, -87.63056)"
"255743","730 South Clark Street","60605","Residential","> 250,000 Sq F","2025","Loop","32","4","41.86815","-87.62702","(41.86815, -87.62702)"
"252259","4536-40 N Magnolia Ave","60640","Residential","> 50,000 Sq Ft","2025","Uptown","3","46","41.96422","-87.66098","(41.96422, -87.66098)"
"103798","844 W Rush St","60611","Commercial","> 250,000 Sq Ft","2027","Near North Side","8","42","41.89798","-87.62623","(41.89798, -87.62623)"
"119685","216  E Ontario St","60611","Residential","> 50,000 Sq Ft","2025","Near North Side","8","42","41.89579","-87.62248","(41.89579, -87.62248)"
"158184","33 W Monroe St","60603","Commercial","> 250,000 Sq Ft","2027","Loop","32","42","41.88039","-87.62879","(41.88039, -87.62879)"
"251243","333 N Jefferson St","60661","Residential","> 50,000 Sq Ft","2025","Near West Side","28","42","41.88785","-87.6424","(41.88785, -87.6424)"
"159418","3001 S King Dr","60616","Residential","> 250,000 Sq F","2027","Douglas","35","4","41.8392","-87.61662","(41.8392, -87.61662)"
"255090","7122 S Jeffery Blvd","60649","Commercial","> 50,000 Sq Ft","2025","South Shore","43","5","41.75922","-87.56185","(41.75922, -87.56185)"
"116413","2108  S Princeton Ave","60616","Residential","> 50,000 Sq Ft","2025","Armour Square","34","25","41.8455","-87.63056","(41.8455, -87.63056)"
"175441","2520 S Western Ave","60608","Commercial","> 50,000 Sq Ft","2025","Lower West Side","31","25","41.84567","-87.68587","(41.84567, -87.68587)"
"103661","980 N Michigan Ave","60611","Commercial","> 250,000 Sq Ft","2027","Near North Side","8","42","41.90056","-87.62421","(41.90056, -87.62421)"
"260008","2731 2739 N Milwaukee Ave","60647","Residential","> 50,000 Sq Ft","2027","Logan Square","22","35","41.92075","-87.70153","(41.92075, -87.70153)"
"116876","3720  W Armitage Ave","60647","Residential","> 50,000 Sq Ft","2025","Logan Square","22","26","41.92075","-87.70153","(41.92075, -87.70153)"
"173632","7 W Madison St","60602","Residential","> 50,000 Sq Ft","2024","Loop","32","42","41.88201","-87.62822","(41.88201, -87.62822)"
"172613","2720 2730 N Greenview Ave","60614","Residential","> 50,000 Sq Ft","2027","Lincoln Park","7","32","41.92201","-87.65462","(41.92201, -87.65462)"
"175981","860 W Evergreen Ave","60642","Commercial","> 50,000 Sq Ft","2027","Near North Side","8","27","41.90611","-87.65013","(41.90611, -87.65013)"
"260086","5541  S Everett Ave","60637","Residential","> 50,000 Sq Ft","2025","Hyde Park","41","5","41.78046","-87.60531","(41.78046, -87.60531)"
"250095","6360 S Minerva Ave","60637","Residential","> 50,000 Sq Ft","2027","Woodlawn","42","20","41.77908","-87.5967","(41.77908, -87.5967)"
"256408","320 E Superior Street","60611","Commercial","> 50,000 Sq Ft","2027","Near North Side","8","2","41.89837","-87.62282","(41.89837, -87.62282)"
"174215","3711  S Vincennes Ave","60653","Residential","> 250,000 Sq F","2025","Oakland","36","4","41.82021","-87.61247","(41.82021, -87.61247)"
"256805","6800 N Western Ave","60645","Residential","> 50,000 Sq Ft","2026","West Ridge","2","50","42.01223","-87.69301","(42.01223, -87.69301)"
"251444","12302 S State St","60628","Municipal","> 50,000 Sq Ft","2025","West Pullman","53","9","41.67002","-87.62319","(41.67002, -87.62319)"
"251217","3200 N Lake Shore Dr","60657","Residential","> 250,000 Sq F","2027","Lake View","6","44","41.94064","-87.63958","(41.94064, -87.63958)"
"254075","601 W Jackson","60661","Residential","> 50,000 Sq Ft","2025","Near West Side","28","42","41.88321","-87.64337","(41.88321, -87.64337)"
"256833","145 South Wells","60606","Commercial","> 50,000 Sq Ft","2025","Loop","32","42","41.88425","-87.63245","(41.88425, -87.63245)"
"175218","5200  S Ellis Ave","60615","Residential","> 50,000 Sq Ft","2025","Hyde Park","41","5","41.80224","-87.60333","(41.80224, -87.60333)"
"116644","60  E 36th Pl","60653","Residential","> 50,000 Sq Ft","2025","Douglas","35","3","41.82021","-87.61247","(41.82021, -87.61247)"
"175984","1140  N Lasalle St","60610","Residential","> 50,000 Sq Ft","2025","Near North Side","8","27","41.90375","-87.63559","(41.90375, -87.63559)"
"104838","421  W Barry Ave","60657","Residential","> 50,000 Sq Ft","2025","Lake View","6","44","41.93985","-87.65845","(41.93985, -87.65845)"
"105858","546 550 W Arlington Pl","60614","Residential","> 50,000 Sq Ft","2026","Lincoln Park","7","43","41.92201","-87.65462","(41.92201, -87.65462)"
"106113","721 729 W Sheridan Rd","60613","Residential","> 50,000 Sq Ft","2025","Lake View","6","46","41.95402","-87.66203","(41.95402, -87.66203)"
"254060","1524 S Sangamon St","60608","Residential","> 250,000 Sq F","2027","Near West Side","28","11","41.8493","-87.67088","(41.8493, -87.67088)"
"117179","3318  N Lake Shore Dr","60657","Residential","> 50,000 Sq Ft","2025","Lake View","6","44","41.93985","-87.65845","(41.93985, -87.65845)"
"256819","100 South State Street","60603","Commercial","> 50,000 Sq Ft","2025","Loop","32","34","41.88425","-87.63245","(41.88425, -87.63245)"
"250046","600 S State St","60605","Municipal","> 250,000 Sq Ft","2025","Loop","32","4","41.87429","-87.62766","(41.87429, -87.62766)"
"251700","4540 N Hamlin Ave","60625","Municipal","> 50,000 Sq Ft","2025","Albany Park","14","35","41.96373","-87.72366","(41.96373, -87.72366)"
"102363","2501 W Addison St","60618","Municipal","> 250,000 Sq Ft","2025","North Center","5","47","41.94499","-87.69078","(41.94499, -87.69078)"
"251457","10041 S Union Ave","60628","Municipal","> 50,000 Sq Ft","2025","Washington Heights","73","34","41.71106","-87.6402","(41.71106, -87.6402)"
"251385","1630 W Barry Ave","60657","Municipal","> 50,000 Sq Ft","2025","Lake View","6","32","41.93813","-87.66982","(41.93813, -87.66982)"
"174206","1300  N State Pkwy","60610","Residential","> 50,000 Sq Ft","2025","Near North Side","8","2","41.90375","-87.63559","(41.90375, -87.63559)"
"251623","5600 W Iowa St","60651","Municipal","> 50,000 Sq Ft","2027","Austin","25","29","41.8967","-87.76557","(41.8967, -87.76557)"
"174247","421  E 62nd St","60637","Residential","> 250,000 Sq F","2026","Woodlawn","42","20","41.78046","-87.60531","(41.78046, -87.60531)"
"101751","7500  S South Shore Dr","60649","Residential","> 50,000 Sq Ft","2025","South Shore","43","7","41.76259","-87.57232","(41.76259, -87.57232)"
"175898","3622 S State St","60609","Residential","> 50,000 Sq Ft","2027","Douglas","35","3","41.81195","-87.65513","(41.81195, -87.65513)"
"256425","3255 S Dearborn Street","60616","Commercial","> 50,000 Sq Ft","2025","Douglas","35","3","41.84233","-87.62715","(41.84233, -87.62715)"
"236480","5855 N Sheridan Rd","60660","Residential","> 250,000 Sq F","2027","Edgewater","77","48","41.98885","-87.6547","(41.98885, -87.6547)"
"174204","1209 W Arthur Ave","60626","Residential","> 50,000 Sq Ft","2027","Rogers Park","1","49","42.01036","-87.6683","(42.01036, -87.6683)"
"253958","523 S Plymouth Ct","60605","Residential","> 50,000 Sq Ft","2025","Loop","32","4","41.86842","-87.62414","(41.86842, -87.62414)"
"256410","300 E Superior Street","60611","Commercial","> 250,000 Sq Ft","2027","Near North Side","8","2","41.89837","-87.62282","(41.89837, -87.62282)"
"102032","450  W Briar Pl","60657","Residential","> 50,000 Sq Ft","2025","Lake View","6","44","41.93985","-87.65845","(41.93985, -87.65845)"
"251544","3826 W 58th St","60629","Municipal","> 50,000 Sq Ft","2025","West Elsdon","62","23","41.78841","-87.71973","(41.78841, -87.71973)"
"257085","6044 N Winthrop Ave","60660","Residential","> 50,000 Sq Ft",,"Edgewater","77","48","41.99106","-87.6676","(41.99106, -87.6676)"
"100533","6201 S Stewart Ave","60621","Municipal","> 50,000 Sq Ft","2025","Englewood","68","20","41.78206","-87.63427","(41.78206, -87.63427)"
"256543","360 W Erie Street","60654","Residential","> 50,000 Sq Ft","2025","Near North Side","8","42","41.89293","-87.63511","(41.89293, -87.63511)"
"175725","7707  W Irving Park Rd","60634","Residential","> 50,000 Sq Ft","2025","Dunning","17","38","41.9453","-87.80187","(41.9453, -87.80187)"
"250151","244 E Pearson St","60611","Residential","> 50,000 Sq Ft","2025","Near North Side","8","2","41.89796","-87.61992","(41.89796, -87.61992)"
"158743","4344 4360 N Broadway","60613","Residential","> 50,000 Sq Ft","2025","Uptown","3","46","41.96139","-87.65532","(41.96139, -87.65532)"
"102838","13550  S Avenue O","60633","Commercial","> 50,000 Sq Ft","2025","Hegewisch","55","10","41.6514","-87.54583","(41.6514, -87.54583)"
"165143","1601 N Clark St","60614","Commercial","> 250,000 Sq Ft","2025","Lincoln Park","7","43","41.912","-87.63151","(41.912, -87.63151)"
"103871","111 S Peoria St","60607","Residential","> 250,000 Sq F","2025","Near West Side","28","27","41.87399","-87.65168","(41.87399, -87.65168)"
"257221","1529 N Fremont St","60642","Residential","> 50,000 Sq Ft",,"Near North Side","8","2","41.89983","-87.66192","(41.89983, -87.66192)"
"257173","24 East Washington Street","60602","Commercial","> 250,000 Sq Ft","2027","Loop","32","34","41.88292","-87.6294","(41.88292, -87.6294)"
"156876","60 W Walton St","60610","Commercial","> 50,000 Sq Ft","2027","Near North Side","8","2","41.90002","-87.63061","(41.90002, -87.63061)"
"240573","70 W Burton Pl","60610","Residential","> 250,000 Sq F","2027","Near North Side","8","2","41.90967","-87.63126","(41.90967, -87.63126)"
"115231","1209 1213 W Sherwin Ave","60626","Residential","> 50,000 Sq Ft","2025","Rogers Park","1","49","42.01036","-87.6683","(42.01036, -87.6683)"
"174249","3250 W 87th St","60652","Commercial","> 50,000 Sq Ft","2025","Ashburn","70","18","41.73514","-87.70615","(41.73514, -87.70615)"
"257127","3821 N Ashland Ave","60613","Residential","> 50,000 Sq Ft","2025","Lake View","6","47","41.95459","-87.67062","(41.95459, -87.67062)"
"160280","118 E Erie St","60611","Residential","> 250,000 Sq F","2027","Near North Side","8","42","41.89444","-87.62464","(41.89444, -87.62464)"
"101557","2 E 8th St","60605","Residential","> 250,000 Sq F","2025","Loop","32","4","41.87183","-87.62723","(41.87183, -87.62723)"
"173870","1061  W Rosemont Ave","60660","Residential","> 50,000 Sq Ft","2025","Edgewater","77","48","41.9909","-87.66661","(41.9909, -87.66661)"
"172151","6045 S Kenwood Ave","60637","Commercial","> 50,000 Sq Ft","2027","Woodlawn","42","20","41.78471","-87.59261","(41.78471, -87.59261)"
"173488","8734 W Catalpa","60656","Commercial","> 50,000 Sq Ft","2027","Ohare","76","41","41.97919","-87.84485","(41.97919, -87.84485)"
"157100","1611  W Division St","60622","Residential","> 50,000 Sq Ft","2025","West Town","24","1","41.90225","-87.68448","(41.90225, -87.68448)"
"252104","2650 W Bradley Pl","60618","Commercial","> 250,000 Sq Ft","2024","North Center","5","47","41.94948","-87.6937","(41.94948, -87.6937)"
"163996","2145 N Halsted St","60614","Commercial","> 50,000 Sq Ft","2025","Lincoln Park","7","43","41.9214","-87.64783","(41.9214, -87.64783)"
"105454","530  W Arlington Pl","60614","Residential","> 50,000 Sq Ft","2025","Lincoln Park","7","43","41.92201","-87.65462","(41.92201, -87.65462)"
"254567","545 Mcclurg Ct","60611","Residential","> 250,000 Sq F","2027","Near North Side","8","42","41.89535","-87.62273","(41.89535, -87.62273)"
"160422","505 N State St","60654","Residential","> 50,000 Sq Ft","2027","Near North Side","8","42","41.89109","-87.62752","(41.89109, -87.62752)"
"120010","1001 N Crosby","60610","Commercial","> 50,000 Sq Ft","2027","Near North Side","8","27","41.90074","-87.64379","(41.90074, -87.64379)"
"160105","71 E Wacker Dr","60601","Residential","> 250,000 Sq F","2025","Loop","32","42","41.88737","-87.62565","(41.88737, -87.62565)"
"256815","2480 N Milwaukee Ave","60647","Residential","> 250,000 Sq F","2027","Logan Square","22","32","41.92103","-87.69138","(41.92103, -87.69138)"
"256884","633 S Lasalle St","60605","Residential","> 50,000 Sq Ft",,"Loop","32","34","41.86926","-87.62626","(41.86926, -87.62626)"
"158526","540 N Michigan Ave","60611","Residential","> 250,000 Sq F","2025","Near North Side","8","42","41.89213","-87.62486","(41.89213, -87.62486)"
"141031","4101 4123 N Sheridan Rd","60613","Residential","> 50,000 Sq Ft","2027","Uptown","3","46","41.95402","-87.66203","(41.95402, -87.66203)"
"161053","1000 - 1008 W Loyola Ave","60626","Residential","> 50,000 Sq Ft","2027","Rogers Park","1","49","42.00188","-87.65659","(42.00188, -87.65659)"
"250045","6220 S Stony Island Ave","60637","Municipal","> 250,000 Sq Ft","2025","Woodlawn","42","5","41.78217","-87.58726","(41.78217, -87.58726)"
"120137","1300 S Clinton St","60607","Commercial","> 50,000 Sq Ft","2025","Near West Side","28","11","41.86476","-87.64065","(41.86476, -87.64065)"
"252077","5050 S Homan Ave","60632","Commercial","> 50,000 Sq Ft","2025","Gage Park","63","14","41.80165","-87.7087","(41.80165, -87.7087)"
"172289","1214 1222 W Madison St","60607","Residential","> 50,000 Sq Ft","2025","Near West Side","28","25","41.88196","-87.65796","(41.88196, -87.65796)"
"134727","2451 W Touhy Ave","60645","Commercial","> 50,000 Sq Ft","2027","West Ridge","2","50","42.01176","-87.69201","(42.01176, -87.69201)"
"105790","5046 5052 N Sheridan Rd","60640","Residential","> 50,000 Sq Ft","2025","Uptown","3","48","41.97478","-87.65502","(41.97478, -87.65502)"
"100947","7131 7143 S Yates Blvd","60649","Residential","> 50,000 Sq Ft","2027","South Shore","43","7","41.76259","-87.57232","(41.76259, -87.57232)"
"102532","2320 E 93rd St","60617","Commercial","> 250,000 Sq Ft","2027","Calumet Heights","48","7","41.72674","-87.56695","(41.72674, -87.56695)"
"251717","5437 W 64th Pl","60629","Municipal","> 50,000 Sq Ft","2027","West Elsdon","62","13","41.77534","-87.75781","(41.77534, -87.75781)"
"112530","4240 4248 N Clarendon Ave","60613","Residential","> 50,000 Sq Ft","2027","Uptown","3","46","41.95402","-87.66203","(41.95402, -87.66203)"
"127877","7510 - 7578 N Western Ave","60645","Commercial","> 50,000 Sq Ft","2027","West Ridge","2","50","42.01799","-87.69084","(42.01799, -87.69084)"
"160264","365 N Halsted St","60661","Residential","> 250,000 Sq F","2025","West Town","24","42","41.8883","-87.64749","(41.8883, -87.64749)"
"252218","343 W. Erie St","60654","Commercial","> 50,000 Sq Ft","2025","Near North Side","8","42","41.8939","-87.63774","(41.8939, -87.63774)"
"175740","17  N Loomis St","60607","Residential","> 50,000 Sq Ft","2025","Near West Side","28","27","41.87399","-87.65168","(41.87399, -87.65168)"
"106159","101 113 W Division St","60610","Residential","> 50,000 Sq Ft","2027","Near North Side","8","27","41.90375","-87.63559","(41.90375, -87.63559)"
"160438","155 N Wacker Dr","60606","Commercial","> 250,000 Sq Ft","2027","Loop","32","42","41.88466","-87.63681","(41.88466, -87.63681)"
"251908","1420 W 17th St","60608","Municipal","> 50,000 Sq Ft","2027","Lower West Side","31","25","41.85903","-87.66243","(41.85903, -87.66243)"
"116536","4101  S Calumet Ave","60653","Residential","> 50,000 Sq Ft","2025","Grand Boulevard","38","3","41.82021","-87.61247","(41.82021, -87.61247)"
"256552","4758 N Laramie Ave","60630","Residential","> 50,000 Sq Ft","2025","Portage Park","15","45","41.9742","-87.75709","(41.9742, -87.75709)"
"228537","201 E Chestnut St","60611","Residential","> 50,000 Sq Ft","2027","Near North Side","8","2","41.8981","-87.62158","(41.8981, -87.62158)"
"160283","345 E Ohio St","60611","Residential","> 250,000 Sq F","2025","Near North Side","8","42","41.89225","-87.61909","(41.89225, -87.61909)"
"256784","450 W Belmont Ave","60657","Residential","> 50,000 Sq Ft","2027","Lake View","6","44","41.93956","-87.66848","(41.93956, -87.66848)"
"254347","1900 W Jackson Blvd","60612","Commercial","> 250,000 Sq Ft","2025","Near West Side","28","27","41.87687","-87.68381","(41.87687, -87.68381)"
"251266","363 W Erie St","60654","Commercial","> 50,000 Sq Ft","2027","Near North Side","8","42","41.89372","-87.63816","(41.89372, -87.63816)"
"240215","757 N Orleans St","60654","Residential","> 250,000 Sq F","2024","Near North Side","8","42","41.89627","-87.63667","(41.89627, -87.63667)"
"254367","350 E South Water St","60601","Commercial","> 50,000 Sq Ft","2025","Loop","32","42","41.88582","-87.62537","(41.88582, -87.62537)"
"251770","8420 W Bryn Mawr Ave","60631","Commercial","> 50,000 Sq Ft","2027","Ohare","76","41","41.98113","-87.83785","(41.98113, -87.83785)"
"175223","833 857 W Fulton Market","60607","Residential","> 50,000 Sq Ft","2025","Near West Side","28","27","41.87399","-87.65168","(41.87399, -87.65168)"
"159733","4827 N Sheridan Rd","60640","Residential","> 50,000 Sq Ft","2025","Uptown","3","46","41.96968","-87.65441","(41.96968, -87.65441)"
"257218","1609 W 21st Pl","60608","Residential","> 50,000 Sq Ft",,"Lower West Side","31","25","41.85235","-87.66698","(41.85235, -87.66698)"
"251537","2332 S Western Ave","60608","Municipal","> 50,000 Sq Ft","2025","Lower West Side","31","25","41.84925","-87.68697","(41.84925, -87.68697)"
"250080","3030 W 21st Pl","60623","Residential","> 250,000 Sq F","2027","South Lawndale","30","24","41.85332","-87.70145","(41.85332, -87.70145)"
"115784","7455 7469 N Greenview Ave","60626","Residential","> 50,000 Sq Ft","2025","Rogers Park","1","49","42.01036","-87.6683","(42.01036, -87.6683)"
"250039","801 E 133rd Pl","60827","Municipal","> 50,000 Sq Ft","2025","Riverdale","54","9","41.65255","-87.60176","(41.65255, -87.60176)"
"251521","2712 S Sawyer Ave","60623","Municipal","> 50,000 Sq Ft","2025","South Lawndale","30","22","41.84204","-87.70654","(41.84204, -87.70654)"
"251625","3252 N Broadway Ave","60657","Municipal","> 50,000 Sq Ft","2025","Lake View","6","44","41.94159","-87.64475","(41.94159, -87.64475)"
"251992","11555 W Touhy Ave","60666","Commercial","> 250,000 Sq Ft","2027","Ohare","76","41","42.00838","-87.90556","(42.00838, -87.90556)"
"254573","3753 3755 S Cottage Grove Ave","60653","Residential","> 50,000 Sq Ft","2025","Oakland","36","4","41.81571","-87.61826","(41.81571, -87.61826)"
"175728","808 812 W Junior Ter","60613","Residential","> 50,000 Sq Ft","2025","Uptown","3","46","41.95402","-87.66203","(41.95402, -87.66203)"
"243692","5445 N Sheridan Rd","60640","Residential","> 250,000 Sq F","2025","Edgewater","77","48","41.98109","-87.65453","(41.98109, -87.65453)"
"257203","750 N Avers Ave","60624","Residential","> 50,000 Sq Ft",,"Humboldt Park","23","37","41.88078","-87.7232","(41.88078, -87.7232)"
"175272","401 417 E Oakwood Blvd","60653","Residential","> 50,000 Sq Ft","2025","Grand Boulevard","38","3","41.82021","-87.61247","(41.82021, -87.61247)"
"254164","6515 N Kenmore Ave","60660","Commercial","> 50,000 Sq Ft","2027","Rogers Park","1","49","42.00095","-87.65816","(42.00095, -87.65816)"
"251446","7316 S Hoyne Ave","60636","Municipal","> 50,000 Sq Ft","2025","West Englewood","67","17","41.76065","-87.67681","(41.76065, -87.67681)"
"113507","1540 N Lasalle St","60610","Residential","> 50,000 Sq Ft","2025","Near North Side","8","27","41.91024","-87.63364","(41.91024, -87.63364)"
"115316","5858  N Sheridan Rd","60660","Residential","> 50,000 Sq Ft","2027","Edgewater","77","48","41.9909","-87.66661","(41.9909, -87.66661)"
"158739","4334 N Hazel St","60613","Residential","> 250,000 Sq F","2027","Uptown","3","46","41.9613","-87.65304","(41.9613, -87.65304)"
"101471","701 709 W Brompton Ave","60657","Residential","> 50,000 Sq Ft","2025","Lake View","6","46","41.93985","-87.65845","(41.93985, -87.65845)"
"255008","3030 N Broadway","60657","Commercial","> 250,000 Sq Ft","2025","Lake View","6","44","41.9373","-87.64435","(41.9373, -87.64435)"
"251898","8445 S Kolin Ave","60652","Municipal","> 50,000 Sq Ft","2025","Ashburn","70","18","41.73937","-87.73004","(41.73937, -87.73004)"
"103965","447 457 W Wellington Ave","60657","Residential","> 50,000 Sq Ft","2025","Lake View","6","44","41.93985","-87.65845","(41.93985, -87.65845)"
"252284","2600 N Southport Ave","60614","Residential","> 50,000 Sq Ft","2025","Lincoln Park","7","32","41.92906","-87.66341","(41.92906, -87.66341)"
"251443","7401 S Dorchester","60619","Municipal","> 50,000 Sq Ft","2025","South Shore","43","8","41.76045","-87.59079","(41.76045, -87.59079)"
"254181","1414 E 59th St","60637","Residential","> 50,000 Sq Ft","2027","Hyde Park","41","5","41.88425","-87.63245","(41.88425, -87.63245)"
"159924","1649 E 50th Pl","60615","Residential","> 50,000 Sq Ft","2025","Kenwood","39","5","41.80405","-87.58443","(41.80405, -87.58443)"
"116720","1400  S Indiana Ave","60605","Commercial","> 50,000 Sq Ft","2025","Near South Side","33","3","41.86863","-87.62731","(41.86863, -87.62731)"
"175872","230 W North Ave","60610","Commercial","> 250,000 Sq Ft","2027","Lincoln Park","7","2","41.91154","-87.63617","(41.91154, -87.63617)"
"251587","6121 S Hermitage Ave","60636","Municipal","> 50,000 Sq Ft",,"West Englewood","67","15","41.78247","-87.66708","(41.78247, -87.66708)"
"103682","4624  S Ellis Ave","60653","Residential","> 50,000 Sq Ft","2025","Kenwood","39","4","41.82021","-87.61247","(41.82021, -87.61247)"
"119422","913 949 W North Ave","60642","Commercial","> 250,000 Sq Ft","2025","Near North Side","8","27","41.91084","-87.65176","(41.91084, -87.65176)"
"254009","1120 1126 E 47th St","60653","Residential","> 50,000 Sq Ft","2025","Kenwood","39","4","41.82023","-87.61187","(41.82023, -87.61187)"
"160246","6415 S Calumet Ave","60637","Residential","> 250,000 Sq F","2025","Greater Grand Crossing","69","20","41.7775","-87.61709","(41.7775, -87.61709)"
"254151","1430 N Astor St","60610","Residential","> 50,000 Sq Ft","2025","Near North Side","8","43","41.90868","-87.62773","(41.90868, -87.62773)"
"251665","1518 W Granville Ave","60660","Municipal","> 50,000 Sq Ft","2025","Edgewater","77","48","41.99476","-87.66824","(41.99476, -87.66824)"
"252070","4700 S Lake Park Ave","60615","Residential","> 50,000 Sq Ft","2025","Kenwood","39","4","41.80933","-87.59248","(41.80933, -87.59248)"
"160373","360 W Hubbard St","60654","Residential","> 250,000 Sq F","2027","Near North Side","8","42","41.89043","-87.63864","(41.89043, -87.63864)"
"100851","600 W Chicago","60654","Commercial","> 250,000 Sq Ft","2025","Near North Side","8","27","41.8965","-87.64288","(41.8965, -87.64288)"
"257048","166 N Aberdeen St","60607","Residential","> 50,000 Sq Ft","2025","Near West Side","28","27","41.88321","-87.65877","(41.88321, -87.65877)"
"251776","271 N Albany Ave","60612","Residential","> 50,000 Sq Ft","2025","East Garfield Park","27","27","41.8862","-87.70331","(41.8862, -87.70331)"
"175347","8001 - 8007 S Cottage Grove Ave","60619","Commercial","> 50,000 Sq Ft","2024","Chatham","44","8","41.74909","-87.60477","(41.74909, -87.60477)"
"243920","1030 N State St","60610","Residential","> 250,000 Sq F","2027","Near North Side","8","2","41.90159","-87.6289","(41.90159, -87.6289)"
"135740","211 221 W Lake St","60606","Residential","> 250,000 Sq F","2026","Loop","32","42","41.88232","-87.6371","(41.88232, -87.6371)"
"112801","5740  N Sheridan Rd","60660","Residential","> 50,000 Sq Ft","2026","Edgewater","77","48","41.9909","-87.66661","(41.9909, -87.66661)"
"124911","3131 N Clark St","60657","Commercial","> 50,000 Sq Ft","2026","Lake View","6","44","41.93917","-87.64963","(41.93917, -87.64963)"
"159002","1000 E 111th St","60628","Commercial","> 50,000 Sq Ft","2025","Pullman","50","9","41.69443","-87.59919","(41.69443, -87.59919)"
"125859","730 N Michigan Ave","60611","Commercial","> 50,000 Sq Ft","2027","Near North Side","8","42","41.89603","-87.62431","(41.89603, -87.62431)"
"254527","6321 S Cottage Grove Ave","60637","Residential","> 50,000 Sq Ft","2026","Woodlawn","42","20","41.7804","-87.6027","(41.7804, -87.6027)"
"111837","400 414 W Deming Pl","60614","Residential","> 50,000 Sq Ft","2025","Lincoln Park","7","43","41.92201","-87.65462","(41.92201, -87.65462)"
"175255","420  W Melrose St","60657","Residential","> 50,000 Sq Ft","2026","Lake View","6","44","41.93985","-87.65845","(41.93985, -87.65845)"
"103052","825 835 W Cornelia Ave","60657","Residential","> 50,000 Sq Ft","2025","Lake View","6","44","41.93985","-87.65845","(41.93985, -87.65845)"
"232666","600 S Dearborn St","60605","Residential","> 250,000 Sq F","2027","Loop","32","4","41.87404","-87.62945","(41.87404, -87.62945)"
"106236","5131 S Linder Ave","60638","Municipal","> 50,000 Sq Ft","2025","Garfield Ridge","56","14","41.79952","-87.75999","(41.79952, -87.75999)"
"251434","6006 S Peoria St","60621","Municipal","> 50,000 Sq Ft","2025","Englewood","68","16","41.78449","-87.64768","(41.78449, -87.64768)"
"251441","4747 S Marshfield Ave","60609","Municipal","> 50,000 Sq Ft","2025","New City","61","20","41.80741","-87.66572","(41.80741, -87.66572)"
"156696","1307 1313 S Wabash Ave","60605","Residential","> 50,000 Sq Ft","2025","Near South Side","33","3","41.86863","-87.62731","(41.86863, -87.62731)"
"175824","6140  S Drexel Ave","60637","Residential","> 50,000 Sq Ft","2025","Woodlawn","42","20","41.78046","-87.60531","(41.78046, -87.60531)"
"251287","8101 W Higgins Rd","60631","Residential","> 50,000 Sq Ft","2027","Norwood Park","10","41","41.98515","-87.83015","(41.98515, -87.83015)"
"158873","5801 5811 S Dorchester Ave","60637","Residential","> 50,000 Sq Ft","2027","Hyde Park","41","5","41.78926","-87.59119","(41.78926, -87.59119)"
"158774","4950 N Ashland Ave","60640","Residential","> 50,000 Sq Ft","2025","Uptown","3","47","41.972","-87.67","(41.972, -87.67)"
"172396","12 S Oakley Blvd","60612","Commercial","> 50,000 Sq Ft","2025","Near West Side","28","27","41.88056","-87.6843","(41.88056, -87.6843)"
"101950","332 S Michigan Ave","60604","Commercial","> 250,000 Sq Ft","2026","Loop","32","42","41.87725","-87.6247","(41.87725, -87.6247)"
"257094","503 E Pershing Rd","60653","Commercial","> 50,000 Sq Ft","2025","Grand Boulevard","38","3","41.81851","-87.61148","(41.81851, -87.61148)"
"251725","6040 N Kilpatric Ave","60646","Municipal","> 50,000 Sq Ft","2025","Forest Glen","12","39","41.99145","-87.74621","(41.99145, -87.74621)"
"251498","3600 W 5th Ave","60624","Municipal","> 50,000 Sq Ft","2025","East Garfield Park","27","28","41.87569","-87.71584","(41.87569, -87.71584)"
"254309","343 W Old Town Court","60610","Residential","> 50,000 Sq Ft","2025","Near North Side","8","27","41.88425","-87.63245","(41.88425, -87.63245)"
"101420","3400 N Austin Ave","60634","Municipal","> 250,000 Sq Ft","2025","Dunning","17","36","41.94254","-87.77737","(41.94254, -87.77737)"
"158391","127 W Huron St","60654","Residential","> 50,000 Sq Ft","2025","Near North Side","8","42","41.89465","-87.63214","(41.89465, -87.63214)"
"173655","15 E Ohio St","60611","Residential","> 50,000 Sq Ft","2027","Near North Side","8","42","41.89225","-87.6275","(41.89225, -87.6275)"
"255931","1767 Rosehill Dr","60660","Residential","> 50,000 Sq Ft","2025","Edgewater","77","40","41.99013","-87.66068","(41.99013, -87.66068)"
"255147","2200 W. Harrison St.","60612","Commercial","> 50,000 Sq Ft","2025","Near West Side","28","28","41.87764","-87.67413","(41.87764, -87.67413)"
"101545","849 863 W Buena Ave","60613","Residential","> 50,000 Sq Ft","2024","Uptown","3","46","41.95402","-87.66203","(41.95402, -87.66203)"
"131236","427 S Lasalle St","60605","Commercial","> 50,000 Sq Ft","2025","Loop","32","4","41.87627","-87.63166","(41.87627, -87.63166)"
"257149","345 N. Morgan","60607","Commercial","> 250,000 Sq Ft","2027","Near West Side","28","27","41.87659","-87.65331","(41.87659, -87.65331)"
"103449","7616  S South Shore Dr","60649","Residential","> 50,000 Sq Ft","2025","South Shore","43","7","41.76259","-87.57232","(41.76259, -87.57232)"
"159513","355 E Ohio St","60611","Residential","> 250,000 Sq F","2027","Near North Side","8","42","41.89226","-87.61817","(41.89226, -87.61817)"
"254989","2330 N Halsted St","60614","Commercial","> 50,000 Sq Ft","2027","Lincoln Park","7","43","41.92416","-87.64879","(41.92416, -87.64879)"
"256250","2606-2610 W Balmoral Ave","60625","Residential","> 50,000 Sq Ft","2025","Lincoln Square","4","40","41.97399","-87.69172","(41.97399, -87.69172)"
"252295","1501 W Belmont Ave","60657","Residential","> 50,000 Sq Ft","2025","Lake View","6","32","41.9397","-87.66634","(41.9397, -87.66634)"
"175780","5020 5030 S Woodlawn Ave","60615","Residential","> 50,000 Sq Ft","2025","Kenwood","39","4","41.80224","-87.60333","(41.80224, -87.60333)"
"238097","111 S Morgan St","60607","Residential","> 250,000 Sq F","2025","Near West Side","28","25","41.8797","-87.65162","(41.8797, -87.65162)"
"251547","10347 S Ewing Ave","60617","Municipal","> 50,000 Sq Ft","2025","East Side","52","10","41.7069","-87.53493","(41.7069, -87.53493)"
"175046","737  W Cornelia Ave","60657","Residential","> 50,000 Sq Ft","2025","Lake View","6","44","41.93985","-87.65845","(41.93985, -87.65845)"
"113764","1230  N State Pkwy","60610","Residential","> 50,000 Sq Ft","2025","Near North Side","8","2","41.90375","-87.63559","(41.90375, -87.63559)"
"251693","6929 S Fairfield","60629","Municipal","> 50,000 Sq Ft","2025","Chicago Lawn","66","17","41.76762","-87.69135","(41.76762, -87.69135)"
"260149","3145 S Ashland Ave","60608","Commercial","> 50,000 Sq Ft","2025","McKinley Park","59","12","41.83658","-87.66384","(41.83658, -87.66384)"
"251736","3235 N Leclaire Ave","60641","Municipal","> 50,000 Sq Ft","2025","Portage Park","15","31","41.93918","-87.75361","(41.93918, -87.75361)"
"243057","6157 N Sheridan Rd","60660","Residential","> 250,000 Sq F","2027","Edgewater","77","48","41.99408","-87.65486","(41.99408, -87.65486)"
"251699","3014 W 39th Place","60632","Municipal","> 50,000 Sq Ft","2025","Brighton Park","58","12","41.8222","-87.70031","(41.8222, -87.70031)"
"116166","447 455 W Melrose St","60657","Residential","> 50,000 Sq Ft","2025","Lake View","6","44","41.93985","-87.65845","(41.93985, -87.65845)"
"251673","1241 W 19th St","60608","Municipal","> 50,000 Sq Ft","2025","Lower West Side","31","25","41.85568","-87.65817","(41.85568, -87.65817)"
"160372","71 W Hubbard St","60654","Residential","> 250,000 Sq F","2025","Near North Side","8","42","41.89002","-87.63035","(41.89002, -87.63035)"
"101736","71 S Wacker Dr","60606","Commercial","> 250,000 Sq Ft","2026","Loop","32","42","41.881","-87.63604","(41.881, -87.63604)"
"254384","6245 S Ingleside Ave","60637","Commercial","> 50,000 Sq Ft","2026","Woodlawn","42","20","41.7804","-87.6027","(41.7804, -87.6027)"
"254056","520 N Halsted St","60642","Residential","> 50,000 Sq Ft","2025","West Town","24","27","41.89983","-87.65764","(41.89983, -87.65764)"
"231297","1000 W Adams St","60607","Residential","> 50,000 Sq Ft","2025","Near West Side","28","25","41.87953","-87.65242","(41.87953, -87.65242)"
"252090","20 E Delaware Pl","60611","Residential","> 50,000 Sq Ft","2025","Near North Side","8","42","41.89939","-87.62752","(41.89939, -87.62752)"
"159810","5225 N Kenmore Ave","60640","Residential","> 250,000 Sq F","2027","Edgewater","77","48","41.97711","-87.65609","(41.97711, -87.65609)"
"159936","7130 S Cyril Ct","60649","Residential","> 50,000 Sq Ft","2025","South Shore","43","5","41.76506","-87.57735","(41.76506, -87.57735)"
"100334","860  N Dewitt Pl","60611","Residential","> 50,000 Sq Ft","2025","Near North Side","8","2","41.89579","-87.62248","(41.89579, -87.62248)"
"115022","4211 4221 N Paulina St","60613","Residential","> 50,000 Sq Ft","2025","Lake View","6","47","41.95402","-87.66203","(41.95402, -87.66203)"
"254172","6340 N Winthrop Ave","60660","Residential","> 50,000 Sq Ft","2027","Edgewater","77","48","41.99713","-87.65843","(41.99713, -87.65843)"
"251429","245 E 37th St","60653","Municipal","> 50,000 Sq Ft","2025","Douglas","35","3","41.8274","-87.62013","(41.8274, -87.62013)"
"256760","3000 North Halsted Street","60657","Commercial","> 50,000 Sq Ft","2025","Lake View","6","44","41.9397","-87.66901","(41.9397, -87.66901)"
"103679","300 S Riverside Plz","60606","Commercial","> 250,000 Sq Ft","2026","Near West Side","28","42","41.87797","-87.63887","(41.87797, -87.63887)"
"101851","150 160 E Huron","60611","Residential","> 250,000 Sq F","2025","Near North Side","8","42","41.89522","-87.62317","(41.89522, -87.62317)"
"175959","5100  S Hyde Park Blvd","60615","Residential","> 50,000 Sq Ft","2027","Hyde Park","41","5","41.80224","-87.60333","(41.80224, -87.60333)"
"173635","125  W Ohio St","60654","Residential","> 50,000 Sq Ft","2027","Near North Side","8","42","41.89198","-87.637","(41.89198, -87.637)"
"253905","420 W Surf St","60657","Residential","> 50,000 Sq Ft","2025","Lake View","6","44","41.93985","-87.65845","(41.93985, -87.65845)"
"175157","829 S Wabash Ave","60605","Residential","> 250,000 Sq F","2025","Loop","32","4","41.86863","-87.62731","(41.86863, -87.62731)"
"172787","3420  S Cottage Grove Ave","60616","Residential","> 50,000 Sq Ft","2025","Douglas","35","4","41.8455","-87.63056","(41.8455, -87.63056)"
"123973","4032 W Madison St","60624","Commercial","> 50,000 Sq Ft","2025","West Garfield Park","26","28","41.88111","-87.72691","(41.88111, -87.72691)"
"242643","100 E 14th St","60605","Residential","> 250,000 Sq F","2025","Near South Side","33","3","41.8645","-87.62369","(41.8645, -87.62369)"
"118998","3845  S State St","60609","Residential","> 50,000 Sq Ft","2027","Douglas","35","3","41.81195","-87.65513","(41.81195, -87.65513)"
"102337","833  W Buena Ave","60613","Residential","> 50,000 Sq Ft","2025","Uptown","3","46","41.95402","-87.66203","(41.95402, -87.66203)"
"157152","1200 W Monroe","60607","Residential","> 250,000 Sq F","2027","Near West Side","28","25","41.88081","-87.65746","(41.88081, -87.65746)"
"239078","801 S Plymouth Ct","60605","Residential","> 250,000 Sq F","2027","Loop","32","4","41.87118","-87.62812","(41.87118, -87.62812)"
"101729","540 W Madison","60661","Commercial","> 250,000 Sq Ft","2025","Near West Side","28","42","41.88257","-87.64165","(41.88257, -87.64165)"
"172167","6013 6031 S Indiana Ave","60637","Residential","> 50,000 Sq Ft","2025","Washington Heights","73","20","41.78046","-87.60531","(41.78046, -87.60531)"
"251365","2625 N Orchard St","60614","Municipal","> 50,000 Sq Ft","2025","Lincoln Park","7","43","41.92949","-87.64596","(41.92949, -87.64596)"
"251431","2233 S Kedzie Ave","60623","Municipal","> 50,000 Sq Ft","2025","South Lawndale","30","12","41.85047","-87.70461","(41.85047, -87.70461)"
"135812","6420 W Fullerton Ave","60707","Commercial","> 250,000 Sq Ft","2025","Belmont Cragin","19","36","41.92371","-87.78593","(41.92371, -87.78593)"
"102408","1020 W Sheridan Rd","60660","Commercial","> 50,000 Sq Ft","2027","Rogers Park","1","49","41.99829","-87.65676","(41.99829, -87.65676)"
"254099","7511 S South Shore Dr","60649","Municipal","> 50,000 Sq Ft","2025","South Shore","43","7","41.76263","-87.57255","(41.76263, -87.57255)"
"116408","3244  W 59th St","60629","Commercial","> 50,000 Sq Ft","2025","Gage Park","63","23","41.77517","-87.7139","(41.77517, -87.7139)"
"256539","210 N Carpenter St","60607","Commercial","> 250,000 Sq Ft","2026","Near West Side","28","27","41.86387","-87.64682","(41.86387, -87.64682)"
"251552","245 W 51st St","60609","Municipal","> 50,000 Sq Ft","2025","Fuller Park","37","3","41.80124","-87.63257","(41.80124, -87.63257)"
"251377","3849 W 69th Pl","60629","Municipal","> 50,000 Sq Ft","2025","West Lawn","65","13","41.76655","-87.71928","(41.76655, -87.71928)"
"172181","8301 S Damen Ave","60620","Commercial","> 50,000 Sq Ft","2025","Auburn Gresham","71","21","41.74216","-87.67261","(41.74216, -87.67261)"
"101881","25 E Washington St","60602","Commercial","> 250,000 Sq Ft","2027","Loop","32","42","41.88292","-87.62667","(41.88292, -87.62667)"
"112016","4106  N Narragansett Ave","60634","Residential","> 50,000 Sq Ft","2025","Dunning","17","38","41.9453","-87.80187","(41.9453, -87.80187)"
"256434","3040 S Wabash Avenue","60616","Commercial","> 50,000 Sq Ft","2025","Douglas","35","3","41.84233","-87.62715","(41.84233, -87.62715)"
"256898","1520 W Harrison St","60607","Commercial","> 250,000 Sq Ft","2027","Near West Side","28","28","41.88321","-87.65877","(41.88321, -87.65877)"
"156021","717 N Michigan Ave","60611","Commercial","> 50,000 Sq Ft","2027","Near North Side","8","42","41.89538","-87.62421","(41.89538, -87.62421)"
"251644","5025 N Laramie Ave","60630","Municipal","> 50,000 Sq Ft","2025","Jefferson Park","11","45","41.9721","-87.75692","(41.9721, -87.75692)"
"173597","320 W Ohio St","60654","Commercial","> 50,000 Sq Ft","2027","Near North Side","8","42","41.8924","-87.63645","(41.8924, -87.63645)"
"100019","411 - 415 S Wells St","60607","Commercial","> 50,000 Sq Ft","2025","Loop","32","25","41.87643","-87.63336","(41.87643, -87.63336)"
"103611","105 W Adams St","60603","Commercial","> 250,000 Sq Ft","2025","Loop","32","42","41.8794","-87.63099","(41.8794, -87.63099)"
"172765","820  S Park Ter","60605","Residential","> 50,000 Sq Ft","2025","Loop","32","4","41.86863","-87.62731","(41.86863, -87.62731)"
"132118","4314 S Wabash Ave","60653","Commercial","> 50,000 Sq Ft","2027","Grand Boulevard","38","3","41.8157","-87.62513","(41.8157, -87.62513)"
"117750","6009 N Broadway","60660","Commercial","> 50,000 Sq Ft","2026","Edgewater","77","48","41.99113","-87.65969","(41.99113, -87.65969)"
"250106","4945 S Cottage Grove Ave","60615","Residential","> 50,000 Sq Ft","2027","Kenwood","39","4","41.8046","-87.60603","(41.8046, -87.60603)"
"239540","71 E Division St","60610","Residential","> 50,000 Sq Ft","2025","Near North Side","8","2","41.90376","-87.62613","(41.90376, -87.62613)"
"251535","707 E 37th St","60653","Municipal","> 50,000 Sq Ft","2025","Oakland","36","4","41.82748","-87.60831","(41.82748, -87.60831)"
"250059","2111 W Lexington St","60612","Municipal","> 50,000 Sq Ft","2027","Near West Side","28","28","41.87227","-87.68062","(41.87227, -87.68062)"
"160368","550 N Kingsbury St","60654","Residential","> 250,000 Sq F","2027","Near North Side","8","42","41.89198","-87.64076","(41.89198, -87.64076)"
"251409","5401 S Union Ave","60609","Municipal","> 50,000 Sq Ft","2025","New City","61","20","41.79608","-87.64272","(41.79608, -87.64272)"
"214929","100 N Hermitage Ave","60612","Residential","> 250,000 Sq F","2025","Near West Side","28","27","41.88372","-87.67099","(41.88372, -87.67099)"
"251906","2216 W Hirsch St","60622","Municipal","> 50,000 Sq Ft","2025","West Town","24","1","41.9074","-87.68288","(41.9074, -87.68288)"
"100317","5500 5518 S Wabash Ave","60637","Residential","> 50,000 Sq Ft","2027","Washington Heights","73","20","41.78046","-87.60531","(41.78046, -87.60531)"
"102157","130 E Randolph St","60601","Commercial","> 250,000 Sq Ft","2024","Loop","32","42","41.88495","-87.62313","(41.88495, -87.62313)"
"103594","455 N Cityfront Plaza Dr","60611","Commercial","> 250,000 Sq Ft","2025","Near North Side","8","42","41.89007","-87.62156","(41.89007, -87.62156)"
"147565","2025  S Indiana Ave","60616","Residential","> 50,000 Sq Ft","2025","Near South Side","33","3","41.8455","-87.63056","(41.8455, -87.63056)"
"250132","4520 S Damen Ave","60609","Commercial","> 50,000 Sq Ft","2025","New City","61","12","41.80939","-87.675","(41.80939, -87.675)"
"257069","311 W Huron St","60654","Commercial","> 50,000 Sq Ft",,"Near North Side","8","42","41.8924","-87.6338","(41.8924, -87.6338)"
"252302","6531 S. Lowe Ave.","60621","Residential","> 50,000 Sq Ft","2025","Englewood","68","20","41.77524","-87.6407","(41.77524, -87.6407)"
"158433","226 N Clinton St","60661","Residential","> 50,000 Sq Ft","2025","Near West Side","28","42","41.88602","-87.64181","(41.88602, -87.64181)"
"172103","21  E Chestnut St","60611","Residential","> 50,000 Sq Ft","2025","Near North Side","8","2","41.89579","-87.62248","(41.89579, -87.62248)"
"158596","4025 4041 N Kedvale Ave","60641","Residential","> 50,000 Sq Ft","2025","Irving Park","16","39","41.94615","-87.74708","(41.94615, -87.74708)"
"175601","2701 2749 N Elston Ave","60647","Commercial","> 50,000 Sq Ft","2025","Logan Square","22","32","41.93151","-87.68674","(41.93151, -87.68674)"
"102585","9501 S Martin Luther King Dr","60628","Commercial","> 250,000 Sq Ft","2027","Roseland","49","9","41.71825","-87.61136","(41.71825, -87.61136)"
"172307","1828  S Wentworth Ave","60616","Residential","> 50,000 Sq Ft","2025","Armour Square","34","25","41.8455","-87.63056","(41.8455, -87.63056)"
"256248","1201 N Lasalle Street","60610","Residential","> 250,000 Sq F","2025","Near North Side","8","2","41.90418","-87.63652","(41.90418, -87.63652)"
"175960","5254  S Dorchester Ave","60615","Residential","> 50,000 Sq Ft","2025","Hyde Park","41","4","41.80224","-87.60333","(41.80224, -87.60333)"
"250067","1609 W Chicago Ave","60622","Municipal","> 50,000 Sq Ft","2027","West Town","24","1","41.89604","-87.66779","(41.89604, -87.66779)"
"103664","50 S Lasalle St","60603","Commercial","> 250,000 Sq Ft","2026","Loop","32","42","41.88103","-87.63261","(41.88103, -87.63261)"
"243683","3950 N Lake Shore Dr","60613","Residential","> 250,000 Sq F","2027","Lake View","6","46","41.95419","-87.64598","(41.95419, -87.64598)"
"251465","4046 N Leavitt St","60618","Municipal","> 50,000 Sq Ft","2025","North Center","5","47","41.95544","-87.684","(41.95544, -87.684)"
"257225","4008 S Prairie Ave","60653","Residential","> 50,000 Sq Ft",,"Grand Boulevard","38","3","41.81785","-87.61045","(41.81785, -87.61045)"
"242901","1455 - 1460 N Sandburg Ter","60610","Residential","> 250,000 Sq F","2027","Near North Side","8","2","41.90886","-87.63195","(41.90886, -87.63195)"
"256558","1326 S Michigan Avenue","60605","Residential","> 250,000 Sq F","2026","Near South Side","33","3","41.86586","-87.61953","(41.86586, -87.61953)"
"257129","1138 W Belmont Ave","60657","Residential","> 50,000 Sq Ft",,"Lake View","6","44","41.9397","-87.66901","(41.9397, -87.66901)"
"175506","11203 S Ellis St","60628","Commercial","> 50,000 Sq Ft","2027","Pullman","50","9","41.69046","-87.60475","(41.69046, -87.60475)"
"112157","626 640 W Waveland Ave","60613","Residential","> 50,000 Sq Ft","2025","Lake View","6","46","41.95402","-87.66203","(41.95402, -87.66203)"
"134421","4612 - 4730 W Irving Park Rd","60641","Commercial","> 50,000 Sq Ft","2026","Portage Park","15","45","41.95552","-87.74492","(41.95552, -87.74492)"
"130882","832 854 W Fulton Market","60607","Commercial","> 50,000 Sq Ft","2025","Near West Side","28","27","41.88705","-87.64927","(41.88705, -87.64927)"
"101816","43 E Ohio St","60611","Commercial","> 250,000 Sq Ft","2024","Near North Side","8","42","41.89211","-87.62624","(41.89211, -87.62624)"
"132798","8501 W Higgins Rd","60631","Commercial","> 50,000 Sq Ft","2027","Ohare","76","41","41.98672","-87.83907","(41.98672, -87.83907)"
"250100","5670 W Lake St","60644","Residential","> 50,000 Sq Ft","2027","Austin","25","29","41.88837","-87.76679","(41.88837, -87.76679)"
"113591","1200 N Lake Shore Dr","60610","Residential","> 50,000 Sq Ft","2027","Near North Side","8","43","41.90375","-87.63559","(41.90375, -87.63559)"
"105551","5480 S Cornell Ave","60615","Residential","> 50,000 Sq Ft","2026","Hyde Park","41","5","41.80224","-87.60333","(41.80224, -87.60333)"
"254025","901 W 63rd St","60621","Residential","> 50,000 Sq Ft","2025","Englewood","68","16","41.77611","-87.6399","(41.77611, -87.6399)"
"106000","1519 1525 W Warren Blvd","60607","Residential","> 50,000 Sq Ft","2025","Near West Side","28","27","41.87399","-87.65168","(41.87399, -87.65168)"
"156500","1579 N. Milwaukee Avenue","60622","Commercial","> 50,000 Sq Ft","2025","West Town","24","1","41.91026","-87.67675","(41.91026, -87.67675)"
"254022","220 E Walton Pl","60611","Residential","> 50,000 Sq Ft","2025","Near North Side","8","2","41.89579","-87.62247","(41.89579, -87.62247)"
"172443","1515 W Monroe St","60607","Residential","> 50,000 Sq Ft","2025","Near West Side","28","28","41.87987","-87.66546","(41.87987, -87.66546)"
"114198","1415  N Dearborn St","60610","Residential","> 50,000 Sq Ft","2025","Near North Side","8","2","41.90375","-87.63559","(41.90375, -87.63559)"
"235438","5901 N Sheridan Rd","60660","Residential","> 250,000 Sq F","2025","Edgewater","77","48","41.98934","-87.65478","(41.98934, -87.65478)"
"100623","1345 1359 W Estes Ave","60626","Residential","> 50,000 Sq Ft","2025","Rogers Park","1","49","42.01036","-87.6683","(42.01036, -87.6683)"
"210090","600 618 S Wabash Ave","60605","Residential","> 50,000 Sq Ft","2027","Loop","32","4","41.87383","-87.62659","(41.87383, -87.62659)"
"242238","535 N Michigan Ave","60611","Residential","> 250,000 Sq F","2025","Near North Side","8","42","41.89197","-87.62412","(41.89197, -87.62412)"
"251629","6554 S May St","60621","Municipal","> 50,000 Sq Ft","2025","Englewood","68","16","41.7749","-87.6532","(41.7749, -87.6532)"
"255951","1950 W Polk St","60612","Commercial","> 250,000 Sq Ft","2025","Near West Side","28","27","41.87764","-87.67413","(41.87764, -87.67413)"
"161872","6938 S E End Ave","60649","Municipal","> 50,000 Sq Ft","2027","South Shore","43","5","41.76891","-87.58331","(41.76891, -87.58331)"
"181840","30 32 E Adams St","60603","Residential","> 50,000 Sq Ft","2027","Loop","32","42","41.87954","-87.62649","(41.87954, -87.62649)"
"160285","2001 S Michigan Ave","60616","Residential","> 250,000 Sq F","2027","Near South Side","33","3","41.85538","-87.62384","(41.85538, -87.62384)"
"257214","462 E North Water St","60611","Residential","> 50,000 Sq Ft",,"Near North Side","8","42","41.89451","-87.62275","(41.89451, -87.62275)"
"260101","4747 S Dr Martin Luther King Jr Dr","60615","Residential","> 50,000 Sq Ft","2025","Grand Boulevard","38","3","41.80776","-87.61619","(41.80776, -87.61619)"
"159898","5140 S Hyde Park Blvd","60615","Residential","> 50,000 Sq Ft","2027","Hyde Park","41","5","41.80133","-87.58475","(41.80133, -87.58475)"
"158336","200 N Columbus Dr","60601","Residential","> 250,000 Sq F","2025","Loop","32","42","41.88613","-87.62132","(41.88613, -87.62132)"
"251346","650 W Lake Street","60661","Commercial","> 50,000 Sq Ft","2027","Near West Side","28","42","41.88601","-87.64474","(41.88601, -87.64474)"
"255949","3630 N Clark St","60613","Residential","> 50,000 Sq Ft","2025","Lake View","6","44","41.95481","-87.65036","(41.95481, -87.65036)"
"254296","534 552 W Brompton Ave","60657","Residential","> 50,000 Sq Ft","2025","Lake View","6","46","41.93986","-87.65846","(41.93986, -87.65846)"
"251764","544 W Oak St","60610","Residential","> 50,000 Sq Ft","2025","Near North Side","8","27","41.90046","-87.64173","(41.90046, -87.64173)"
"140928","6049 6059 W Irving Park Rd","60634","Residential","> 50,000 Sq Ft","2025","Dunning","17","38","41.9453","-87.80187","(41.9453, -87.80187)"
"244099","401 N Wabash Ave","60611","Commercial","> 250,000 Sq Ft","2027","Near North Side","8","42","41.88888","-87.62644","(41.88888, -87.62644)"
"255092","1244 North Clybourn","60610","Residential","> 50,000 Sq Ft","2025","Near North Side","8","27","41.90405","-87.63128","(41.90405, -87.63128)"
"254997","830 N Milwaukee Ave","60642","Residential","> 50,000 Sq Ft","2027","West Town","24","27","41.897","-87.65667","(41.897, -87.65667)"
"175834","730 N Franklin St","60654","Commercial","> 50,000 Sq Ft","2025","Near North Side","8","42","41.89572","-87.63569","(41.89572, -87.63569)"
"106184","5300 5308 S Pulaski Rd","60632","Residential","> 50,000 Sq Ft","2025","West Elsdon","62","23","41.81256","-87.71246","(41.81256, -87.71246)"
"234084","1530 N Dearborn Pkwy","60610","Residential","> 50,000 Sq Ft","2023","Near North Side","8","2","41.91037","-87.63065","(41.91037, -87.63065)"
"250147","820 W Jackson Blvd","60607","Commercial","> 50,000 Sq Ft","2027","Near West Side","28","27","41.87827","-87.64808","(41.87827, -87.64808)"
"254377","4800 W George St","60641","Residential","> 50,000 Sq Ft","2027","Belmont Cragin","19","31","41.95364","-87.73287","(41.95364, -87.73287)"
"162409","1100 E 55th St","60615","Commercial","> 50,000 Sq Ft","2025","Hyde Park","41","5","41.79561","-87.59892","(41.79561, -87.59892)"
"251730","1839 N Richmond St","60647","Municipal","> 50,000 Sq Ft","2025","Logan Square","22","26","41.91519","-87.70008","(41.91519, -87.70008)"
"251726","555 E 51st St","60615","Municipal","> 50,000 Sq Ft","2027","Washington Heights","73","4","41.80095","-87.61195","(41.80095, -87.61195)"
"256455","2801-13 N Leavitt Street","60618","Residential","> 50,000 Sq Ft","2025","North Center","5","1","41.9323","-87.68065","(41.9323, -87.68065)"
"101787","111 N Canal St","60606","Commercial","> 250,000 Sq Ft","2027","Near West Side","28","42","41.88382","-87.63936","(41.88382, -87.63936)"
"238850","100 E Bellevue Pl","60611","Residential","> 250,000 Sq F","2027","Near North Side","8","42","41.90192","-87.62567","(41.90192, -87.62567)"
"251614","936 E 54th St","60615","Municipal","> 50,000 Sq Ft","2025","Hyde Park","41","5","41.79848","-87.60235","(41.79848, -87.60235)"
"252046","5550 S University Ave","60637","Commercial","> 50,000 Sq Ft","2027","Hyde Park","41","5","41.7941","-87.59814","(41.7941, -87.59814)"
"159812","5733 N Sheridan Rd","60660","Residential","> 250,000 Sq F","2027","Edgewater","77","48","41.98683","-87.65442","(41.98683, -87.65442)"
"103780","360 N Michigan Ave","60601","Residential","> 250,000 Sq F","2027","Loop","32","42","41.88795","-87.62505","(41.88795, -87.62505)"
"101862","101 N Wacker Dr","60606","Commercial","> 250,000 Sq Ft","2026","Loop","32","42","41.88357","-87.63641","(41.88357, -87.63641)"
"172711","4245  N Oak Park Ave","60634","Commercial","> 50,000 Sq Ft","2025","Dunning","17","38","41.9453","-87.80187","(41.9453, -87.80187)"
"251772","6430 W Irving Park Rd","60634","Commercial","> 50,000 Sq Ft","2026","Dunning","17","38","41.95293","-87.78736","(41.95293, -87.78736)"
"252028","2130 2140 W Fulton St","60612","Commercial","> 50,000 Sq Ft","2027","Near West Side","28","27","41.88675","-87.68003","(41.88675, -87.68003)"
"162209","6105 S Michigan Ave","60637","Commercial","> 50,000 Sq Ft","2026","Washington Park","40","20","41.7835","-87.62164","(41.7835, -87.62164)"
"165062","1300 S Lake Shore Dr","60605","Commercial","> 50,000 Sq Ft","2027","Near South Side","33","4","41.86637","-87.60661","(41.86637, -87.60661)"
"103643","180 N Lasalle St","60601","Commercial","> 250,000 Sq Ft","2025","Loop","32","42","41.88539","-87.63289","(41.88539, -87.63289)"
"175329","2040 2044  W Belmont Ave","60618","Residential","> 50,000 Sq Ft","2025","North Center","5","32","41.94672","-87.7032","(41.94672, -87.7032)"
"251225","314 W Superior St","60654","Commercial","> 50,000 Sq Ft","2027","Near North Side","8","42","41.89559","-87.63659","(41.89559, -87.63659)"
"158219","323 E Wacker Dr","60601","Residential","> 250,000 Sq F","2024","Loop","32","42","41.88734","-87.61949","(41.88734, -87.61949)"
"175825","4659  S Drexel Blvd","60653","Residential","> 50,000 Sq Ft","2025","Kenwood","39","4","41.82021","-87.61247","(41.82021, -87.61247)"
"159745","4500 N Clarendon Ave","60640","Residential","> 50,000 Sq Ft","2025","Uptown","3","46","41.96394","-87.65039","(41.96394, -87.65039)"
"257199","520 W Hobbie St","60610","Residential","> 50,000 Sq Ft",,"Near North Side","8","27","41.90574","-87.63389","(41.90574, -87.63389)"
"128905","2026  N Clark St","60614","Commercial","> 50,000 Sq Ft","2025","Lincoln Park","7","43","41.92201","-87.65462","(41.92201, -87.65462)"
"251573","4747 S Bishop St","60609","Municipal","> 50,000 Sq Ft","2025","New City","61","20","41.80758","-87.66092","(41.80758, -87.66092)"
"120931","10 S State St","60603","Commercial","> 50,000 Sq Ft","2027","Loop","32","42","41.88127","-87.62815","(41.88127, -87.62815)"
"174693","809  E 40th St","60653","Residential","> 50,000 Sq Ft","2025","Oakland","36","4","41.82021","-87.61247","(41.82021, -87.61247)"
"172064","4300  W Ford City Dr","60652","Residential","> 250,000 Sq F","2025","West Lawn","65","18","41.74592","-87.71316","(41.74592, -87.71316)"
"109613","2700 S California Ave","60608","Commercial","> 250,000 Sq Ft","2025","South Lawndale","30","24","41.84329","-87.69599","(41.84329, -87.69599)"
"130168","520 N Ridgeway Ave","60624","Commercial","> 50,000 Sq Ft","2027","Humboldt Park","23","27","41.89051","-87.72018","(41.89051, -87.72018)"
"117005","1343  N Cleveland Ave","60610","Residential","> 50,000 Sq Ft","2026","Near North Side","8","27","41.90375","-87.63559","(41.90375, -87.63559)"
"256880","23 W Chicago Ave","60654","Residential","> 250,000 Sq F","2025","Near North Side","8","42","41.8924","-87.6338","(41.8924, -87.6338)"
"165020","7429 7441 S Kingston Ave","60649","Residential","> 50,000 Sq Ft","2025","South Shore","43","7","41.76259","-87.57232","(41.76259, -87.57232)"
"130379","444 N Wabash Ave","60611","Commercial","> 50,000 Sq Ft","2027","Near North Side","8","42","41.89014","-87.62669","(41.89014, -87.62669)"
"175579","7645  N Sheridan Rd","60626","Residential","> 50,000 Sq Ft","2027","Rogers Park","1","49","42.01036","-87.6683","(42.01036, -87.6683)"
"160286","4643 S Wabash","60653","Residential","> 50,000 Sq Ft","2027","Grand Boulevard","38","3","41.81028","-87.62441","(41.81028, -87.62441)"
"251595","2121 N Keeler Ave","60639","Municipal","> 50,000 Sq Ft","2025","Hermosa","20","35","41.91952","-87.73118","(41.91952, -87.73118)"
"101739","1 S Dearborn","60603","Commercial","> 250,000 Sq Ft","2024","Loop","32","42","41.88165","-87.62885","(41.88165, -87.62885)"
"250048","6325 W 56th St","60638","Municipal","> 250,000 Sq Ft","2025","Garfield Ridge","56","13","41.7902","-87.77942","(41.7902, -87.77942)"
"234885","3033 N Sheridan Rd","60657","Residential","> 250,000 Sq F","2024","Lake View","6","44","41.93741","-87.63908","(41.93741, -87.63908)"
"252060","950 E 61st St","60637","Commercial","> 50,000 Sq Ft","2027","Woodlawn","42","20","41.78439","-87.60197","(41.78439, -87.60197)"
"243345","6301 N Sheridan Rd","60660","Residential","> 250,000 Sq F","2027","Edgewater","77","48","41.99669","-87.65475","(41.99669, -87.65475)"
"257099","2411 N Lincoln Ave","60614","Residential","> 50,000 Sq Ft","2025","Lincoln Park","7","43","41.92247","-87.65477","(41.92247, -87.65477)"
"255953","311 W Illinois St","60654","Residential","> 250,000 Sq F","2025","Near North Side","8","42","41.89213","-87.63513","(41.89213, -87.63513)"
"252288","137-143 N Parkside Ave","60644","Residential","> 50,000 Sq Ft","2025","Austin","25","29","41.88298","-87.76654","(41.88298, -87.76654)"
"254167","6333 N Winthrop Ave","60660","Residential","> 50,000 Sq Ft","2027","Edgewater","77","48","41.9974","-87.65829","(41.9974, -87.65829)"
"172795","1100  S Michigan Ave","60605","Residential","> 50,000 Sq Ft","2025","Loop","32","4","41.86863","-87.62731","(41.86863, -87.62731)"
"131906","6125  S Kenwood Ave","60637","Commercial","> 50,000 Sq Ft","2027","Woodlawn","42","20","41.78046","-87.60531","(41.78046, -87.60531)"
"256999","1935 S Wabash Ave","60616","Residential","> 50,000 Sq Ft","2026","Near South Side","33","3","41.85284","-87.62788","(41.85284, -87.62788)"
"101507","5148 N Kedzie Ave","60625","Commercial","> 50,000 Sq Ft","2025","North Park","13","39","41.97508","-87.70871","(41.97508, -87.70871)"
"101969","77 W Washington","60602","Commercial","> 50,000 Sq Ft","2025","Loop","32","42","41.88286","-87.63062","(41.88286, -87.63062)"
"260135","309  W 23rd St","60616","Residential","> 50,000 Sq Ft","2026","Armour Square","34","25","41.8455","-87.63056","(41.8455, -87.63056)"
"159510","555 W Madison St","60661","Residential","> 250,000 Sq F","2027","Near West Side","28","42","41.88114","-87.64187","(41.88114, -87.64187)"
"105006","5527 5539 N Kenmore Ave","60640","Residential","> 50,000 Sq Ft","2025","Edgewater","77","48","41.97223","-87.6646","(41.97223, -87.6646)"
"173754","422 424 W Melrose St","60657","Residential","> 50,000 Sq Ft","2025","Lake View","6","44","41.93985","-87.65845","(41.93985, -87.65845)"
"159044","838 N Noble St","60642","Residential","> 250,000 Sq F","2027","West Town","24","1","41.89751","-87.66328","(41.89751, -87.66328)"
"172380","850 W Adams St","60607","Residential","> 50,000 Sq Ft","2025","Near West Side","28","27","41.87399","-87.65168","(41.87399, -87.65168)"
"100572","8131 S May St","60620","Commercial","> 250,000 Sq Ft","2025","Auburn Gresham","71","21","41.74538","-87.65152","(41.74538, -87.65152)"
"101894","7600 7612 S South Shore Dr","60649","Residential","> 50,000 Sq Ft","2025","South Shore","43","7","41.76259","-87.57232","(41.76259, -87.57232)"
"257064","350 N Canal St","60654","Commercial","> 250,000 Sq Ft","2025","Near West Side","28","42","41.8924","-87.6338","(41.8924, -87.6338)"
"251244","3520 N Lake Shore Dr","60657","Residential","> 250,000 Sq F","2027","Lake View","6","46","41.94743","-87.64268","(41.94743, -87.64268)"
"252126","7601 S Cicero Ave","60652","Commercial","> 50,000 Sq Ft","2026","West Lawn","65","18","41.75583","-87.73699","(41.75583, -87.73699)"
"255756","2989 N Milwaukee Ave","60618","Commercial","> 50,000 Sq Ft","2025","Avondale","21","30","41.95563","-87.70584","(41.95563, -87.70584)"
"256803","4914 N Clark St","60640","Residential","> 50,000 Sq Ft","2025","Uptown","3","47","41.97596","-87.66962","(41.97596, -87.66962)"
"251280","3401 N California Ave","60618","Commercial","> 50,000 Sq Ft","2025","Avondale","21","33","41.94324","-87.69789","(41.94324, -87.69789)"
"175785","2532 2554 Narragansett Ave","60639","Commercial","> 50,000 Sq Ft","2027","Belmont Cragin","19","36","41.92643","-87.78559","(41.92643, -87.78559)"
"100598","2345 S Christiana Ave","60623","Municipal","> 250,000 Sq Ft","2025","South Lawndale","30","22","41.84837","-87.70825","(41.84837, -87.70825)"
"251523","2236 N Rockwell Ave","60647","Municipal","> 50,000 Sq Ft","2025","Logan Square","22","1","41.92266","-87.69327","(41.92266, -87.69327)"
"251477","6420 S University Ave","60637","Municipal","> 50,000 Sq Ft","2025","Woodlawn","42","20","41.77843","-87.5982","(41.77843, -87.5982)"
"158394","180 N Michigan Ave","60601","Commercial","> 50,000 Sq Ft","2025","Loop","32","42","41.88552","-87.62497","(41.88552, -87.62497)"
"251613","7342 S Hoyne Ave","60636","Municipal","> 50,000 Sq Ft","2026","West Englewood","67","17","41.75969","-87.67628","(41.75969, -87.67628)"
"243937","41 E 8th St","60605","Residential","> 250,000 Sq F","2027","Loop","32","4","41.87159","-87.62642","(41.87159, -87.62642)"
"175747","2014 2036 S Michigan Ave","60616","Residential","> 50,000 Sq Ft","2025","Near South Side","33","3","41.85471","-87.62434","(41.85471, -87.62434)"
"102544","10001 S Woodlawn Ave","60628","Commercial","> 250,000 Sq Ft","2025","Pullman","50","8","41.71337","-87.59226","(41.71337, -87.59226)"
"164994","415 W Fullerton Pkwy","60614","Residential","> 50,000 Sq Ft","2025","Lincoln Park","7","43","41.92531","-87.64001","(41.92531, -87.64001)"
"173868","1055 1065 W Granville Ave","60660","Residential","> 50,000 Sq Ft","2025","Edgewater","77","48","41.9909","-87.66661","(41.9909, -87.66661)"
"251460","2651 W Washington Blvd","60612","Municipal","> 50,000 Sq Ft","2025","East Garfield Park","27","27","41.88292","-87.69279","(41.88292, -87.69279)"
"156942","1005 E 60th St","60637","Residential","> 50,000 Sq Ft","2027","Woodlawn","42","20","41.78529","-87.60016","(41.78529, -87.60016)"
"101797","303 E Wacker","60601","Commercial","> 250,000 Sq Ft","2027","Loop","32","42","41.88729","-87.62026","(41.88729, -87.62026)"
"125235","2021 W Chicago Ave","60622","Commercial","> 50,000 Sq Ft","2027","West Town","24","1","41.89553","-87.67838","(41.89553, -87.67838)"
"244449","30 40 E Huron St","60611","Residential","> 250,000 Sq F","2027","Near North Side","8","42","41.89549","-87.62634","(41.89549, -87.62634)"
"103748","710 N Fairbanks Ct","60611","Commercial","> 250,000 Sq Ft","2027","Near North Side","8","42","41.89531","-87.62036","(41.89531, -87.62036)"
"161145","624 S Michigan Ave","60605","Commercial","> 50,000 Sq Ft","2027","Loop","32","42","41.8736","-87.62479","(41.8736, -87.62479)"
"117358","5125  S Kenwood Ave","60615","Residential","> 50,000 Sq Ft","2025","Hyde Park","41","4","41.80224","-87.60333","(41.80224, -87.60333)"
"251504","247 W 23rd Place","60616","Municipal","> 50,000 Sq Ft","2025","Armour Square","34","25","41.84978","-87.63388","(41.84978, -87.63388)"
"116550","4161  S Drexel Blvd","60653","Residential","> 50,000 Sq Ft","2025","Oakland","36","4","41.82021","-87.61247","(41.82021, -87.61247)"
"250033","7059 S South Shore Dr","60649","Municipal","> 250,000 Sq Ft","2025","South Shore","43","5","41.76655","-87.56527","(41.76655, -87.56527)"
"173713","2430  N Lakeview Ave","60614","Residential","> 50,000 Sq Ft","2025","Lincoln Park","7","43","41.92201","-87.65462","(41.92201, -87.65462)"
"251464","6020 S Langely Ave","60637","Municipal","> 50,000 Sq Ft","2027","Woodlawn","42","20","41.78536","-87.60907","(41.78536, -87.60907)"
"243547","645 N Kingsbury St","60654","Residential","> 250,000 Sq F","2027","Near North Side","8","42","41.8932","-87.6412","(41.8932, -87.6412)"
"101883","676 N Michigan Ave","60611","Residential","> 250,000 Sq F","2027","Near North Side","8","42","41.89472","-87.62493","(41.89472, -87.62493)"
"159533","555 W Kinzie St","60654","Residential","> 250,000 Sq F","2027","Near West Side","28","42","41.8888","-87.64184","(41.8888, -87.64184)"
"172069","2940  W 87th St","60652","Commercial","> 50,000 Sq Ft","2025","Ashburn","70","18","41.74592","-87.71316","(41.74592, -87.71316)"
"173846","3300 N Campbell Ave","60618","Commercial","> 50,000 Sq Ft","2025","North Center","5","47","41.94216","-87.69148","(41.94216, -87.69148)"
"172132","1244 N Dearborn St","60610","Residential","> 50,000 Sq Ft","2025","Near North Side","8","2","41.90523","-87.63045","(41.90523, -87.63045)"
"256846","6 S Laflin St","60607","Residential","> 50,000 Sq Ft","2025","Near West Side","28","34","41.88321","-87.65877","(41.88321, -87.65877)"
"256681","1112 S Wabash Avenue","60605","Commercial","> 50,000 Sq Ft","2025","Loop","32","4","41.86949","-87.62586","(41.86949, -87.62586)"
"251865","2231 N Central Ave","60639","Municipal","> 50,000 Sq Ft","2025","Belmont Cragin","19","36","41.92105","-87.76524","(41.92105, -87.76524)"
"123202","1936 N Clark","60614","Residential","> 50,000 Sq Ft","2025","Lincoln Park","7","43","41.91769","-87.63567","(41.91769, -87.63567)"
"159575","2150 N Lincoln Park","60614","Residential","> 250,000 Sq F","2025","Lincoln Park","7","43","41.92174","-87.63683","(41.92174, -87.63683)"
"172703","5700 W Berteau Ave","60634","Commercial","> 50,000 Sq Ft","2027","Portage Park","15","38","41.95739","-87.77068","(41.95739, -87.77068)"
"101707","111 E Wacker Dr","60601","Commercial","> 250,000 Sq Ft","2024","Loop","32","42","41.88769","-87.62357","(41.88769, -87.62357)"
"101448","1401  W Roosevelt Rd","60608","Residential","> 50,000 Sq Ft","2025","Near West Side","28","28","41.84915","-87.6709","(41.84915, -87.6709)"
"109573","7340 7352 N Ridge Blvd","60645","Residential","> 50,000 Sq Ft","2027","West Ridge","2","49","42.0088","-87.69503","(42.0088, -87.69503)"
"256779","1342 W Taylor St","60607","Residential","> 50,000 Sq Ft","2025","Near West Side","28","28","41.88425","-87.63245","(41.88425, -87.63245)"
"173683","676 N Lasalle St","60654","Residential","> 50,000 Sq Ft","2026","Near North Side","8","42","41.89455","-87.6327","(41.89455, -87.6327)"
"252309","7320 N Sheridan Rd","60626","Residential","> 50,000 Sq Ft","2025","Rogers Park","1","49","42.01454","-87.66446","(42.01454, -87.66446)"
"158392","55 W Wacker Dr","60601","Commercial","> 250,000 Sq Ft","2027","Loop","32","42","41.88652","-87.62987","(41.88652, -87.62987)"
"100320","4039 4051 N Laporte Ave","60641","Residential","> 50,000 Sq Ft","2027","Portage Park","15","45","41.94615","-87.74708","(41.94615, -87.74708)"
"254048","7750 S Emerald Ave","60620","Residential","> 50,000 Sq Ft","2025","Auburn Gresham","71","17","41.7398","-87.6535","(41.7398, -87.6535)"
"134776","76 E Monroe St","60603","Residential","> 50,000 Sq Ft","2025","Loop","32","42","41.88084","-87.62499","(41.88084, -87.62499)"
"254067","1645 E. 54th St.","60615","Residential","> 50,000 Sq Ft","2025","Hyde Park","41","5","41.80224","-87.60352","(41.80224, -87.60352)"
"103573","6446 6458 S Kenwood Ave","60637","Residential","> 50,000 Sq Ft","2025","Woodlawn","42","20","41.78046","-87.60531","(41.78046, -87.60531)"
"102093","551 555 N Pine Ave","60644","Residential","> 50,000 Sq Ft","2025","Austin","25","37","41.88039","-87.75827","(41.88039, -87.75827)"
"254572","1545 S State St","60605","Residential","> 50,000 Sq Ft","2027","Near South Side","33","3","41.86821","-87.62733","(41.86821, -87.62733)"
"113199","30  E Division St","60610","Residential","> 50,000 Sq Ft","2025","Near North Side","8","43","41.90375","-87.63559","(41.90375, -87.63559)"
"102473","523 531 W Cornelia Ave","60657","Residential","> 50,000 Sq Ft","2025","Lake View","6","46","41.93985","-87.65845","(41.93985, -87.65845)"
"231271","2 W Delaware Pl","60610","Residential","> 250,000 Sq F","2025","Near North Side","8","2","41.8994","-87.62877","(41.8994, -87.62877)"
"124456","4901 4917 W Irvingpark Rd","60641","Commercial","> 50,000 Sq Ft","2025","Portage Park","15","45","41.95296","-87.75088","(41.95296, -87.75088)"
"112468","3300 3308 N Lake Shore Dr","60657","Residential","> 50,000 Sq Ft","2025","Lake View","6","44","41.93985","-87.65845","(41.93985, -87.65845)"
"119349","4343 S Pulaski Rd","60632","Commercial","> 50,000 Sq Ft","2025","Archer Heights","57","14","41.81384","-87.72239","(41.81384, -87.72239)"
"127047","669 N Michigan Ave","60611","Commercial","> 50,000 Sq Ft","2025","Near North Side","8","42","41.89446","-87.62372","(41.89446, -87.62372)"
"251408","2330 W 110th Pl","60643","Municipal","> 50,000 Sq Ft","2025","Morgan Park","75","19","41.69299","-87.67978","(41.69299, -87.67978)"
"102613","7914 7932 S Wabash Ave","60619","Residential","> 50,000 Sq Ft","2025","Chatham","44","6","41.74401","-87.6055","(41.74401, -87.6055)"
"256562","450 N Morgan St","60642","Commercial","> 50,000 Sq Ft","2025","West Town","24","27","41.89466","-87.6548","(41.89466, -87.6548)"
"252045","1116 E 59th St","60637","Commercial","> 50,000 Sq Ft","2027","Hyde Park","41","5","41.788","-87.59965","(41.788, -87.59965)"
"256429","60 E 32nd Street","60616","Residential","> 50,000 Sq Ft","2025","Douglas","35","3","41.84233","-87.62715","(41.84233, -87.62715)"
"254536","220 E Illinois St","60611","Residential","> 250,000 Sq F","2025","Near North Side","8","42","41.89535","-87.62273","(41.89535, -87.62273)"
"175878","310 S Peoria St","60607","Residential","> 50,000 Sq Ft","2025","Near West Side","28","25","41.87728","-87.64985","(41.87728, -87.64985)"
"251708","4200 N Richmond St","60618","Municipal","> 50,000 Sq Ft","2025","Irving Park","16","33","41.9578","-87.70261","(41.9578, -87.70261)"
"251786","642 W Deming Pl","60614","Commercial","> 50,000 Sq Ft","2025","Lincoln Park","7","43","41.92794","-87.64518","(41.92794, -87.64518)"
"252253","1170 W Erie St","60642","Residential","> 50,000 Sq Ft","2025","West Town","24","27","41.89331","-87.65678","(41.89331, -87.65678)"
"160381","220 W Illinois St","60654","Residential","> 250,000 Sq F","2025","Near North Side","8","42","41.8908","-87.63481","(41.8908, -87.63481)"
"159571","2144 N Lincoln Park West","60614","Residential","> 250,000 Sq F","2027","Lincoln Park","7","43","41.9213","-87.63645","(41.9213, -87.63645)"
"255922","1550 N Wieland St","60610","Residential","> 50,000 Sq Ft","2025","Near North Side","8","27","41.90563","-87.63224","(41.90563, -87.63224)"
"115065","700  W Bittersweet Pl","60613","Residential","> 50,000 Sq Ft","2026","Uptown","3","46","41.95402","-87.66203","(41.95402, -87.66203)"
"134835","900 902 S Wabash Ave","60605","Residential","> 50,000 Sq Ft","2025","Loop","32","4","41.86863","-87.62731","(41.86863, -87.62731)"
"257171","1045 W Fulton Street","60607","Commercial","> 50,000 Sq Ft","2025","Near West Side","28","27","41.88323","-87.6324","(41.88323, -87.6324)"
"115860","722 740 S Financial Pl","60605","Residential","> 50,000 Sq Ft","2024","Loop","32","4","41.86863","-87.62731","(41.86863, -87.62731)"
"257001","540 W Webster","60614","Residential","> 250,000 Sq F","2025","Lincoln Park","7","43","41.92247","-87.65477","(41.92247, -87.65477)"
"117348","5969  N Ravenswood Ave","60660","Residential","> 50,000 Sq Ft","2025","Edgewater","77","40","41.9909","-87.66661","(41.9909, -87.66661)"
"104206","4501 4519 N Malden St","60640","Residential","> 50,000 Sq Ft","2025","Uptown","3","46","41.97223","-87.6646","(41.97223, -87.6646)"
"163944","5101 S Keeler Ave","60632","Commercial","> 50,000 Sq Ft","2025","Archer Heights","57","23","41.80044","-87.72775","(41.80044, -87.72775)"
"251246","4950 S Chicago Beach Dr","60615","Residential","> 50,000 Sq Ft","2024","Kenwood","39","5","41.80461","-87.58447","(41.80461, -87.58447)"
"159415","8 E 9th St","60605","Residential","> 250,000 Sq F","2026","Loop","32","4","41.87083","-87.62708","(41.87083, -87.62708)"
"166264","525 S State St","60605","Commercial","> 250,000 Sq Ft","2024","Loop","32","4","41.875","-87.62716","(41.875, -87.62716)"
"250144","11 E Adams St","60603","Commercial","> 50,000 Sq Ft","2025","Loop","32","42","41.87947","-87.6273","(41.87947, -87.6273)"
"254389","825 N Christiana Ave","60651","Residential","> 50,000 Sq Ft","2026","Humboldt Park","23","27","41.90455","-87.71255","(41.90455, -87.71255)"
"103597","30 N Lasalle St","60602","Commercial","> 250,000 Sq Ft","2024","Loop","32","42","41.88285","-87.6329","(41.88285, -87.6329)"
"254534","1727 S Indiana Ave","60616","Residential","> 50,000 Sq Ft","2024","Near South Side","33","3","41.88425","-87.63245","(41.88425, -87.63245)"
"251654","8150 S Bishop St","60620","Municipal","> 50,000 Sq Ft","2025","Auburn Gresham","71","21","41.74519","-87.66017","(41.74519, -87.66017)"
"162318","1255 N Noble St","60642","Commercial","> 50,000 Sq Ft","2025","West Town","24","2","41.90469","-87.6626","(41.90469, -87.6626)"
"101560","536 S Clark St","60605","Commercial","> 250,000 Sq Ft","2025","Loop","32","4","41.87501","-87.63123","(41.87501, -87.63123)"
"256732","5424 N Oketo Avenue","60656","Commercial","> 50,000 Sq Ft","2027","Norwood Park","10","41","41.97553","-87.8018","(41.97553, -87.8018)"
"141321","950  W Huron St","60642","Residential","> 50,000 Sq Ft","2025","West Town","24","27","41.89992","-87.65739","(41.89992, -87.65739)"
"254068","3500 S Sangamon","60609","Residential","> 50,000 Sq Ft","2027","Bridgeport","60","11","41.81177","-87.65514","(41.81177, -87.65514)"
"173883","1029 1051 W North Shore Ave","60626","Residential","> 50,000 Sq Ft","2025","Rogers Park","1","49","42.01036","-87.6683","(42.01036, -87.6683)"
"114120","1169 S Plymouth Ct","60605","Residential","> 50,000 Sq Ft","2027","Loop","32","4","41.86863","-87.62731","(41.86863, -87.62731)"
"100674","3301 W Arthington St","60624","Residential","> 50,000 Sq Ft","2025","North Lawndale","29","24","41.87001","-87.70832","(41.87001, -87.70832)"
"251335","2250 N Sheffield Ave","60614","Commercial","> 50,000 Sq Ft","2027","Lincoln Park","7","43","41.92328","-87.65354","(41.92328, -87.65354)"
"241989","30 E Elm St","60611","Residential","> 50,000 Sq Ft","2027","Near North Side","8","2","41.90323","-87.62742","(41.90323, -87.62742)"
"173702","1301  N State Pkwy","60610","Residential","> 50,000 Sq Ft","2026","Near North Side","8","43","41.90375","-87.63559","(41.90375, -87.63559)"
"231520","88 W Schiller St","60610","Residential","> 250,000 Sq F","2027","Near North Side","8","2","41.90809","-87.63117","(41.90809, -87.63117)"
"173598","175 N State St","60601","Commercial","> 250,000 Sq Ft","2026","Loop","32","42","41.8854","-87.62722","(41.8854, -87.62722)"
"106122","344 358 W Oakdale Ave","60657","Residential","> 50,000 Sq Ft","2025","Lake View","6","44","41.93985","-87.65845","(41.93985, -87.65845)"
"137211","1601  S Michigan Ave","60616","Residential","> 50,000 Sq Ft","2027","Near South Side","33","3","41.8455","-87.63056","(41.8455, -87.63056)"
"147516","901  W Madison","60607","Residential","> 250,000 Sq F","2027","Near West Side","28","25","41.87399","-87.65168","(41.87399, -87.65168)"
"251438","4420 N Beacon St","60640","Municipal","> 50,000 Sq Ft","2025","Uptown","3","46","41.9623","-87.66416","(41.9623, -87.66416)"
"175484","935 W Chestnut St","60642","Commercial","> 50,000 Sq Ft","2026","West Town","24","27","41.89842","-87.65157","(41.89842, -87.65157)"
"250108","6401 S Yale Ave","60621","Residential","> 50,000 Sq Ft","2027","Englewood","68","20","41.77777","-87.63135","(41.77777, -87.63135)"
"251761","2815 S Komensky Ave","60623","Municipal","> 50,000 Sq Ft","2025","South Lawndale","30","22","41.84006","-87.72534","(41.84006, -87.72534)"
"251707","3711 W Douglas Blvd","60623","Municipal","> 50,000 Sq Ft","2025","North Lawndale","29","24","41.86234","-87.71819","(41.86234, -87.71819)"
"253951","1801 S Michigan Ave","60616","Residential","> 50,000 Sq Ft","2025","Near South Side","33","3","41.8455","-87.63056","(41.8455, -87.63056)"
"254246","550 E 50th Pl","60615","Residential","> 50,000 Sq Ft","2025","Grand Boulevard","38","4","41.88425","-87.63245","(41.88425, -87.63245)"
"112141","3470  N Lake Shore Dr","60657","Residential","> 50,000 Sq Ft","2025","Lake View","6","44","41.93985","-87.65845","(41.93985, -87.65845)"
"250020","2411 W 55th St","60632","Municipal","> 50,000 Sq Ft","2025","Gage Park","63","15","41.79383","-87.68433","(41.79383, -87.68433)"
"160196","111 S Michigan Ave","60603","Commercial","> 250,000 Sq Ft","2027","Loop","32","42","41.88045","-87.62423","(41.88045, -87.62423)"
"156557","542 S Dearborn St","60605","Commercial","> 50,000 Sq Ft","2026","Loop","32","4","41.87476","-87.62948","(41.87476, -87.62948)"
"257179","2011 W Hastings Street","60608","Commercial","> 50,000 Sq Ft","2025","Near West Side","28","28","41.88323","-87.6324","(41.88323, -87.6324)"
"103738","4825  S Drexel Blvd","60615","Residential","> 50,000 Sq Ft","2025","Kenwood","39","4","41.80224","-87.60333","(41.80224, -87.60333)"
"251268","860 N Lake Shore Dr","60611","Residential","> 250,000 Sq F","2027","Near North Side","8","2","41.89868","-87.61881","(41.89868, -87.61881)"
"175699","6700  S Constance Ave","60649","Residential","> 50,000 Sq Ft","2025","South Shore","43","5","41.76259","-87.57232","(41.76259, -87.57232)"
"147625","828  W Grace St","60613","Residential","> 250,000 Sq F","2027","Lake View","6","46","41.95402","-87.66203","(41.95402, -87.66203)"
"251758","3663 S Wabash Ave","60653","Commercial","> 50,000 Sq Ft","2025","Douglas","35","3","41.82813","-87.6244","(41.82813, -87.6244)"
"156139","300 308 N Michigan Ave","60601","Commercial","> 250,000 Sq Ft","2027","Loop","32","42","41.88706","-87.62458","(41.88706, -87.62458)"
"111536","2333 2341 N Commonwealth Ave","60614","Residential","> 50,000 Sq Ft","2025","Lincoln Park","7","43","41.92201","-87.65462","(41.92201, -87.65462)"
"252034","1401 N California Ave","60622","Commercial","> 50,000 Sq Ft","2027","West Town","24","1","41.90676","-87.69633","(41.90676, -87.69633)"
"256647","2356 East 70th Street","60649","Residential","> 50,000 Sq Ft","2025","South Shore","43","5","41.88425","-87.63245","(41.88425, -87.63245)"
"101846","200 W Adams St","60606","Commercial","> 250,000 Sq Ft","2024","Loop","32","42","41.87975","-87.63414","(41.87975, -87.63414)"
"146965","1610 1620 W Fullerton Ave","60614","Residential","> 50,000 Sq Ft","2025","Lincoln Park","7","32","41.92201","-87.65462","(41.92201, -87.65462)"
"106103","4180  N Marine Dr","60613","Residential","> 50,000 Sq Ft","2025","Uptown","3","46","41.95402","-87.66203","(41.95402, -87.66203)"
"103600","10 S Lasalle St","60603","Commercial","> 250,000 Sq Ft","2024","Loop","32","42","41.88161","-87.63273","(41.88161, -87.63273)"
"175529","307 S Sangamon St","60607","Commercial","> 50,000 Sq Ft","2027","Near West Side","28","25","41.87775","-87.65069","(41.87775, -87.65069)"
"257108","753 W 79th St","60620","Commercial","> 50,000 Sq Ft",,"Auburn Gresham","71","17","41.75057","-87.6482","(41.75057, -87.6482)"
"257210","4907 N Paulina St","60640","Residential","> 50,000 Sq Ft",,"Uptown","3","47","41.97258","-87.66421","(41.97258, -87.66421)"
"158426","33 W Illinois St","60654","Residential","> 50,000 Sq Ft","2027","Near North Side","8","42","41.89081","-87.62934","(41.89081, -87.62934)"
"111862","2444 2458 N Lakeview Ave","60614","Residential","> 50,000 Sq Ft","2025","Lincoln Park","7","43","41.92201","-87.65462","(41.92201, -87.65462)"
"159728","920 W Lakeside Pl","60640","Residential","> 250,000 Sq F","2027","Uptown","3","46","41.96853","-87.65355","(41.96853, -87.65355)"
"256540","123 E Cermak Rd","60616","Residential","> 250,000 Sq F","2026","Near South Side","33","3","41.84238","-87.62717","(41.84238, -87.62717)"
"129652","1247 1249 W Madison St","60607","Residential","> 50,000 Sq Ft","2025","Near West Side","28","25","41.8743","-87.65018","(41.8743, -87.65018)"
"172471","4320 4326 W Madison St","60624","Residential","> 50,000 Sq Ft","2025","West Garfield Park","26","28","41.88082","-87.72328","(41.88082, -87.72328)"
"100438","913 - 921 N Michigan Ave","60611","Residential","> 250,000 Sq F","2027","Near North Side","8","2","41.8998","-87.62411","(41.8998, -87.62411)"
"254374","4054 N Kedzie Ave","60618","Residential","> 50,000 Sq Ft","2027","Irving Park","16","33","41.95471","-87.70563","(41.95471, -87.70563)"
"250089","855 W Aldine Ave","60657","Residential","> 50,000 Sq Ft","2027","Lake View","6","44","41.94148","-87.65139","(41.94148, -87.65139)"
"137212","1439  S Michigan Ave","60605","Residential","> 50,000 Sq Ft","2025","Near South Side","33","3","41.86863","-87.62731","(41.86863, -87.62731)"
"105478","6230 6236 N Kenmore Ave","60660","Residential","> 50,000 Sq Ft","2025","Edgewater","77","48","41.9909","-87.66661","(41.9909, -87.66661)"
"251907","1903 E 96th St","60617","Municipal","> 50,000 Sq Ft","2025","South Deering","51","7","41.72029","-87.57768","(41.72029, -87.57768)"
"172547","2222 S Michigan Ave","60616","Commercial","> 50,000 Sq Ft",,"Near South Side","33","3","41.85215","-87.62465","(41.85215, -87.62465)"
"253972","3900  W Bryn Mawr Ave","60659","Residential","> 50,000 Sq Ft","2025","North Park","13","39","41.99047","-87.70487","(41.99047, -87.70487)"
"173970","1655 E 95th St","60617","Commercial","> 50,000 Sq Ft","2026","South Deering","51","7","41.72029","-87.5829","(41.72029, -87.5829)"
"251480","431 N Troy St","60612","Municipal","> 50,000 Sq Ft","2025","Humboldt Park","23","27","41.88927","-87.70479","(41.88927, -87.70479)"
"105864","600 E Grand Ave","60611","Commercial","> 250,000 Sq Ft","2027","Near North Side","8","42","41.89174","-87.6047","(41.89174, -87.6047)"
"101733","2 N Riverside Plz","60606","Commercial","> 250,000 Sq Ft","2026","Near West Side","28","42","41.88254","-87.63919","(41.88254, -87.63919)"
"251276","100 E Erie St","60611","Commercial","> 50,000 Sq Ft","2027","Near North Side","8","42","41.89417","-87.62527","(41.89417, -87.62527)"
"101835","230 W Monroe St","60606","Commercial","> 250,000 Sq Ft","2024","Loop","32","42","41.88101","-87.63491","(41.88101, -87.63491)"
"254535","905 N Orleans St","60610","Residential","> 250,000 Sq F","2025","Near North Side","8","27","41.90412","-87.63142","(41.90412, -87.63142)"
"102435","60 W Erie St","60654","Residential","> 50,000 Sq Ft","2025","Near North Side","8","42","41.89158","-87.63784","(41.89158, -87.63784)"
"119215","919 S California Ave","60612","Commercial","> 50,000 Sq Ft","2024","East Garfield Park","27","28","41.86993","-87.69595","(41.86993, -87.69595)"
"256878","4835 S Cicero Ave","60632","Residential","> 50,000 Sq Ft","2025","Garfield Ridge","56","22","41.80342","-87.72345","(41.80342, -87.72345)"
"105617","441  W Oakdale Ave","60657","Residential","> 50,000 Sq Ft","2025","Lake View","6","44","41.93985","-87.65845","(41.93985, -87.65845)"
"103615","250 E Superior St","60611","Commercial","> 250,000 Sq Ft","2027","Near North Side","8","2","41.89627","-87.62088","(41.89627, -87.62088)"
"254539","6400 W Berteau","60634","Residential","> 250,000 Sq F","2025","Dunning","17","38","41.93832","-87.78904","(41.93832, -87.78904)"
"251930","1134 W Granville Ave","60660","Residential","> 250,000 Sq F","2027","Edgewater","77","48","41.99457","-87.6595","(41.99457, -87.6595)"
"159564","65 E Scott St","60610","Residential","> 50,000 Sq Ft","2025","Near North Side","8","43","41.90445","-87.62619","(41.90445, -87.62619)"
"144123","5726 5744 S Dr Martin Luther King Jr Dr","60637","Residential","> 50,000 Sq Ft","2025","Washington Heights","73","20","41.78046","-87.60531","(41.78046, -87.60531)"
"165224","4626 N Knox Ave","60630","Commercial","> 50,000 Sq Ft","2027","Irving Park","16","39","41.96533","-87.74454","(41.96533, -87.74454)"
"175915","4916 4938 S Kedzie Ave","60632","Commercial","> 50,000 Sq Ft","2026","Brighton Park","58","14","41.80322","-87.70569","(41.80322, -87.70569)"
"251506","5500 N Christiana","60625","Municipal","> 50,000 Sq Ft","2025","North Park","13","39","41.98131","-87.71249","(41.98131, -87.71249)"
"252073","118 S Clinton St","60661","Commercial","> 50,000 Sq Ft","2027","Near West Side","28","42","41.87994","-87.64145","(41.87994, -87.64145)"
"159111","4840 N Marine Dr","60640","Commercial","> 50,000 Sq Ft","2025","Uptown","3","46","41.9703","-87.65058","(41.9703, -87.65058)"
"257086","1114 W Carroll Ave","60607","Commercial","> 50,000 Sq Ft","2025","Near West Side","28","27","41.88321","-87.65877","(41.88321, -87.65877)"
"251619","7355 S Jeffrey Blvd","60649","Municipal","> 50,000 Sq Ft","2025","South Shore","43","7","41.76126","-87.57572","(41.76126, -87.57572)"
"251300","2020 N Lincoln Park West","60614","Residential","> 250,000 Sq F","2025","Lincoln Park","7","43","41.91873","-87.6369","(41.91873, -87.6369)"
"251297","1431 N Western Ave","60622","Commercial","> 50,000 Sq Ft","2025","West Town","24","1","41.90769","-87.68708","(41.90769, -87.68708)"
"256965","3436 N Osceola Avenue","60634","Commercial","> 50,000 Sq Ft","2025","Dunning","17","38","41.93992","-87.80093","(41.93992, -87.80093)"
"156406","17 23 N Wabash Ave","60602","Commercial","> 50,000 Sq Ft","2027","Loop","32","42","41.88267","-87.62617","(41.88267, -87.62617)"
"117188","4040  N Sheridan Rd","60613","Residential","> 50,000 Sq Ft","2027","Uptown","3","46","41.95402","-87.66203","(41.95402, -87.66203)"
"174182","820 N Michigan Ave","60611","Commercial","> 50,000 Sq Ft","2027","Near North Side","8","42","41.89746","-87.62489","(41.89746, -87.62489)"
"175244","2645 2657 W Lawrence Ave","60625","Residential","> 50,000 Sq Ft","2027","Lincoln Square","4","40","41.97208","-87.70235","(41.97208, -87.70235)"
"176010","420 N Wabash Ave","60611","Commercial","> 50,000 Sq Ft","2027","Near North Side","8","42","41.8897","-87.62666","(41.8897, -87.62666)"
"158061","5700 N Ashland Ave","60660","Residential","> 50,000 Sq Ft","2026","Edgewater","77","40","41.98553","-87.67026","(41.98553, -87.67026)"
"106109","1117 1123 N Dearborn St","60610","Residential","> 50,000 Sq Ft","2025","Near North Side","8","2","41.90375","-87.63559","(41.90375, -87.63559)"
"260034","1617  E 50th Pl","60615","Residential","> 50,000 Sq Ft","2025","Kenwood","39","5","41.80224","-87.60333","(41.80224, -87.60333)"
"173712","1153 1155 W Armitage Ave","60614","Residential","> 50,000 Sq Ft","2027","Lincoln Park","7","43","41.92201","-87.65462","(41.92201, -87.65462)"
"251215","2031 S Clark St","60616","Residential","> 250,000 Sq F","2027","Near South Side","33","3","41.85459","-87.62898","(41.85459, -87.62898)"
"175292","601 - 623 N State St","60654","Commercial","> 50,000 Sq Ft","2027","Near North Side","8","42","41.89256","-87.62806","(41.89256, -87.62806)"
"117159","3919  W Foster Ave","60625","Commercial","> 50,000 Sq Ft","2025","Albany Park","14","39","41.97208","-87.70235","(41.97208, -87.70235)"
"173733","2336  N Commonwealth Ave","60614","Residential","> 50,000 Sq Ft","2025","Lincoln Park","7","43","41.92201","-87.65462","(41.92201, -87.65462)"
"257120","4102 N Sheridan Rd","60613","Residential","> 50,000 Sq Ft","2025","Uptown","3","46","41.95459","-87.67062","(41.95459, -87.67062)"
"253963","1210  E 78th St","60619","Residential","> 50,000 Sq Ft","2025","Avalon Park","45","8","41.74401","-87.6055","(41.74401, -87.6055)"
"101562","1 E Jackson Blvd","60604","Commercial","> 250,000 Sq Ft","2027","Loop","32","4","41.87754","-87.62723","(41.87754, -87.62723)"
"114196","1544 1554 N State Pkwy","60610","Residential","> 50,000 Sq Ft","2025","Near North Side","8","2","41.90375","-87.63559","(41.90375, -87.63559)"
"175590","68  E Wacker Pl","60601","Residential","> 50,000 Sq Ft","2025","Loop","32","42","41.8857","-87.62408","(41.8857, -87.62408)"
"121043","209 W Jackson Blvd","60606","Commercial","> 50,000 Sq Ft","2024","Loop","32","42","41.87809","-87.63416","(41.87809, -87.63416)"
"141170","900 920 W Madison","60607","Residential","> 50,000 Sq Ft","2025","Near West Side","28","25","41.87399","-87.65168","(41.87399, -87.65168)"
"222943","1451 E 55th St","60615","Residential","> 250,000 Sq F","2024","Hyde Park","41","5","41.79535","-87.59077","(41.79535, -87.59077)"
"157887","4950-4952 W Thomas St","60651","Residential","> 50,000 Sq Ft","2026","Austin","25","37","41.90049","-87.75011","(41.90049, -87.75011)"
"112760","2416 2458 W Greenleaf Ave","60645","Residential","> 50,000 Sq Ft","2025","West Ridge","2","50","42.0088","-87.69503","(42.0088, -87.69503)"
"119757","4433 S Pulaski Rd","60632","Commercial","> 250,000 Sq Ft","2027","Archer Heights","57","14","41.81251","-87.72198","(41.81251, -87.72198)"
"251546","3425 N Major Ave","60634","Municipal","> 50,000 Sq Ft","2025","Portage Park","15","36","41.94264","-87.76853","(41.94264, -87.76853)"
"103647","135 S Lasalle St","60603","Commercial","> 250,000 Sq Ft","2027","Loop","32","42","41.87977","-87.63156","(41.87977, -87.63156)"
"252274","5957-73 W Madison St","60644","Residential","> 50,000 Sq Ft","2027","Austin","25","29","41.88006","-87.77369","(41.88006, -87.77369)"
"257116","360 N Green St","60607","Residential","> 250,000 Sq F","2025","Near West Side","28","27","41.88321","-87.65877","(41.88321, -87.65877)"
"254055","1235 S Washtenaw","60608","Residential","> 50,000 Sq Ft","2025","North Lawndale","29","28","41.8493","-87.67088","(41.8493, -87.67088)"
"256645","1419 S Wabash Ave","60605","Residential","> 50,000 Sq Ft","2026","Near South Side","33","3","41.88425","-87.63245","(41.88425, -87.63245)"
"175415","5920  N Ridge Ave","60660","Residential","> 50,000 Sq Ft","2025","Edgewater","77","48","41.9909","-87.66661","(41.9909, -87.66661)"
"251763","545 W Division","60610","Residential","> 50,000 Sq Ft","2025","Near North Side","8","27","41.90363","-87.64245","(41.90363, -87.64245)"
"252018","5000 N Marine Dr","60640","Residential","> 50,000 Sq Ft","2025","Uptown","3","48","41.97366","-87.65168","(41.97366, -87.65168)"
"103634","25 E Jackson Blvd","60604","Commercial","> 250,000 Sq Ft","2027","Loop","32","4","41.8782","-87.62687","(41.8782, -87.62687)"
"242264","6033 N Sheridan Rd","60660","Residential","> 250,000 Sq F","2027","Edgewater","77","48","41.99192","-87.65477","(41.99192, -87.65477)"
"103315","230  E Ontario St","60611","Residential","> 50,000 Sq Ft","2025","Near North Side","8","42","41.89579","-87.62248","(41.89579, -87.62248)"
"175895","6364  N Sheridan Rd","60660","Commercial","> 50,000 Sq Ft","2027","Edgewater","77","48","41.9909","-87.66661","(41.9909, -87.66661)"
"101086","1016  W Hollywood Ave","60660","Residential","> 50,000 Sq Ft","2025","Edgewater","77","48","41.9909","-87.66661","(41.9909, -87.66661)"
"105653","601  E 32nd St","60616","Residential","> 50,000 Sq Ft","2025","Douglas","35","4","41.8455","-87.63056","(41.8455, -87.63056)"
"100946","6425 S Lowe","60621","Residential","> 250,000 Sq F","2027","Englewood","68","20","41.77725","-87.64054","(41.77725, -87.64054)"
"252043","6031 S Ellis Ave","60637","Residential","> 250,000 Sq F","2027","Woodlawn","42","20","41.78528","-87.60112","(41.78528, -87.60112)"
"251588","9912 S Avenue H","60617","Municipal","> 50,000 Sq Ft","2025","East Side","52","10","41.71516","-87.53379","(41.71516, -87.53379)"
"109276","5337 5353 N Delphia Ave","60656","Residential","> 50,000 Sq Ft","2025","Ohare","76","41","41.97087","-87.79893","(41.97087, -87.79893)"
"159561","2555 N Clark St","60614","Residential","> 50,000 Sq Ft","2027","Lincoln Park","7","43","41.92967","-87.64226","(41.92967, -87.64226)"
"251363","225 W Evergreen Ave","60610","Municipal","> 50,000 Sq Ft","2025","Near North Side","8","27","41.90615","-87.63633","(41.90615, -87.63633)"
"173819","4851 - 4887 N Broadway Ave","60640","Commercial","> 50,000 Sq Ft","2027","Uptown","3","46","41.97081","-87.65885","(41.97081, -87.65885)"
"250171","130 N Garland Ct","60602","Residential","> 250,000 Sq F","2027","Loop","32","42","41.88435","-87.62538","(41.88435, -87.62538)"
"251321","1150 W Fullerton Ave","60614","Commercial","> 50,000 Sq Ft","2027","Lincoln Park","7","43","41.9256","-87.65815","(41.9256, -87.65815)"
"157587","645 S Central Ave","60644","Commercial","> 50,000 Sq Ft","2025","Austin","25","29","41.89245","-87.76498","(41.89245, -87.76498)"
"138874","2020 W Fullerton Ave","60647","Commercial","> 50,000 Sq Ft","2027","Logan Square","22","32","41.92543","-87.67914","(41.92543, -87.67914)"
"254011","4848 N Sheridan Rd","60640","Residential","> 50,000 Sq Ft","2025","Uptown","3","46","41.97265","-87.66491","(41.97265, -87.66491)"
"172640","832 890 W 103rd St","60643","Commercial","> 50,000 Sq Ft","2025","Washington Heights","73","34","41.69818","-87.66237","(41.69818, -87.66237)"
"102745","5309 5343 S Harper Ave","60615","Residential","> 50,000 Sq Ft","2025","Hyde Park","41","5","41.80224","-87.60333","(41.80224, -87.60333)"
"251609","8315 S Mackinaw Ave","60617","Municipal","> 50,000 Sq Ft","2027","South Chicago","46","10","41.74447","-87.54298","(41.74447, -87.54298)"
"101199","4934 S Wabash Ave","60615","Municipal","> 250,000 Sq Ft","2025","Grand Boulevard","38","3","41.80402","-87.62487","(41.80402, -87.62487)"
"233452","1155 N Dearborn St","60610","Residential","> 50,000 Sq Ft","2025","Near North Side","8","2","41.90345","-87.62968","(41.90345, -87.62968)"
"250074","2530 S Washtenaw Ave","60608","Residential","> 50,000 Sq Ft","2027","South Lawndale","30","24","41.84606","-87.69305","(41.84606, -87.69305)"
"252085","6850 S Crandon Ave","60649","Residential","> 50,000 Sq Ft","2025","South Shore","43","5","41.7704","-87.56991","(41.7704, -87.56991)"
"160329","50 W 71st St","60621","Residential","> 250,000 Sq F","2025","Greater Grand Crossing","69","6","41.76573","-87.62237","(41.76573, -87.62237)"
"103781","625 N Michigan Ave","60611","Commercial","> 250,000 Sq Ft","2025","Near North Side","8","42","41.89312","-87.62416","(41.89312, -87.62416)"
"174028","1201 W Washington Blvd","60607","Commercial","> 50,000 Sq Ft","2027","Near West Side","28","27","41.8826","-87.6571","(41.8826, -87.6571)"
"252252","635 W Grace St","60613","Residential","> 50,000 Sq Ft","2027","Lake View","6","46","41.95172","-87.64738","(41.95172, -87.64738)"
"250117","1525 S California Ave","60608","Commercial","> 250,000 Sq Ft","2027","North Lawndale","29","28","41.86036","-87.69567","(41.86036, -87.69567)"
"116966","9510  S Constance Ave","60617","Residential","> 50,000 Sq Ft","2025","South Deering","51","7","41.72724","-87.55514","(41.72724, -87.55514)"
"159963","6840 N Sacramento Ave","60645","Commercial","> 50,000 Sq Ft","2026","West Ridge","2","50","42.00615","-87.70564","(42.00615, -87.70564)"
"237798","2605 S Indiana Ave","60616","Residential","> 250,000 Sq F","2025","Douglas","35","4","41.84538","-87.62168","(41.84538, -87.62168)"
"251585","3730 N Oakley Ave","60618","Municipal","> 50,000 Sq Ft","2025","North Center","5","47","41.9495","-87.68666","(41.9495, -87.68666)"
"173880","6942 6960 N Wolcott Ave","60626","Residential","> 50,000 Sq Ft","2027","Rogers Park","1","49","42.01036","-87.6683","(42.01036, -87.6683)"
"251612","525 N Armour St","60642","Municipal","> 50,000 Sq Ft","2025","West Town","24","1","41.89131","-87.66548","(41.89131, -87.66548)"
"251750","5534 S St Louis Ave","60629","Municipal","> 50,000 Sq Ft","2025","Gage Park","63","14","41.79248","-87.71233","(41.79248, -87.71233)"
"255003","2211 N Milwaukee Ave","60647","Residential","> 50,000 Sq Ft","2025","Logan Square","22","1","41.92106","-87.69421","(41.92106, -87.69421)"
"251470","2101 W Monroe St","60612","Municipal","> 50,000 Sq Ft","2025","Near West Side","28","27","41.87995","-87.67917","(41.87995, -87.67917)"
"117189","4225  N Sheridan Rd","60613","Residential","> 50,000 Sq Ft","2024","Uptown","3","46","41.95402","-87.66203","(41.95402, -87.66203)"
"101766","181 W Madison St","60602","Commercial","> 250,000 Sq Ft","2027","Loop","32","42","41.88159","-87.63338","(41.88159, -87.63338)"
"250032","3843 N California Ave","60618","Municipal","> 50,000 Sq Ft","2025","Irving Park","16","33","41.95106","-87.69817","(41.95106, -87.69817)"
"251251","333 W Hubbard St","60654","Residential","> 250,000 Sq F","2027","Near North Side","8","42","41.88973","-87.63612","(41.88973, -87.63612)"
"254999","2950 N Sheridan Rd","60657","Residential","> 50,000 Sq Ft","2025","Lake View","6","44","41.93581","-87.63934","(41.93581, -87.63934)"
"256857","3426 N Elaine Place","60657","Residential","> 250,000 Sq F","2027","Lake View","6","44","41.9397","-87.66901","(41.9397, -87.66901)"
"113593","1335 1343 N Astor St","60610","Residential","> 50,000 Sq Ft","2025","Near North Side","8","43","41.90375","-87.63559","(41.90375, -87.63559)"
"256437","3450 S State Street","60616","Commercial","> 50,000 Sq Ft","2025","Douglas","35","3","41.84233","-87.62715","(41.84233, -87.62715)"
"103608","329 W 18th St","60616","Commercial","> 250,000 Sq Ft","2025","Lower West Side","31","25","41.85769","-87.63625","(41.85769, -87.63625)"
"103182","1000  N Lasalle Dr","60610","Residential","> 50,000 Sq Ft","2025","Near North Side","8","2","41.90375","-87.63559","(41.90375, -87.63559)"
"256746","6835 S Normal Blvd","60621","Commercial","> 50,000 Sq Ft","2027","Englewood","68","6","41.76985","-87.64316","(41.76985, -87.64316)"
"156711","20 N Michigan Ave","60602","Commercial","> 50,000 Sq Ft","2024","Loop","32","42","41.88264","-87.62496","(41.88264, -87.62496)"
"252042","6030 S Ellis Ave","60637","Commercial","> 50,000 Sq Ft","2027","Woodlawn","42","20","41.78489","-87.6015","(41.78489, -87.6015)"
"102331","4140 N Marine Dr","60613","Municipal","> 250,000 Sq Ft","2025","Uptown","3","46","41.95673","-87.64701","(41.95673, -87.64701)"
"255967","4545 W Division St","60651","Commercial","> 250,000 Sq Ft","2025","Humboldt Park","23","37","41.90412","-87.71241","(41.90412, -87.71241)"
"251860","1250 W Erie St","60642","Municipal","> 50,000 Sq Ft","2025","West Town","24","1","41.89352","-87.65846","(41.89352, -87.65846)"
"257122","812 W Adams St","60607","Residential","> 50,000 Sq Ft","2025","Near West Side","28","27","41.88321","-87.65877","(41.88321, -87.65877)"
"164283","929 E 103rd St","60628","Commercial","> 50,000 Sq Ft","2025","Pullman","50","9","41.707","-87.60043","(41.707, -87.60043)"
"160341","247 E Chestnut St","60611","Residential","> 50,000 Sq Ft","2025","Near North Side","8","2","41.89843","-87.61989","(41.89843, -87.61989)"
"159567","2623 2627 N Clark St","60614","Residential","> 50,000 Sq Ft","2027","Lincoln Park","7","43","41.9306","-87.64288","(41.9306, -87.64288)"
"251478","1340 W Harrison St","60607","Municipal","> 50,000 Sq Ft","2025","Near West Side","28","28","41.87478","-87.66106","(41.87478, -87.66106)"
"101798","225 W Randolph","60606","Commercial","> 250,000 Sq Ft","2025","Loop","32","42","41.88412","-87.63478","(41.88412, -87.63478)"
"141524","949  W Madison","60607","Residential","> 50,000 Sq Ft","2026","Near West Side","28","25","41.87399","-87.65168","(41.87399, -87.65168)"
"254024","11 S Green St","60607","Residential","> 250,000 Sq F","2027","Near West Side","28","27","41.8743","-87.65018","(41.8743, -87.65018)"
"244200","1250 S Michigan Ave","60605","Residential","> 250,000 Sq F","2025","Near South Side","33","3","41.86599","-87.62459","(41.86599, -87.62459)"
"101593","5034 5040 S Woodlawn Ave","60615","Residential","> 50,000 Sq Ft","2025","Kenwood","39","4","41.80224","-87.60333","(41.80224, -87.60333)"
"173763","425 427 W Roscoe St","60657","Residential","> 50,000 Sq Ft","2025","Lake View","6","44","41.93985","-87.65845","(41.93985, -87.65845)"
"236382","165 N Canal St","60606","Residential","> 250,000 Sq F","2027","Near West Side","28","42","41.88509","-87.6394","(41.88509, -87.6394)"
"251628","6740 S Paulina St","60636","Municipal","> 50,000 Sq Ft","2025","West Englewood","67","16","41.7711","-87.66678","(41.7711, -87.66678)"
"251591","2450 W Rice St","60622","Municipal","> 50,000 Sq Ft","2027","West Town","24","26","41.8971","-87.68855","(41.8971, -87.68855)"
"250041","1313 S Sacramento Blvd","60623","Municipal","> 50,000 Sq Ft","2027","North Lawndale","29","24","41.86436","-87.70083","(41.86436, -87.70083)"
"106223","4521 4523 N Malden St","60640","Residential","> 50,000 Sq Ft","2025","Uptown","3","46","41.97223","-87.6646","(41.97223, -87.6646)"
"257104","869 W Blackhawk St","60642","Residential","> 50,000 Sq Ft","2025","Near North Side","8","27","41.89441","-87.65955","(41.89441, -87.65955)"
"257186","4431 N. Clifton","60640","Residential","> 50,000 Sq Ft","2025","Uptown","3","46","41.88323","-87.6324","(41.88323, -87.6324)"
"119269","1101 W Lake St","60607","Commercial","> 50,000 Sq Ft","2025","Near West Side","28","27","41.88529","-87.65477","(41.88529, -87.65477)"
"251866","2040 W Adams St","60612","Commercial","> 50,000 Sq Ft","2025","Near West Side","28","27","41.87909","-87.67842","(41.87909, -87.67842)"
"158651","1350 N Lake Shore Dr","60610","Residential","> 250,000 Sq F","2027","Near North Side","8","43","41.90713","-87.62642","(41.90713, -87.62642)"
"256778","3939 W Devon Ave","60659","Commercial","> 50,000 Sq Ft","2025","Forest Glen","12","39","41.99044","-87.69967","(41.99044, -87.69967)"
"182200","5301 5317 S Hyde Park Blvd","60615","Residential","> 50,000 Sq Ft","2025","Hyde Park","41","5","41.79901","-87.58349","(41.79901, -87.58349)"
"158640","2000 - 2052 N Lincoln Park West","60614","Residential","> 250,000 Sq F","2025","Lincoln Park","7","43","41.91944","-87.63638","(41.91944, -87.63638)"
"234566","1410 N State Pkwy","60610","Residential","> 50,000 Sq Ft","2025","Near North Side","8","2","41.90827","-87.62921","(41.90827, -87.62921)"
"256781","754 S Wabash Ave","60605","Commercial","> 50,000 Sq Ft","2027","Loop","32","4","41.86926","-87.62626","(41.86926, -87.62626)"
"238712","899 S Plymouth Ct","60605","Residential","> 250,000 Sq F","2027","Loop","32","4","41.87086","-87.62856","(41.87086, -87.62856)"
"145637","4815 4835 W Belle Plaine Ave","60641","Residential","> 50,000 Sq Ft","2025","Portage Park","15","45","41.94615","-87.74708","(41.94615, -87.74708)"
"251890","2850 W 24th Blvd","60623","Municipal","> 250,000 Sq Ft","2025","South Lawndale","30","12","41.84864","-87.69785","(41.84864, -87.69785)"
"251917","2939 W Addison St","60618","Commercial","> 250,000 Sq Ft","2027","Irving Park","16","33","41.94663","-87.70194","(41.94663, -87.70194)"
"111466","939 W Huron St","60642","Residential","> 50,000 Sq Ft","2025","West Town","24","27","41.89983","-87.65764","(41.89983, -87.65764)"
"251427","6646 S Normal","60621","Municipal","> 50,000 Sq Ft","2025","Englewood","68","6","41.77322","-87.63687","(41.77322, -87.63687)"
"165606","220 E Chicago Ave","60611","Commercial","> 250,000 Sq Ft","2026","Near North Side","8","2","41.89722","-87.62105","(41.89722, -87.62105)"
"173495","7400 W Touhy","60631","Commercial","> 50,000 Sq Ft","2026","Edison Park","9","41","42.01161","-87.81152","(42.01161, -87.81152)"
"103644","200 N Lasalle Ave","60601","Commercial","> 250,000 Sq Ft","2026","Loop","32","42","41.88608","-87.63304","(41.88608, -87.63304)"
"252084","400 W 95th St","60628","Commercial","> 50,000 Sq Ft","2025","Washington Heights","73","21","41.72088","-87.63412","(41.72088, -87.63412)"
"251239","2701 S Indiana Ave","60616","Residential","> 250,000 Sq F","2025","Douglas","35","4","41.84459","-87.62201","(41.84459, -87.62201)"
